feature,gain,gain_norm,weight,cover
f12,6.986388694246609,0.010624720631305411,18.241666666666667,182193.47228190105
f31,6.709012899796169,0.008779139821281232,41.61666666666667,159759.03255615235
f273,6.2918847717087845,0.007033812688167092,20.310344827586206,174313.27476764546
f292,6.037786653076393,0.006912069248996231,11.681159420289855,122893.36534936877
f299,5.881401983174411,0.0062145396189668325,14.424242424242424,143836.99437505548
f22,5.637156357367834,0.007711585496726225,79.50833333333333,145545.53639322918
f309,5.5486461170135986,0.0063906787257541385,26.77777777777778,181719.35683283728
f32,5.5145469496647515,0.007576994112653113,39.74166666666667,229982.97556152343
f316,5.433660344282786,0.006078971011735211,20.4,160812.83111979166
f301,5.423741554457044,0.006019399301780377,15.492063492063494,130431.61854189918
f4,5.359724817673365,0.007357282169884077,81.10833333333332,152699.58217773438
f291,5.338197013606196,0.006109146613720839,11.753623188405797,144218.18923640595
f257,5.315838485371833,0.0060831234782812325,10.53921568627451,156896.59931736367
f305,5.170081015617129,0.0056905344372596475,17.174603174603174,168589.52542162698
f318,5.092846563568822,0.005827109537584795,27.01851851851852,206383.69711642794
f274,5.076739742838103,0.005757894818369593,19.06896551724138,150019.7260959669
f155,5.071133852998416,0.005877955377181158,5.458333333333334,81619.42214152018
f275,5.013927034948065,0.005689304948043152,16.2183908045977,134953.4635416667
f289,4.995362102985382,0.005640997355581079,14.416666666666666,144624.9155883789
f282,4.91884927543593,0.0059381502564931745,13.777777777777779,147297.19532455632
f290,4.892479183017344,0.005685535500565,12.507246376811596,128166.6980245839
f319,4.8876524037785,0.005587813788893923,33.7037037037037,208054.67553710938
f308,4.83380206823349,0.0054783668398160545,19.45,168104.33193359376
f317,4.8122942348321285,0.005581474825579405,26.78333333333333,186438.8356730143
f258,4.744100522249937,0.005528367287816525,11.65625,122636.8490749995
f314,4.65809199810028,0.005176479135767645,25.133333333333333,172979.6993815104
f313,4.603590526183447,0.0050903151043351445,33.58333333333333,179432.37415364583
f270,4.4912613794721405,0.005425538936278313,18.79310344827586,139306.15687052408
f259,4.473459355533123,0.005363565229954372,13.40625,139387.68327585855
f272,4.44413991084044,0.005101472683827876,15.436781609195403,154817.396484375
f276,4.420622273423205,0.005040716962917217,14.620689655172415,139627.04888179383
f297,4.374277663609338,0.004843383730866234,11.603174603174605,103838.29972694034
f256,4.367617878259397,0.005151416730312421,12.009803921568627,107922.638738894
f315,4.312652730941773,0.0047609003218226946,23.933333333333334,186707.5712890625
f294,4.312088175253435,0.005049487912103913,11.424242424242424,110448.83884493512
f311,4.310994013907417,0.004931991633357548,22.857142857142858,158425.14970858136
f287,4.299418730613513,0.0049960431445740154,15.217948717948719,144642.4969130296
f307,4.247591190867954,0.004690480579812981,18.19047619047619,137440.96061197916
f295,4.2405835049492975,0.004995637579042952,11.349206349206348,116020.34470912388
f266,4.215337767865923,0.005140871842035157,14.544444444444444,166008.1729784224
f262,4.150058633149272,0.004955645438407509,14.98989898989899,120587.72181285512
f300,4.136882471315788,0.004466622821330427,12.727272727272727,100167.69985684482
f271,4.085462975776059,0.004881424485106859,20.747126436781613,139816.4789309447
f293,4.019824789917988,0.004625464459613317,8.753623188405797,133748.4256370655
f29,3.992489345868429,0.0052616891164452674,31.09166666666667,123981.22759602864
f298,3.9894628542842283,0.004272164919844773,9.909090909090908,98458.57544870088
f306,3.9620735784371695,0.004511566282367615,21.383333333333333,171920.65177408856
f310,3.9369896934145974,0.0044686808540222904,17.365079365079367,165584.9554191468
f278,3.866329689820607,0.0044887624718836575,12.523809523809524,121694.59928966705
f285,3.832053655459557,0.004584085578735152,14.728395061728394,129777.61623354311
f303,3.7589263291586015,0.004107538225835467,15.50793650793651,105974.54929896763
f265,3.7301879074838427,0.00458481647978041,14.61111111111111,104577.35853814018
f279,3.6927247579608644,0.004324939228640175,13.047619047619047,106647.03316824777
f23,3.6602780212958654,0.00486476419655556,94.2,170705.60450846356
f321,3.629797352684869,0.0041900192600023865,27.933333333333334,150844.50655381946
f263,3.5730415781339007,0.004358503801526309,14.583333333333334,119059.04413414001
f267,3.5529797871907554,0.004411762896860924,18.24137931034483,131778.81927911166
f296,3.4981744705684603,0.004070031145786076,15.920634920634923,95617.17542278956
f253,3.497058894183185,0.004535541607376146,8.936936936936938,83295.5855130376
f264,3.4831095100730973,0.0042421140915234745,16.688172043010756,149581.20755890876
f277,3.4095736700913,0.003995494284734717,19.93103448275862,140692.47719249508
f284,3.3572501606411405,0.0040828294136641815,17.864197530864196,131062.63427282263
f255,3.3501919287222406,0.004160711057704042,13.546296296296298,99528.13228988647
f27,3.3495983292659126,0.004663003449344575,38.483333333333334,133956.59529622394
f261,3.348877429962158,0.004162191711446334,13.71875,104574.09974098206
f233,3.348252085539011,0.005072990432482502,11.632478632478634,123100.75578008145
f251,3.3464081412867497,0.004314877368494371,9.403508771929824,103936.35478665536
f269,3.333488922009523,0.0041779105902434105,16.71264367816092,122108.1540176567
f288,3.332550505797068,0.0038891565485174584,8.958333333333334,109160.19824049209
f304,3.31709389081077,0.0037071753959143756,14.92063492063492,126726.93210565476
f281,3.31486784381631,0.004025570562435133,17.666666666666668,132061.38876907915
f268,3.3057553946286786,0.004018425684451776,22.52873563218391,167662.3023751796
f245,3.3014594933442907,0.004487327910564713,5.912280701754386,88999.43029678077
f220,3.285612647732099,0.004454987184399262,9.133333333333333,94188.97377319336
f237,3.278840550205164,0.005230503642653629,10.859649122807019,98272.2881542005
f280,3.268585063162304,0.003944690102823329,14.511904761904761,99738.44290597098
f286,3.2612429138941645,0.0038723672210900116,17.794871794871796,132237.80903038612
f215,3.239772394038083,0.004902834583066264,7.798245614035087,89590.15888575504
f156,3.228066044994909,0.0038985472940358925,5.598290598290598,89583.86406740367
f249,3.211326929926872,0.004211395932902505,7.833333333333333,94607.62977294922
f30,3.191934834917386,0.0042543647021141846,14.533333333333335,56095.8368733724
f238,3.177466375333769,0.0048639949481873515,10.702702702702704,89303.92603501328
f254,3.17278237278397,0.0039833877998688896,14.333333333333332,103581.8577611425
f8,3.1658098538716635,0.0042849103601958274,7.966666666666667,58222.1585550944
f283,3.163532233532564,0.003967413566175137,17.75308641975309,142949.91005075714
f11,3.1531478064691916,0.004726297300105487,7.256410256410256,76382.83986044338
f219,3.1385696352037606,0.004554810979577159,11.11111111111111,113344.00508208967
f232,3.0869677932853374,0.004508452082372377,9.495726495726496,104491.63942151192
f216,3.0865736028068085,0.004637101415458131,9.025641025641026,86889.0894869291
f243,3.0652588330782375,0.004285553937834151,7.11965811965812,80047.47846163236
f320,3.055000826716423,0.0035018446053603873,27.645833333333332,172138.751953125
f312,3.0247825459828452,0.003375493739471657,20.460317460317462,148071.57231987847
f322,3.003224902682834,0.0034382564484807063,34.37777777777777,167884.678125
f252,2.9953179993070997,0.0038454607442657378,9.252252252252251,82825.80365375141
f332,2.9690056818502923,0.003482609085713767,30.851851851851855,130528.10163483798
f217,2.9602598312653994,0.004549289508304492,10.017543859649123,98314.38356660542
f3,2.9428154081106186,0.003929784787013307,30.48333333333333,144915.59021606445
f323,2.9376797782050237,0.0034389163416034467,37.77777777777778,172427.76703559028
f333,2.916899654600355,0.003423626209237878,28.22222222222222,129200.61766673901
f218,2.8960502982139587,0.004415962198431555,9.533333333333333,99635.19490458172
f330,2.878125954557348,0.0033212757209338554,30.11111111111111,148672.80222800924
f9,2.8450297911961875,0.004121921352052336,7.7606837606837615,68698.72230568911
f250,2.834944960398552,0.0036895265623426024,8.974358974358974,96173.97038438586
f302,2.798762195038073,0.0031253951077663458,13.242424242424242,90727.60817834103
f247,2.7817733384605146,0.003692535486137636,7.547008547008547,90791.38406711155
f25,2.7773584475119906,0.0039299208233137695,34.81666666666667,126605.8090657552
f140,2.7737795888331895,0.0036321122074092762,5.771929824561404,87567.11780608328
f236,2.772736708323161,0.004186848502603189,10.81981981981982,112267.06512193423
f324,2.7338787061827525,0.0031868238243300787,25.285714285714285,142673.19354538692
f153,2.7216859709503303,0.0035989552194892562,7.162393162393162,97868.38380679922
f246,2.70274328879821,0.0037588080410589897,6.564102564102564,61969.830415644195
f235,2.7027427080350046,0.003889103397029126,13.316239316239317,117869.71116586018
f28,2.6991811533768972,0.0036111625792844,21.975,88862.51527506512
f26,2.6951425661643347,0.003715747590808227,25.65,67347.08364257813
f241,2.6932861156630934,0.0038736378084860317,8.736842105263158,103102.35118839197
f331,2.6926820145712957,0.0031538369391016334,23.814814814814817,153327.68243634258
f221,2.6712702456702533,0.0037629802630031817,8.316239316239315,70563.71678556132
f212,2.6522436335555506,0.004123524456419544,9.598290598290598,72024.51588870317
f13,2.6489576528469723,0.003532689065376205,36.375,144105.44946289062
f230,2.6426525751749677,0.004036444341354805,9.033333333333333,70122.87768452962
f260,2.6333711608763664,0.0033875335216870905,11.559139784946236,87346.9612577705
f231,2.6172523345702734,0.003976255246195487,9.538461538461538,111735.57003340762
f227,2.604667638477526,0.003666708410378342,11.75438596491228,130311.02701729222
f229,2.589746137460073,0.003738942698162647,8.570175438596491,101415.29436292146
f163,2.5693227491880717,0.0034715267041571657,7.105263157894737,63739.548767625245
f244,2.5608280153356047,0.0035227333502916513,7.786324786324787,67782.95132941875
f248,2.5569979502604556,0.0034374566848966283,5.376068376068376,58446.57880290756
f334,2.5550814822868064,0.003014554525113478,25.555555555555557,149309.97319878472
f211,2.550064796941322,0.003965714753643947,6.587719298245614,76705.24429588986
f157,2.5467628077564077,0.003319677406708864,5.982905982905983,73452.71433147202
f213,2.5419969505017943,0.003976858210219525,8.954954954954955,68997.26364328196
f214,2.537272406053973,0.003996468773770884,10.612612612612613,94352.42353972014
f10,2.5201906243960064,0.0033785821373221473,26.05833333333333,231101.92762492498
f160,2.504217749102074,0.003327541065173779,6.035087719298246,74864.2933678878
f223,2.4926527213846517,0.003587908137140482,9.444444444444445,81746.34528448642
f1,2.4496479401985805,0.003554946383842565,8.716666666666667,87870.17762858073
f225,2.446824229680575,0.003432337726911441,9.444444444444445,95098.09525031717
f148,2.444727781656626,0.003501920989272565,6.225225225225225,68856.05756962407
f234,2.438389337062836,0.003469644554657955,13.1,105189.39296404521
f328,2.4269884758525424,0.002861658332332208,22.972222222222225,181853.06253729927
f224,2.4259593206593117,0.0035472415425483895,7.726495726495726,79005.80819206564
f222,2.407793275311462,0.0034219973699836747,7.188034188034187,75439.65838740423
f226,2.404409431417783,0.0034268406565112278,11.15,113903.6974029541
f0,2.39137358268102,0.003255939300806935,18.941666666666666,123769.15693766277
f208,2.380264795663064,0.003726454319578198,8.447368421052632,94303.62183366742
f329,2.3789612319734363,0.0027917245038613665,18.11111111111111,119308.71750217014
f326,2.3651605263734474,0.0027628866395149926,25.717948717948715,191997.15427183494
f37,2.364024405678113,0.003161026847960445,16.475,84492.47794291179
f240,2.363588485631857,0.0034673213780352786,7.306306306306306,78401.02677298881
f190,2.3623900708989205,0.0033743683585192663,11.05982905982906,75084.12477150942
f228,2.339351773262024,0.003325784918587769,9.760683760683762,87595.41510387974
f150,2.3360503472779928,0.0033419255286469634,5.684210526315789,65865.71916760896
f24,2.3344238857428232,0.0032196897440331445,32.825,79218.14494628906
f151,2.333178439684082,0.0031889707213920526,5.4035087719298245,69954.89458264802
f192,2.330401491915059,0.003358578376911987,11.102564102564102,94847.57449314737
f209,2.3280769555996628,0.003621171181757846,8.213675213675213,63632.83489631588
f325,2.3236382219526504,0.00271089465887024,27.355555555555554,148721.63854166667
f18,2.323335361480713,0.0031267734252458123,33.19166666666667,268414.4889160156
f141,2.3195997731298466,0.003120496708883972,6.239316239316239,66907.683983436
f210,2.318301893197573,0.0034603351284704952,6.606837606837607,76641.66373169728
f242,2.304428594154224,0.0032485581804810766,9.631578947368421,95715.81428179824
f44,2.2902475344507316,0.0031738879836077263,6.894736842105263,67322.848784865
f136,2.2855922718842825,0.0031055214993391802,5.808333333333334,62521.128299967444
f108,2.2822554059195936,0.0032420709085540815,6.105263157894737,108991.33999151933
f131,2.265172634575818,0.0032906034197177,5.90990990990991,85842.56136617574
f175,2.2607676080755286,0.00340897290459233,7.783783783783784,66130.1009399139
f145,2.248731874502622,0.003036581207329854,5.068376068376068,59413.24031627687
f137,2.24130031367143,0.0030810904499201375,6.058333333333334,72133.66272583007
f327,2.2402670872517123,0.0026241563399339077,22.76923076923077,148410.6026642628
f168,2.2386218388875325,0.0030893409356312226,6.158333333333333,55475.17758026123
f7,2.232634422183037,0.0030788790668046474,7.725,49178.80419209798
f5,2.2159180959065754,0.0030073333746942826,13.108333333333334,133348.11814460755
f2,2.2155929813782373,0.0032286678810786577,4.225,76743.42557576498
f19,2.2092799335718154,0.0031260031260613103,19.075,211839.47903645836
f193,2.201924580794114,0.0032339888315616825,9.085470085470085,79747.30173225077
f239,2.186138556553767,0.0031679216568444614,7.529914529914531,92047.45322203025
f135,2.1837070534626646,0.002932878763257285,5.316666666666666,62384.67131843567
f167,2.1750323504209517,0.0029882164014986353,6.533333333333333,61731.63401266733
f171,2.169573087441294,0.0031172883564268947,7.719298245614034,48466.603072317026
f133,2.1532925566037497,0.003067321361730726,5.482456140350878,67626.1701965332
f126,2.143284472135397,0.003097438640393264,5.786324786324786,72294.91686731322
f123,2.1295285041515646,0.0030830296108028976,7.547008547008547,77858.63555647369
f51,2.1183873414993286,0.0027994099246457,10.25,89770.01419347127
f162,2.114047282271915,0.0030087375487221303,6.185185185185185,63153.70325166208
f154,2.108843612874675,0.0028595095723375564,5.658119658119658,69275.60952797915
f63,2.1083288841080248,0.00303342075045655,10.833333333333334,173271.7289011102
f159,2.1016303062438966,0.0027463736309254723,4.708333333333334,56682.674975776674
f152,2.101457427938779,0.002824517970376763,5.408333333333333,64333.174047342945
f40,2.1007351408402126,0.0028616711534228973,12.525,128395.64921671551
f52,2.0995406081279118,0.0028567038507392125,9.875,95681.324349912
f198,2.0943046034428114,0.0031327089955222286,6.184210526315789,73106.47447552597
f189,2.087944569888416,0.003107792379175,11.198198198198197,76859.51310166367
f53,2.0793567419052126,0.002832240633468775,6.9,61324.27660140991
f106,2.076850327849388,0.0029606606450826274,5.575,65246.586382166555
f48,2.074459622048924,0.0029115360280023437,7.102564102564102,72146.31737863916
f38,2.0664925863345465,0.0027915289175286574,12.85,110601.00367177327
f110,2.056398139711012,0.002927482544982721,7.043859649122807,79664.24318761993
f165,2.0553798746858907,0.002874243740697718,7.0,64462.04895854201
f61,2.055344376464685,0.002841736751275155,8.675,92403.87020187378
f195,2.054777652025223,0.0029337049710497264,8.192982456140351,61379.79358820329
f146,2.044692313461973,0.0028011169165759893,6.157894736842105,65319.31695369253
f118,2.0395397151771344,0.0029830553809165185,5.885964912280701,69949.47637122974
f107,2.032944875851012,0.0029915419000044055,7.517543859649123,106701.18199612801
f119,2.0318843826913,0.00305196662913645,6.7105263157894735,69195.03477504799
f128,2.0309115678836136,0.0029564586683162716,5.735042735042735,62252.60906956339
f341,2.019498149553935,0.0024384659570301,9.5,147204.4544270833
f112,2.0165523728753767,0.0029686167193728693,5.213675213675214,57436.54311638205
f194,2.01502820263561,0.0029182471881866665,7.316239316239316,70415.25944792919
f170,2.013169374068578,0.0028236407121498774,5.95,54683.507174682614
f197,2.0117062727610273,0.0029834282119436946,8.045045045045045,66016.6995530687
f132,2.010988245662461,0.002853350122461933,5.299145299145299,66095.78988060585
f158,2.008133137327993,0.0027188759091004333,5.726495726495727,82296.28279452854
f172,2.0063611530421075,0.0028571295185659184,5.482456140350878,42653.43238241631
f335,2.002679739679609,0.002376743570977557,25.047619047619044,124022.05731273834
f130,2.002111054303353,0.0028660259897371103,5.447368421052632,65994.55279915793
f50,2.0014755974213285,0.0027364855006724,6.633333333333333,56602.398250325525
f178,2.000817650403732,0.0029750057541136975,5.333333333333333,43004.925886105266
f127,1.9953618767084902,0.002947053884108825,6.333333333333333,56377.84690645006
f42,1.9943350354830425,0.002760223237564295,5.05,44702.64643554688
f121,1.9935235447353785,0.0029565569988663333,5.923076923076923,54804.152216463
f161,1.9867584255703707,0.002685093911143263,6.333333333333333,67524.94631958008
f338,1.9833015124003093,0.0024069418297137596,21.133333333333333,198801.12890625
f46,1.980139902004829,0.0027563907397674947,6.717948717948718,61773.01644297542
f35,1.9791919877131778,0.002754153883372175,15.491666666666665,104919.01552937824
f143,1.975547844903511,0.002770352586925134,5.614035087719299,59904.43548691065
f337,1.972148709826999,0.00236993120387935,18.333333333333332,164712.28700086803
f125,1.9711039134284905,0.002892169171841021,6.06140350877193,50095.8802055225
f191,1.9616533273305647,0.0029013957872869025,10.41025641025641,97912.39013567542
f138,1.9603577251108284,0.0027075202634657897,6.982905982905982,75370.64126032642
f183,1.9591375106089823,0.0029557987174460027,8.027027027027026,59987.93042102161
f39,1.950575475891431,0.002661697527545285,8.808333333333334,77501.73526674906
f17,1.9503581543763477,0.0027029653591247524,11.6,121370.9700744629
f164,1.9494784181578115,0.00270795474343125,5.93859649122807,53339.96460389255
f56,1.9461201161146164,0.0026433606436330253,5.816666666666666,50715.163792673746
f185,1.9454202229141169,0.002753585405752692,6.6239316239316235,43699.057502485746
f34,1.945062239964803,0.002785453517535895,13.758333333333335,62417.09743550619
f124,1.9447991328361707,0.002799045800057305,7.504273504273505,78355.3505567241
f187,1.942793034670646,0.002905097708254229,5.333333333333333,47546.40114837781
f184,1.941668149149209,0.0028463000788652,6.947368421052632,63260.694062216244
f6,1.937232385079066,0.00269950823511146,7.191666666666667,50181.15822347005
f149,1.9364684117146027,0.002648372248158123,5.256410256410256,66573.1617533366
f206,1.9342862089474995,0.0027209353062514425,5.641666666666667,77599.32820587158
f36,1.9324113061030705,0.0027426786185740476,13.908333333333335,88395.89835758209
f202,1.9248311163013818,0.002756923121564762,6.521367521367521,47718.358810229176
f58,1.921987505040617,0.002617657254665805,5.435897435897436,79199.2773146018
f111,1.917514177469107,0.0027445154266243794,6.0085470085470085,96963.8703696748
f114,1.9150382562687522,0.0027952988880940105,4.859649122807017,53145.08180812367
f117,1.9143788294914441,0.0027833558722001025,5.136752136752137,57139.689812032586
f173,1.9101418694879255,0.0027953601823414898,6.418803418803419,40392.41783099704
f339,1.9035058498382569,0.00231143948312106,8.866666666666667,119622.84361979165
f196,1.9006223627644727,0.0026953564453418536,6.521367521367521,56092.0537983169
f33,1.9001948058605194,0.0027106058259535925,28.73333333333333,140286.43558756512
f336,1.8947658311753044,0.0022259335750352,10.904761904761903,94822.74069940475
f204,1.891442209227472,0.002642185148264523,5.213675213675214,41642.85946524857
f340,1.8872397541999817,0.002286976639439,6.166666666666666,62175.6796468099
f122,1.8869105736414593,0.0027540534870526172,5.241666666666667,52811.44850107828
f142,1.886495950894478,0.002636995394831285,5.641025641025641,61342.62398727939
f144,1.8829521385201236,0.0026408504640069792,4.368421052631579,45435.723659046904
f116,1.8792846783613548,0.0027396638165130974,5.119658119658119,48052.54817395333
f109,1.876720746867677,0.002667889998961441,5.461538461538462,80473.76164441231
f207,1.8725096865704185,0.0027415736401142474,6.754385964912281,93203.20629989891
f139,1.8711195022631915,0.0025959104942768155,5.487179487179487,60120.41792714697
f80,1.8683687524917798,0.002545241656903228,4.547008547008547,61414.02760184524
f169,1.8599024425473132,0.002618404411923326,5.640350877192983,62833.352251822485
f134,1.8591100613276166,0.0026437434134724625,5.1,63210.014027913414
f76,1.8563765330357596,0.0026072600417712186,6.846846846846847,74153.20788776982
f166,1.855081132054329,0.0025440959842675153,5.708333333333334,62986.76128460566
f77,1.8506396616760052,0.0025445071015209237,5.947368421052632,107761.54235705994
f91,1.8431774622354753,0.002562546399649059,8.076923076923077,59924.04576280382
f54,1.8427480593323708,0.0025094151281605777,6.925,103039.12034079233
f104,1.8379472382048259,0.002654575660397372,4.846153846153846,61981.9593564547
f115,1.83309353441,0.0026789272389142827,4.958333333333334,54533.71480382284
f177,1.8287105066282254,0.0027523937226797894,6.072072072072072,34806.29721481736
f176,1.8284649333438359,0.0027272378601582432,6.594594594594595,38097.27541261965
f147,1.8279651591652317,0.0027189597611574786,5.745614035087719,72048.0374804045
f120,1.8254619928506703,0.0026084239730693255,5.256410256410256,64250.1740513989
f179,1.8247707185582216,0.002713018902238246,6.598290598290598,46062.959114792
f200,1.8240455556334112,0.002632233244849553,5.7894736842105265,48862.14203724108
f199,1.8192364711452411,0.0026585296441650696,5.0,63734.06088426378
f180,1.8165912467080194,0.002625973028443957,7.909909909909911,59020.14810294074
f74,1.8150398711363476,0.00250747402034295,6.183333333333334,83218.84320017496
f75,1.814959732691447,0.0024569879772377177,8.058333333333334,83171.315918986
f59,1.8095949941927247,0.002610953144605551,5.765765765765766,59687.6805271458
f205,1.8066896806415331,0.0025141630675916257,5.401709401709401,56186.46283219818
f90,1.7881035240920815,0.0025464982204046432,6.45045045045045,81753.13920826954
f174,1.7794834804964497,0.0026345439061777596,7.288288288288289,43614.356755849476
f105,1.7756291597317426,0.0025906331500648357,5.683760683760683,67010.98989320413
f129,1.7706271848108015,0.002565916085232477,4.897435897435898,54930.09513418084
f72,1.7609617720302355,0.002493073943132746,4.905982905982906,46061.451529478414
f113,1.7524756491184235,0.0025586384906176336,5.731481481481482,50462.044858579284
f79,1.750430855128142,0.002414803807588235,4.936936936936936,38293.63158918501
f186,1.7485882400447486,0.0026658867146748333,6.743589743589744,45382.97409787952
f78,1.7485204663193017,0.002420632659197255,3.9912280701754383,38991.19243936371
f101,1.74349372010482,0.002561521154359313,5.728070175438596,71130.84883733382
f102,1.7410951026698998,0.002578843649706945,4.964912280701754,45954.8283447801
f55,1.740784264018393,0.002413574913694223,5.256410256410256,74207.4954922668
f201,1.7401239057381948,0.0024746507829298972,5.225,51244.82271525065
f14,1.7397363995512325,0.0024074422606195902,14.275,128108.32682495117
f88,1.7380821546937666,0.0023716691364728463,4.760683760683761,47013.23883995643
f21,1.736794748821774,0.0025089380998051538,6.576576576576576,29830.667292620685
f89,1.7334026495615642,0.00240254514807609,5.95,66444.78247795106
f99,1.7209802488995412,0.002461947947777215,5.521367521367521,54744.51795225877
f60,1.7172650628619726,0.0023759843458414486,6.666666666666667,64888.614458067794
f182,1.707814473854868,0.0024582106059101395,7.824561403508771,70779.14425284402
f43,1.703872033378534,0.0024116140615665868,4.324561403508772,40542.15650002998
f203,1.6987907917071612,0.0024177704747484923,5.794871794871795,48545.81192720853
f68,1.6966453754065332,0.002434371174131884,7.885964912280702,138257.84279030247
f41,1.695480313565996,0.0023070769345385203,11.863247863247864,87381.31141701723
f49,1.6949572385403149,0.0023516734088096843,4.578947368421052,35338.858136762654
f57,1.6786759750455873,0.002345023036434018,5.0598290598290605,51686.617761334805
f188,1.6726660830342872,0.002487612810382182,8.931623931623932,62673.569342784394
f73,1.6696986693602343,0.002387036264210849,5.0598290598290605,36962.93594177767
f87,1.6586782096797583,0.0023258013194770847,4.948717948717949,48228.39070820605
f95,1.657550187798234,0.0024091245893370296,6.693693693693693,114491.27790241413
f62,1.64338887654818,0.0023829127638348257,5.735042735042735,45111.780343601844
f103,1.6277963086071177,0.002426093196232864,5.205128205128205,51336.06150048411
f181,1.6222044594653018,0.0023586850355092216,5.081081081081081,34752.98772382306
f71,1.6203489268819493,0.00227601416047631,4.233333333333333,34473.56430317561
f15,1.6200167982427922,0.0023590106074483515,6.873873873873874,54777.39650362032
f67,1.612573140376323,0.0023925257354226247,4.972972972972973,32234.671314445703
f64,1.6034000014003955,0.0022954367416571815,5.201754385964912,73834.05193964641
f92,1.6030178169409435,0.002287696187877025,5.842592592592593,84967.78419777198
f47,1.5980717514315224,0.0022601290301928487,5.273504273504273,38811.91558055388
f81,1.5974374408395882,0.0022904939881501743,5.7094017094017095,59526.88191392687
f20,1.583945877917178,0.0022727591675393024,5.864864864864865,70210.34577048362
f70,1.5808798552633405,0.002316919711347219,4.684684684684685,72339.5212031184
f85,1.5585527934579768,0.0022178123312260383,4.162393162393163,40855.27942996555
f96,1.5562007062070005,0.0023075917205368267,5.837837837837838,54900.98011484232
f100,1.5560569859839775,0.002268589411183357,4.891891891891892,54314.27724449914
f86,1.5522972972769487,0.002222275062061479,4.4035087719298245,31344.990304110346
f69,1.5518196495170267,0.0022683451923172027,4.897435897435898,68167.7262279804
f65,1.5465861290424792,0.0022465077808048782,4.531531531531531,41553.28889149159
f93,1.5449134009516137,0.0022232315757561385,4.948717948717949,51492.34627872043
f45,1.5319096263040577,0.0022291950005373156,4.517543859649122,30025.193540472734
f94,1.4902583779515446,0.002198292835943454,4.738738738738739,28880.09036529816
f82,1.459482256780591,0.0020545280736660658,3.903508771929825,39790.31629488761
f16,1.452846330508851,0.002081193818930482,4.473684210526316,25555.735849748577
f97,1.448853238208874,0.002162070461677792,5.45945945945946,32670.897324158264
f66,1.4353534249882949,0.0020848419673480424,4.745614035087719,40741.73300304747
f98,1.4293495981316817,0.0021151543180310474,5.859649122807017,55406.58190971509
f84,1.4221268179070237,0.0020382102296332564,3.5213675213675217,27788.705051519933
f83,1.3800056990202483,0.0020090185061953244,4.018018018018018,35469.193218059365
