feature,category,gain_mean,gain_std,gain_norm_mean,weight_mean,cover_mean,pct_years_active,mean_rank,std_rank
rmax5_21d,Other,14.300759356597375,7.488213146901719,0.016530018730555627,51.4712643678161,289811.4589619253,0.725,5.551724137931035,6.395233754783722
ebit_mev,Value,12.220833729704221,9.259627549616713,0.016967385787630553,8.95,186361.96044921875,1.0,14.575,25.97917065058675
ebitda_mev,Quality,11.878274740775426,6.800767537500967,0.015108094925398169,9.608333333333333,178975.0795578003,1.0,12.175,38.295000343152516
ocf_me,Value,10.253549079100292,9.210219285576878,0.012471268861966365,9.0,199404.44408365886,1.0,17.1,22.384518459566348
fcf_ppen,Other,10.14409674803416,13.032751503770797,0.012658386290705157,10.241666666666667,154225.6604817708,1.0,27.65,30.382645181174208
rmax1_21d,Other,8.799600268232412,5.633949554452422,0.010118996600588013,13.494252873563218,148098.9767420977,0.725,15.724137931034482,13.737062879368509
ebit_me,Other,8.743470146258671,4.869535187346606,0.012648838633312107,18.025,194482.12649739583,1.0,11.3,7.335197898157092
ocf_mev,Value,8.294987739125888,5.7990807034208895,0.010413570063066004,8.108333333333333,135918.85344238282,1.0,23.625,32.96671787089953
mispricing_perf,Other,7.564133379856746,3.678965587143265,0.009808125514065399,19.025,168390.60838216144,1.0,13.425,9.922488056468966
prc_low,Momentum,6.986388694246609,4.649344760207222,0.010624720631305411,18.241666666666667,182193.47228190105,1.0,39.025,42.55403051205035
ni_me,Value,6.827206296722094,4.412498411091241,0.009887028718048151,13.558333333333334,154754.41705729166,1.0,21.275,16.04798493620992
ret_12_1,Momentum,6.709012899796169,3.217476986838828,0.008779139821281232,41.61666666666667,159759.03255615235,1.0,15.35,12.528019877509854
ivol_capm_21d,Risk,6.677518915856021,3.5396680799303657,0.00792835616294262,24.379310344827587,133067.87987158765,0.725,20.586206896551722,14.467987423913602
ebitda_me,Quality,6.605508894224961,4.855073164244433,0.008515267300488908,12.233333333333333,138020.48935750325,1.0,30.675,38.67046013664031
cop_mev,Quality,6.309994075695673,2.973578884950459,0.008152426622189228,20.275,157346.08904215496,1.0,17.35,16.56773199897148
rvol_21d,Other,6.282502774534555,3.1370893601977734,0.007349962172521283,26.52873563218391,142460.898123204,0.725,21.24137931034483,14.26197535009437
cop_me,Quality,5.923192591468493,3.552751877252347,0.00767114813675108,12.15,123493.15137532551,1.0,18.175,11.290766592947099
ret_1_0,Momentum,5.637156357367834,1.8823681402644605,0.007711585496726225,79.50833333333333,145545.53639322918,1.0,15.5,6.080654485691402
fcf_me,Value,5.5322710707783695,7.216467731086876,0.006514934813919809,6.725,121233.1654094696,1.0,78.675,74.74516964068906
ret_12_7,Momentum,5.5145469496647515,2.1720685899769454,0.007576994112653113,39.74166666666667,229982.97556152343,1.0,23.075,20.30585048951568
ret,Momentum,5.359724817673365,1.5854054568656388,0.007357282169884077,81.10833333333332,152699.58217773438,1.0,16.4,5.719063936317928
fcf_mev,Value,5.281345349550247,4.677853398466103,0.006330428891020879,8.0,124719.91222623189,1.0,80.825,93.53701790173083
prc_highprc_252d,Momentum,4.906642883673482,2.0931034621810936,0.00580397978720238,53.49425287356321,135367.1255387931,0.725,26.344827586206897,7.2322485244363515
niq_at,Quality,4.47708193163077,3.1337500008829764,0.005713286329392215,24.858333333333334,222563.05538736976,1.0,38.875,24.432206046685437
at_mev,Size,4.454731845855713,1.590170631474135,0.006172210617933337,18.175,108869.21103515624,1.0,31.075,24.870317495112367
niq_be,Quality,4.365466141700745,1.4385178043751818,0.005999639330971458,36.06666666666667,242158.83232421876,1.0,27.3,9.738109119884067
ocf_at,Other,4.354181635379791,3.6237628821015058,0.005846170823972205,4.141666666666667,58600.24008789063,1.0,99.775,107.50372384724932
sale_mev,Value,4.162003966172536,1.6993294118689954,0.0056056234256164775,15.391666666666666,90446.81868489584,1.0,29.475,11.091663536187887
aliq_mat,Other,4.0570038344178885,1.8043396180828108,0.0047076535632261576,10.880952380952381,72470.72331310454,0.7,60.714285714285715,68.47430290795342
fcf_sale,Other,4.018941768010458,1.9350634346229212,0.00560422678323964,7.2666666666666675,85389.64825032552,1.0,45.55,37.46926945973399
ret_9_1,Momentum,3.992489345868429,1.7278433751496256,0.0052616891164452674,31.09166666666667,123981.22759602864,1.0,34.3,12.312595177297109
nix_me,Other,3.9602787117163336,1.998720133736238,0.005679194139024413,10.875,112846.41593297322,1.0,44.075,27.69003106738634
cop_at,Quality,3.8431983480850853,2.2194993510404775,0.0050692450411490625,10.35,127460.93869222005,1.0,55.675,45.226148268225174
ocf_sale,Other,3.7835551500320435,2.1447324764437954,0.005189366779026535,5.25,66592.58780619303,1.0,57.65,64.19144043905719
fincf_at,Other,3.6862102737029394,2.090859355612265,0.00465371608822015,7.066666666666667,150868.62779744464,1.0,74.85,74.07811192698331
ret_2_0,Momentum,3.6602780212958654,1.5262915135783375,0.00486476419655556,94.2,170705.60450846356,1.0,38.425,11.597717503114621
noa_gr1a,Accruals,3.609373570481936,1.5664299313859567,0.004854709127723417,10.45,158691.34716186524,1.0,45.9,22.789786286280943
sale_me,Value,3.5982527673244475,1.592894020113328,0.004740451502577985,12.733333333333333,95756.02549641927,1.0,56.8,49.9405800773433
be_me,Value,3.5887542208035788,1.0601377387926247,0.00491055945142007,32.19166666666667,201062.3048828125,1.0,35.875,8.823591628739921
ocfq_saleq_std,Other,3.4989862607585063,2.171408987345355,0.004039334398801934,7.277777777777779,41386.588623046875,0.3,71.5,44.61043497984422
eq_dur,Other,3.4327409833669664,1.3039406050589393,0.004766591589649868,11.1,93964.09711914063,1.0,50.6,34.704466571321916
ret_6_1,Momentum,3.3495983292659126,1.20212833210026,0.004663003449344575,38.483333333333334,133956.59529622394,1.0,50.675,27.56194654656847
zero_trades_126d,Other,3.3136242519725454,1.0251046289198635,0.0041535324993515,44.98989898989899,154895.7724905303,0.825,49.93939393939394,10.207042280759502
gp_me,Quality,3.3073187867800393,0.9991617888566358,0.004569570665850665,19.041666666666664,201595.639453125,1.0,48.1,20.278572751071824
at_me,Size,3.21109581887722,1.2789994395361866,0.004270291005766123,11.066666666666666,122163.05052083332,1.0,58.025,29.19825029882476
bev_mev,Other,3.208334298928579,1.2052251472805777,0.00425622222315835,15.925,174946.00496215821,1.0,54.675,26.44334776509284
ret_12_0,Momentum,3.191934834917386,1.56234317623366,0.0042543647021141846,14.533333333333335,56095.8368733724,1.0,60.45,28.14518221741125
ivol_capm_60m,Risk,3.1858771569801103,0.8871900270771504,0.003577860470680291,23.10606060606061,196688.77858664774,0.55,71.86363636363636,19.114430984506757
sales,Other,3.1658098538716635,0.9901094546853227,0.0042849103601958274,7.966666666666667,58222.1585550944,1.0,58.525,40.546261960560045
prc_high,Momentum,3.1531478064691916,1.7232441137909345,0.004726297300105487,7.256410256410256,76382.83986044338,0.975,87.76923076923077,76.49990076996025
gp_mev,Quality,3.1527361045281093,0.8978923000941518,0.0043870005896185305,14.841666666666665,141810.55475260416,1.0,52.3,20.30435092946009
zero_trades_21d,Other,3.149911748427971,0.9184043585308687,0.004039562852918129,72.80392156862746,209895.6686963848,0.85,55.705882352941174,16.417893807570103
zero_trades_252d,Other,3.130692017575105,0.931123686678049,0.003903898251186878,49.552083333333336,168777.25546264648,0.8,57.46875,10.969119043051961
cop_bev,Quality,3.1000944703817366,1.2710692330921494,0.00428058082659267,11.241666666666667,117211.72642962138,1.0,65.8,35.56301737940982
dolvol_126d,Momentum,3.096420525300382,0.8333885622684263,0.003908112780880088,25.62626262626263,100719.36390269887,0.825,56.484848484848484,11.992500813323955
bidaskhl_21d,Other,3.0546528858443103,0.8993588846836635,0.0038099619269385656,28.489583333333332,130270.88773600261,0.8,64.8125,28.390636234618825
rvol_252d,Other,3.053031637750823,1.0516962048376033,0.0036711467947332203,15.10344827586207,85140.41810344828,0.725,73.06896551724138,34.52217820731102
ocf_cl,Other,3.0063587197086266,1.8931317954982438,0.0041836195493736815,5.447368421052632,58646.5850252185,0.95,105.71052631578948,93.06083679863109
ope_me,Other,2.9809063692887623,1.4632855286380162,0.0041568854540789905,5.916666666666666,59344.78383483887,1.0,85.425,67.61121417376916
ivol_capm_252d,Risk,2.9700013179888667,1.2599349567162426,0.0035399108080024035,14.03448275862069,103556.49843974496,0.725,79.72413793103448,29.246363084913327
dolvol,Momentum,2.9428154081106186,0.964338357513834,0.003929784787013307,30.48333333333333,144915.59021606445,1.0,64.525,30.43613532190533
rvolhl_21d,Other,2.927777837961912,0.8228098342989791,0.0036800303806456907,52.916666666666664,209459.6966145833,0.8,66.0625,16.77736089823657
rmax5_rvol_21d,Other,2.8958283957139943,1.0845381115016717,0.003396340915156115,31.271604938271608,242707.75245949073,0.675,84.66666666666667,23.507772855278837
mispricing_mgmt,Other,2.885954911013444,1.4267991675872462,0.0037658841007853624,8.716666666666667,121847.10064493815,1.0,84.375,54.26510778646738
be_mev,Value,2.8793056269486743,0.7084329125266353,0.003966756619687362,12.433333333333334,109189.79395751953,1.0,61.25,25.033055070323446
turnover_126d,Momentum,2.8563361974677655,0.7155888428397896,0.003603647824410918,31.111111111111114,119753.82871685606,0.825,69.48484848484848,12.857685474360299
eqnpo_at,Other,2.8466880222161612,1.5972623340809422,0.003743688960165568,5.991666666666666,52611.237327702846,1.0,88.475,48.34543836037077
net_income,Other,2.8450297911961875,5.4970845174376315,0.004121921352052336,7.7606837606837615,68698.72230568911,0.975,136.4102564102564,46.23550580777662
ppeinv_gr1a,Other,2.8346579651037853,1.1493289466980678,0.003916910341986508,6.708333333333333,54890.503100585935,1.0,85.55,48.06243268809264
fincf_mev,Other,2.814915728569031,1.7492747177365695,0.0035707591788413677,4.491666666666666,65748.69492359161,1.0,122.55,84.49698826373057
roeq_be_std,Quality,2.801728677749634,0.19983985422131245,0.00340220514581034,11.4,103604.51067708332,0.125,60.2,8.46758525200662
ret_3_1,Momentum,2.7773584475119906,0.6264531503805741,0.0039299208233137695,34.81666666666667,126605.8090657552,1.0,69.225,31.628036491500584
seas_1_1an,Other,2.7285827080408733,0.9306383850802695,0.0037543500370558146,29.05,203483.6237467448,1.0,81.025,43.15772355632423
eqnetis_at,Other,2.7271622220675154,1.5539003324465188,0.003507382780105533,5.05,64455.66852416992,1.0,112.575,68.24611851459167
ret_9_0,Momentum,2.6991811533768972,0.9787886747085234,0.0036111625792844,21.975,88862.51527506512,1.0,77.4,22.862801497360124
ret_6_0,Momentum,2.6951425661643347,1.0129547781516277,0.003715747590808227,25.65,67347.08364257813,1.0,80.85,31.613491115547824
ret_36_12,Momentum,2.681234409014384,1.4021844147807956,0.003051880963048412,13.786666666666667,110692.860625,0.625,135.48,59.78929670099826
be_gr3,Value,2.6647262175877886,0.9957015166209858,0.00293802867899934,6.95,107895.5736328125,0.5,129.0,56.82382747071031
ami_126d,Other,2.6620441132121617,0.6132252766840897,0.0032817172867808933,18.688888888888886,99515.62393663195,0.75,81.7,13.165131585182598
cowc_gr1a,Other,2.649918293952942,0.760468036050984,0.003805045801682825,12.133333333333333,130356.86405029296,1.0,83.225,51.39863686708894
tvol,Other,2.6489576528469723,0.8127510428062215,0.003532689065376205,36.375,144105.44946289062,1.0,80.525,29.9700598461112
ppen_mev,Other,2.6385949462652207,0.6777229314301396,0.0036633681188698803,15.466666666666665,123086.04314575196,1.0,74.425,34.7864455624859
op_at,Other,2.5825756818056105,1.0870773734017083,0.0033956877851357924,6.6083333333333325,81832.23813781739,1.0,98.6,58.44953992931611
eqis_at,Other,2.5585360656181972,1.3344311441892858,0.0033332988155728655,5.508333333333334,39449.132716369626,1.0,118.225,57.44718310025171
niq_at_chg1,Quality,2.5555841289125047,0.4913425886091715,0.00359248211616353,13.072072072072073,137636.17183980858,0.925,82.35135135135135,48.014590500189634
cop_atl1,Quality,2.5364765043844257,1.165859519559931,0.0035391346866601235,6.0438596491228065,72762.58779104133,0.95,95.3157894736842,66.86658975180029
ocf_be,Other,2.5275996890332966,0.8290176721441336,0.003857656604987086,5.305555555555555,32865.15630820945,0.9,112.25,101.0073193953219
inv_gr3a,Accruals,2.5225764989852903,0.9846444451690505,0.002832888585576885,8.916666666666668,151883.34720662434,0.5,147.3,72.55712812746424
noa_at,Accruals,2.5211282104253767,0.8015886764802932,0.0033882255686880523,12.066666666666666,151577.47715250653,1.0,90.825,34.524526770369334
bidask,Other,2.5201906243960064,0.832576209242888,0.0033785821373221473,26.05833333333333,231101.92762492498,1.0,95.4,52.75040405726889
eqnetis_me,Other,2.4663339333656507,1.3345402682518581,0.003223135481979146,4.478632478632479,58359.724240555726,0.975,124.94871794871794,67.21330880035617
prc,Momentum,2.4496479401985805,1.1281420216171063,0.003554946383842565,8.716666666666667,87870.17762858073,1.0,117.875,63.02388131006067
saleq_gr1,Other,2.436541376511256,0.7275323949390653,0.0033330923403202045,27.78333333333333,230395.7303934733,1.0,89.45,28.203427687664725
gp_at,Quality,2.4318726758162184,0.7097229958687514,0.0033947663251887297,12.416666666666668,156395.58297526042,1.0,108.0,62.179228125286414
inv_gr1a,Accruals,2.421346269051234,0.6841391597522883,0.003326621316899615,15.783333333333335,228104.75916341148,1.0,100.125,41.21748913090668
dp_gr3a,Other,2.4181760121614504,0.36425036173880665,0.0028194850457888155,17.256410256410255,185863.38461538462,0.325,106.46153846153847,27.729693424845095
div_ni,Value,2.3948962709925197,1.6161273455879057,0.0038316848502277646,5.8108108108108105,45134.373110934415,0.925,159.32432432432432,101.6814344613318
me_company,Size,2.39137358268102,0.7091071460343654,0.003255939300806935,18.941666666666666,123769.15693766277,1.0,96.975,23.447144596807302
gp_bev,Quality,2.388373685876528,0.7013310415737156,0.0033469526152228152,9.016666666666667,120639.99731852215,1.0,109.1,66.86910290318633
niq_su,Quality,2.366716899655082,0.6019743886907633,0.0027681297004727183,9.984848484848484,99880.23276959044,0.55,107.68181818181819,44.41941484963997
sale_be,Other,2.35780564447244,0.43158760606369523,0.00327702559843828,8.325,49218.45434163411,1.0,92.35,29.58650939975073
opex_gr1,Other,2.35184468626976,0.8076488040360544,0.0031757383557750726,7.458333333333333,63900.68535359701,1.0,107.475,50.70325306915595
beta_252d,Risk,2.3506932916312384,1.053020898894195,0.0027991745427974517,16.5632183908046,94366.06804507902,0.725,153.55172413793105,56.62192041887295
ret_3_0,Momentum,2.3344238857428232,0.5534038315500298,0.0032196897440331445,32.825,79218.14494628906,1.0,101.225,32.969673322226875
oa_gr1a,Accruals,2.327953883012136,0.9551436601753016,0.0031247802884138073,5.0,75540.51534932455,1.0,120.7,53.14334751043996
eqnpo_1m,Other,2.323335361480713,0.6647095595991764,0.0031267734252458123,33.19166666666667,268414.4889160156,1.0,107.45,33.16157028232745
div_me,Value,2.3145717076766186,0.856653864879932,0.0033965069946076255,15.18803418803419,145409.13396434294,0.975,129.74358974358975,70.06903285847463
sale_gr1,Other,2.3053405612707136,1.0174792634636634,0.003150166601993518,7.008333333333333,63046.820163981116,1.0,128.575,58.30111381264402
eqnpo_me,Other,2.2869570553302765,0.7872249324908873,0.0031977663531438,6.675,88577.22895215351,1.0,113.35,53.87428386102651
oaccruals_at,Other,2.2823153346776963,0.6165472189424281,0.003309910817369373,5.758333333333334,59394.24868977865,1.0,110.25,60.84395762511819
cogs_gr3,Other,2.2792956808157134,0.4067777408409014,0.0026073237326109263,7.842105263157895,102864.80782492118,0.475,139.89473684210526,43.51231592810133
be_gr1a,Value,2.278451082110405,0.7373476862212068,0.0031205609875574027,7.0166666666666675,110568.3921099345,1.0,125.95,60.34811406991001
nca_gr1,Other,2.278402559955915,1.1813040475350116,0.0029540952321682272,5.208333333333334,53633.39224948883,1.0,142.525,74.45597132981793
eqis_gr3a,Other,2.274358948071798,0.2550141822698797,0.0027545928944218753,7.083333333333334,43269.43798828125,0.1,111.25,44.06340129101853
niq_saleq_std,Quality,2.2634229933222136,0.697216267918967,0.0025923986072454437,5.166666666666666,67015.81406656902,0.4,169.4375,72.34359566218238
sga_gr1,Other,2.2620425919691725,0.6109268560209181,0.00255813685195175,7.683333333333333,75650.91315104166,0.5,131.95,64.19089540294307
gp_gr3a,Quality,2.253562963198102,1.0389457740763437,0.0025300247361219616,7.555555555555555,114307.81874689981,0.525,167.04761904761904,64.56429058734882
fcf_ocf,Other,2.2487519704378567,0.43131054658548884,0.0026484755499582386,4.076923076923077,47518.581217447914,0.325,142.23076923076923,57.87076672228942
gp_ppen,Quality,2.242634012301763,0.5956842501353249,0.0031945786050117326,10.741666666666667,121541.91145019532,1.0,119.375,60.34927718216895
turnover_var_126d,Momentum,2.237737942223597,0.7495189186734491,0.0028528860388419394,16.666666666666668,148366.63407512626,0.825,138.93939393939394,52.141597713545494
pi_sale,Other,2.236985832452774,0.9179778318031269,0.0030320972586754128,3.6583333333333337,47255.34518661499,1.0,124.025,64.41949358576295
assets,Other,2.232634422183037,0.47530604487571354,0.0030788790668046474,7.725,49178.80419209798,1.0,102.85,32.834120776708595
at_gr3,Other,2.2260102759236875,0.6988094655993721,0.0025515016926765306,5.840579710144928,70327.04385331747,0.575,145.2173913043478,34.01464460244778
niq_be_chg1,Quality,2.2257678276962705,0.67984251925177,0.0030766532084139527,9.527777777777779,92489.19614890771,0.9,123.05555555555556,71.15293165105483
enterprise_value,Other,2.2159180959065754,0.637978205808938,0.0030073333746942826,13.108333333333334,133348.11814460755,1.0,112.875,27.507749490848607
prc_local,Momentum,2.2155929813782373,0.8693340100071745,0.0032286678810786577,4.225,76743.42557576498,1.0,136.275,85.37728860918699
cogs_gr1,Other,2.214837581683428,0.663101757541027,0.003028435015893382,11.76923076923077,95420.69972789797,0.975,116.82051282051282,52.964671340964735
seas_1_1na,Other,2.2110136511089564,0.5274445868899136,0.0030211160519733947,23.35135135135135,81291.83352688626,0.925,115.56756756756756,42.66506542603455
eqnpo_3m,Other,2.2092799335718154,0.473230243707231,0.0031260031260613103,19.075,211839.47903645836,1.0,107.75,44.23350047308674
fcf_be,Other,2.2014449182738605,1.031791676420675,0.0031551929672335205,6.196581196581197,53273.79763220111,0.975,135.48717948717947,83.68986349828558
iskew_capm_21d,Other,2.1713723903414848,0.3029566045502337,0.002676365469611228,32.195402298850574,260609.68204471984,0.725,126.20689655172414,22.620122695045584
beta_60m,Risk,2.170535480976105,0.31173494953846936,0.00251411109556624,16.466666666666665,130629.1319173177,0.5,137.7,24.512295518350523
be_gr1,Value,2.1480258762836457,0.6744844570468768,0.00296656526845052,6.525,71863.925978597,1.0,134.325,54.121604530197345
netis_mev,Other,2.1424182961384455,1.4943614365086222,0.00275626106103458,3.4666666666666663,45707.322205638884,1.0,168.6,87.0254310016655
betadown_252d,Risk,2.1349445197774077,0.7455018850301558,0.0025561498882357278,10.195402298850576,67905.52040117636,0.725,186.72413793103448,61.53912608583963
ca_cl,Other,2.1330934783332367,0.4675962453265919,0.0030655399744180948,8.752136752136751,73543.07239082533,0.975,109.25641025641026,56.57259795524869
ni_sale,Other,2.126202107494713,0.7577028000848045,0.002950399780631464,4.512820512820513,65070.27504293327,0.975,131.3846153846154,62.948021742510285
ebitda_ppen,Quality,2.099281578210362,0.7840354757878877,0.0029255118226582237,5.37719298245614,43110.575393944455,0.95,144.73684210526315,73.50994939481627
rec_days,Other,2.0834326112372246,0.38306007390479313,0.0029928407952106973,11.0,90891.0306577764,0.975,130.05128205128204,53.17347415371924
opex_gr3,Other,2.0823468764623008,0.2821179870098263,0.0023913097255115453,8.05,102705.82728474934,0.5,150.55,46.02799491385078
eqnetis_gr3a,Other,2.0683034702583596,0.7897539677996436,0.002400706657320945,4.333333333333333,60169.16602014612,0.225,207.77777777777777,99.32620220487867
sale_bev,Other,2.066060295701027,0.5199987703242578,0.0030180201163356075,7.133333333333333,56686.27921549479,1.0,124.8,60.312094292510835
ocf_debt,Other,2.0633795721489085,1.1628176313151397,0.0032459405358645026,4.640350877192983,51359.21480145371,0.95,181.02631578947367,110.05440591696191
ap_turnover,Other,2.0575199286142984,1.1107130041242725,0.0028089341759043175,5.75,92952.74481544495,1.0,171.0,73.02194963300505
fi_at,Other,2.0487017621596655,1.1017368419594706,0.0027448174373389425,5.091666666666667,91495.06586354572,1.0,158.025,78.23026088380836
ap_days,Other,2.0418127064119305,0.6020236543202262,0.002892448067662263,7.982456140350877,65657.67170795641,0.95,131.47368421052633,59.144229044793434
ival_me,Other,2.036417741041917,0.7183801754650929,0.002955547325090246,7.222222222222222,107468.9951547476,0.975,169.74358974358975,80.4336005818719
rskew_21d,Other,2.0252940723265724,0.352047734723048,0.0025279522828990414,25.71264367816092,217604.5010775862,0.725,132.3448275862069,28.431968755093987
nix_sale,Other,2.0227283885081606,0.8774212281786797,0.002752752963466335,4.05,38237.95259602864,1.0,148.925,64.93601880668032
eqpo_me,Other,2.020907559990883,0.7310733502713006,0.0028541085448599325,8.408333333333333,57977.53375651041,1.0,160.425,71.36898971057173
cash_me,Other,2.004999272028605,0.5434207934172889,0.002738104631198255,7.95,122212.01038538615,1.0,150.5,54.217983581001455
dp_gr1a,Other,1.9964411218961078,0.7267158372305137,0.0026911596891205348,8.875,61900.9690149943,1.0,159.85,50.10939315189601
ret_24_12,Momentum,1.9888083175116895,0.47455854997822705,0.002574601123316629,15.715686274509805,119526.93897441789,0.85,177.5,48.43192660994928
ap_gr3a,Other,1.9860771852627135,0.38553240572587616,0.0022818601658287263,4.684210526315789,67548.95453844573,0.475,183.94736842105263,63.157188105208775
lnoa_gr1a,Other,1.9781169273235182,0.6904136128934542,0.002228906222893611,6.0,179064.34459629765,0.45,201.94444444444446,71.32153558293945
fi_bev,Other,1.9776997963587444,0.8250140153685943,0.0026978816195326323,4.475,40589.642393493654,1.0,157.75,66.26626554075571
corr_1260d,Other,1.9770821068021986,0.2835778002158804,0.0023705022146130166,8.666666666666666,41042.561197916664,0.15,180.66666666666666,53.485200445232195
kz_index,Other,1.9632222723393213,0.5727850154972149,0.0024436243741009925,7.642857142857143,82044.0334123884,0.7,185.42857142857142,78.08040896761662
at_be,Other,1.960625812963203,0.34360661075571564,0.002869312016706536,6.351851851851851,46869.19477900752,0.9,140.63888888888889,64.99105555064713
ebit_sale,Other,1.9564928865840294,0.945927756803365,0.0026854663244117306,3.6068376068376065,38964.649581387515,0.975,159.02564102564102,77.79611923059805
cash_conversion,Other,1.950810306602054,0.15862391058174968,0.0038152272650478166,4.055555555555556,24417.45022922092,0.15,80.0,17.538529014715003
chcsho_12m,Other,1.9503581543763477,0.37289053150811513,0.0027029653591247524,11.6,121370.9700744629,1.0,145.925,42.02342905741499
op_atl1,Other,1.9501182531055652,0.622670385592366,0.0026988604255282892,3.7982456140350878,43900.62756508275,0.95,159.39473684210526,53.01072786566692
ni_be,Other,1.9480023671079563,0.8530182208325825,0.0028732097772759336,4.87037037037037,63364.521739818425,0.9,171.33333333333334,74.18702235373976
inv_gr1,Accruals,1.942119510009371,0.4910271893574058,0.002835214575262096,7.35632183908046,108203.66233948457,0.725,135.86206896551724,51.071885009500534
ret_24_1,Momentum,1.938288152217865,0.46563724015238644,0.0025981694832829176,12.843137254901961,65606.04735131358,0.85,150.64705882352942,52.670434667439764
book_equity,Other,1.937232385079066,0.5239630536036767,0.00269950823511146,7.191666666666667,50181.15822347005,1.0,158.725,70.3321743129682
ebitda_sale,Quality,1.9290443658828735,0.3184982717945744,0.002775125044390176,5.306306306306307,74201.99159804336,0.925,155.45945945945945,58.494821515619186
eqnpo_gr3a,Other,1.9286379902451125,0.22788714276510408,0.0022660591468031334,5.814814814814814,122855.80022063077,0.225,186.11111111111111,57.361669354291905
rec_gr3a,Other,1.9281233590945863,0.5380466100970263,0.002209217349208663,7.473684210526316,152210.14709365577,0.475,168.6315789473684,65.83245613450676
at_gr1,Other,1.9221865306297938,0.7666334977982432,0.002605123978424595,4.558333333333334,57032.73111572266,1.0,166.5,66.71447004076785
caliq_cl,Other,1.9171659263790162,0.46897447427131556,0.0027325477437302,6.504273504273504,38529.19848319812,0.975,143.12820512820514,47.982551372007535
opex_at,Other,1.9133258889118832,0.36096183862622766,0.0027663213525046327,5.95,33860.46949666341,1.0,152.125,70.54119999997093
ncoa_gr1a,Other,1.9129620492458344,0.7137503595128564,0.0025732681153133475,4.55,98569.01446253459,1.0,155.85,65.28224716469093
capx_gr3a,Other,1.9115352290017265,0.18330216795959173,0.002247889265333057,12.904761904761907,102264.8232421875,0.175,200.28571428571428,53.443784439709134
intan_gr3a,Other,1.9079702099164328,0.10697558550590562,0.0023043511633411,12.166666666666666,95429.48177083334,0.05,181.5,33.23401871576773
ret_48_12,Momentum,1.9040819274054634,0.22268605018991425,0.0021949640076573667,10.8,105636.14926215277,0.375,214.2,39.9592649725049
aliq_at,Other,1.9004417250299046,0.6192392557144067,0.0026246829761497332,8.572649572649572,79256.88234039047,0.975,149.10256410256412,63.10842585824013
saleq_su,Other,1.9001895340662156,0.25156928916137006,0.0021982981712943238,9.634920634920634,136224.29264322916,0.525,191.8095238095238,40.895744335589555
rec_turnover,Other,1.9000911068271946,0.4020802279772556,0.0028502345737616433,11.063063063063062,68541.11564127603,0.925,159.32432432432432,74.66594272493319
ret_18_1,Momentum,1.8971683388357763,0.4232970339153564,0.0026216765979895865,29.873873873873872,149594.11394108954,0.925,150.13513513513513,39.79961066403802
ni_gr1a,Other,1.895168485244115,0.4877531382402236,0.002631205515949887,8.533333333333333,89792.10539754233,1.0,174.225,51.54012004602798
ocf_gr3a,Other,1.8927929728638893,0.28664900861413506,0.0021528978110163352,5.2745098039215685,72839.62320006128,0.425,206.23529411764707,47.420366684269624
ret_36_1,Momentum,1.891181182861328,0.497162058689047,0.0022209575189939003,7.68,83670.05669270833,0.625,196.28,53.37174658312519
ope_be,Other,1.886576222558307,0.7412081230828974,0.0026508872014856487,4.478632478632479,36842.02375258747,0.975,167.0,75.89501058422054
sale_emp,Other,1.8857137142566212,0.3260600697970271,0.00268169366589125,15.771929824561404,161168.61513479133,0.95,157.39473684210526,43.53100136292073
ope_bel1,Other,1.8856641818315556,0.8626662897753964,0.0026242940959199717,4.871794871794871,34497.12505634014,0.975,167.51282051282053,85.57571956272093
fincf_gr3a,Other,1.8817961304276076,0.46387864203395507,0.0021903157220093555,3.814814814814815,36176.24742974175,0.225,226.11111111111111,62.774287021925716
fnl_gr3a,Other,1.8785226941108704,0.36307070308730166,0.0021858800171542852,4.75,66003.57954101563,0.5,194.05,63.8101419096237
div_gr3a,Value,1.871603762894346,0.26394985643540486,0.0021545398621657685,6.526315789473684,133058.49577251234,0.475,219.3684210526316,55.713763037627125
oaccruals_ni,Other,1.8709130545457202,0.48078538710966195,0.0025829181036843797,4.108333333333333,31351.651565742493,1.0,163.225,67.42611816096495
sale_nwc,Other,1.8686531473670087,0.3615245975148473,0.0027705946004642633,5.885964912280701,53939.7006864715,0.95,163.55263157894737,78.27073505379005
capx_at,Other,1.864933629321237,0.4484245391849989,0.0026525259289363976,7.213675213675213,45166.633843315976,0.975,149.30769230769232,46.990006690198925
div_at,Value,1.8619772980610532,0.5006837385237258,0.0026193891338339623,7.316666666666667,50958.411546834315,1.0,174.925,59.99802881377406
gp_atl1,Quality,1.859044972062111,0.4636131426547862,0.002676656511631215,5.125,95911.56278737387,1.0,161.225,71.82331865462709
nwc_at,Other,1.8576937873139339,0.3935704341227242,0.002666144247518554,6.0085470085470085,50696.13804483006,0.975,156.87179487179486,64.10114519347302
ebit_at,Other,1.8568215590936166,0.914500754092862,0.002707484995691489,2.388888888888889,45572.37477846499,0.9,175.55555555555554,98.91683214973921
profit_cl,Other,1.8565989081506378,0.8019806450276933,0.002549012731306703,4.62037037037037,87560.93564803511,0.9,171.05555555555554,79.19377480745547
coskew_21d,Other,1.8502098369598388,0.3503778183849152,0.002346708703624876,13.893333333333333,144672.5148046875,0.625,197.36,56.93628017354137
beta_21d,Risk,1.8475862714065903,0.4607706568181901,0.0022601275451748486,13.011494252873563,62668.70985991379,0.725,211.0,41.1243758094185
dolvol_var_126d,Momentum,1.8422596518711378,0.3198837050561054,0.002472014588061858,8.311827956989248,54854.18205015121,0.775,178.2258064516129,65.70119718717429
ebit_bev,Other,1.8372970679858782,1.2975072654364952,0.0027806940722759645,2.936936936936937,28717.267684249196,0.925,192.8918918918919,91.42841273179064
col_gr1a,Other,1.833691854762216,0.3834958548850511,0.0025715090280541255,10.675213675213675,108290.95116665833,0.975,158.5897435897436,35.918561356665215
capx_gr2,Other,1.8321689234839547,0.20396978365720717,0.002162961470487308,7.222222222222222,90984.83704969619,0.3,226.5,59.11237372388904
netis_gr3a,Other,1.8287420184523973,0.24788841062917064,0.002151433651204978,5.296296296296296,60690.6119429977,0.225,217.55555555555554,68.92588612254309
lti_gr3a,Other,1.820377570611459,0.15110637606404465,0.0021317487178859444,5.592592592592593,85718.47207528574,0.225,229.22222222222223,34.67628071815725
qmj_safety,Quality,1.8200642826320887,0.31580736237356316,0.002633608105843635,7.513513513513513,75803.92712732263,0.925,167.0810810810811,50.629031185662626
age,Other,1.8185510168472927,0.35419032843701187,0.0025367429298978877,12.466666666666667,112746.14416198731,1.0,163.075,31.598756466930936
cash_mev,Other,1.8173777788877488,0.4185552636119497,0.002521376944540615,5.091666666666667,61082.00490557352,1.0,182.0,54.30634849793794
dgp_dsale,Other,1.8132592042287192,0.4478617894893214,0.002275668899613131,11.379310344827585,170479.86731658585,0.725,215.93103448275863,45.91990778556162
debt_gr3,Other,1.8111252740577415,0.26846522107910054,0.0021345220954899335,4.9259259259259265,152244.66746238424,0.225,223.11111111111111,75.37480421938827
at_turnover,Other,1.8086943544893184,0.3660848956051541,0.002568533589299564,5.188034188034188,61517.23177683252,0.975,162.92307692307693,48.37321171202127
dltnetis_gr3a,Other,1.808254651856004,0.48363868510421637,0.0020705189265439053,2.543859649122807,48605.202214558914,0.475,208.68421052631578,69.52941234676553
coa_gr1a,Other,1.8062807428531158,0.44691136191937464,0.002557267566742431,4.538461538461538,65671.945182083,0.975,171.56410256410257,57.18566017888109
ni_inc8q,Other,1.794855384599595,0.2826071700084842,0.0020940663795402073,5.404761904761905,19539.43145025344,0.35,227.35714285714286,55.219293092816116
ebit_gr3a,Other,1.7938545231233565,0.543393165849399,0.0020737998032936103,4.491228070175438,76527.62437465735,0.475,210.0,68.14119328440194
qmj_prof,Quality,1.7917187297553345,0.8895745507768121,0.0024795340698148156,3.807017543859649,51975.299681144854,0.95,192.3421052631579,69.93096067059957
ni_emp,Other,1.791208601834481,0.448153951107857,0.0026375358624370266,10.692982456140351,65720.36785246196,0.95,190.31578947368422,80.33548078952543
cl_gr1,Other,1.7878945587027788,0.46235621658925646,0.002500404196331477,5.17094017094017,48796.1827329978,0.975,187.43589743589743,60.40686387968406
intrinsic_value,Other,1.7833038788092763,0.41531102506863943,0.0025476624011463184,5.62280701754386,57356.89350034479,0.95,176.73684210526315,64.47068649227496
z_score,Other,1.776072209341484,0.380323131422311,0.0024978608604862367,5.7631578947368425,43776.90192239326,0.95,184.10526315789474,60.47147617687166
debtlt_mev,Other,1.7664592357782216,0.49099322644196874,0.002512737358352849,4.846153846153846,43452.175343244504,0.975,170.6153846153846,57.837164970474326
lt_gr3,Other,1.7648305007905671,0.32438090921198764,0.0020617190154656635,3.6515151515151514,41356.1281448133,0.55,218.3181818181818,62.74011883015931
nix_gr1a,Other,1.7615542600552243,0.4239014616661823,0.002471153086488465,6.633333333333333,74061.44758300782,1.0,181.775,53.42067567659164
inv_days,Accruals,1.759716683142894,0.30347162018123597,0.0025562178365198243,6.621621621621622,58235.73860512124,0.925,187.2972972972973,63.25383820803327
netis_at,Other,1.7578450930424225,0.6170096700264812,0.0024537613073552797,4.0256410256410255,45450.73603207841,0.975,168.33333333333334,77.33431638818611
sale_gr3,Other,1.7558077636517977,0.4337405984154351,0.0020453730528370104,4.0,36060.62930351391,0.475,205.31578947368422,70.4391405017117
lt_ppen,Other,1.7531982421875,0.4102682756882032,0.0024666783436458075,6.666666666666667,55064.59302164713,1.0,176.8,48.920762725462744
capx_gr1,Other,1.7505215927958488,0.5426537152909943,0.0024008578797001523,5.966666666666667,104668.7141330719,1.0,178.1,49.60086847874897
intan_gr1a,Other,1.7504167254420295,0.4146365589804552,0.0020582913503411826,8.028985507246377,201515.8661203799,0.575,215.95652173913044,46.05972235821026
emp_gr1,Other,1.748864595592022,0.7104338445313337,0.0023456754339981627,5.641666666666667,71584.62823791504,1.0,204.25,58.88569980076351
chcsho_1m,Other,1.7397363995512325,0.3866377671861297,0.0024074422606195902,14.275,128108.32682495117,1.0,193.2,44.30558221471212
ret_48_1,Momentum,1.7389541069666543,0.29134771038026724,0.002009632287081575,9.25,109849.96719360352,0.4,218.25,32.84204622126946
betabab_1260d,Risk,1.7376401980717975,0.08736061571012618,0.0021100231194338,9.733333333333334,63898.60794270834,0.125,247.8,34.11304735727959
eqnpo_12m,Other,1.736794748821774,0.4123597196061265,0.0025089380998051538,6.576576576576576,29830.667292620685,0.925,183.0,62.47043745289093
cash_cl,Other,1.7364025833430115,0.5674500100595496,0.002493364026165367,3.148148148148148,25855.4930534716,0.9,189.52777777777777,81.28872215262305
fcf_gr3a,Other,1.73335629985446,0.3712640088120784,0.0020627650457508,10.761904761904763,167464.1206752232,0.175,214.85714285714286,57.03925131412744
nix_be,Other,1.726687517762184,0.3822812312087393,0.0024999017377200926,4.258333333333334,49148.76344807942,1.0,176.05,73.90289887100816
cash_gr3a,Other,1.7243130594491958,0.3086535118154613,0.002010502691251875,6.333333333333334,149386.6311243693,0.5,242.75,51.510729592560565
ebit_gr1a,Other,1.7242676783830693,0.39701154764129204,0.0024851205670412715,6.17948717948718,61815.18106053019,0.975,180.66666666666666,65.9183439580777
cl_lt,Other,1.7234705737513354,0.5918130790085093,0.0024366972915009616,4.341880341880342,46915.78431669056,0.975,188.05128205128204,64.92138919207507
eqis_gr1a,Other,1.7204278524105365,0.4386538682979125,0.0024005132735229026,4.769230769230769,44315.85520908976,0.975,191.7948717948718,60.08729591938867
debtst_gr3a,Other,1.7067486884301168,0.4066972185706644,0.0020104401935313212,3.666666666666667,36715.15798254181,0.475,233.73684210526315,65.84817731828535
netdebt_me,Other,1.6911373247702914,0.4154092172567693,0.0023703763230235875,3.8083333333333336,59085.76869805654,1.0,194.85,63.567670383212246
ebitda_bev,Quality,1.689747216465237,0.44150468203212295,0.002390137523002549,3.045045045045045,35479.05363106942,0.925,193.54054054054055,62.79667126466117
dstnetis_gr3a,Other,1.6883623917897543,0.3994740619589663,0.0019504888397285332,3.6444444444444444,81937.63008626302,0.375,254.0,72.8942482543817
debt_be,Other,1.6879362003845082,0.3236771566692698,0.0024771612593981604,3.6315789473684212,36822.94021084434,0.95,186.8421052631579,78.9743462677663
ope_gr1a,Other,1.6865708336785987,0.4035218122111513,0.0024135348045647136,5.185185185185185,45644.413862405,0.9,187.0,47.73198987202249
ol_gr1a,Other,1.6829656372990525,0.3037159407271498,0.002401112243411421,7.675438596491229,79625.64276738753,0.95,207.3684210526316,59.69626773277648
ni_gr3a,Other,1.6811225016911824,0.39414921683826704,0.0019921661454709474,4.368421052631579,48685.15532483553,0.475,229.57894736842104,62.568465423862484
capx_gr1a,Other,1.6794677371652718,0.34042233321324683,0.0023642725207024895,8.282051282051283,106840.59862107497,0.975,200.07692307692307,50.64239154959358
nri_at,Other,1.6787309575284648,0.3273870795767452,0.0023800465415960742,8.333333333333334,96179.2010085929,0.975,191.4102564102564,37.91869275777898
dbnetis_gr3a,Other,1.6686150987943011,0.4394776082050346,0.0018963706316145,3.2,57626.357301330565,0.5,219.8,74.58982574897972
ebitda_gr3a,Quality,1.6649746696154277,0.5424865211425982,0.0019363094111766101,4.25,60250.0796468099,0.5,213.2,56.466664595372684
taccruals_at,Other,1.6560487789020204,0.379556630630857,0.002392161013410708,4.631578947368421,37534.73852324904,0.95,190.55263157894737,63.48130065954985
nfna_gr3a,Other,1.6557288529380918,0.3284175246306734,0.0019319854264440047,5.0,111772.36714099703,0.525,225.0,49.8347268478518
eqis_me,Other,1.6548771797082362,0.4230226950995525,0.0023751072031356615,4.726495726495727,30193.114946675098,0.975,187.89743589743588,54.73082210225976
inv_act,Accruals,1.6542673324927306,0.3448895497401338,0.0023266590763720385,7.581196581196582,60938.239278679226,0.975,197.94871794871796,45.91694373537181
cash_lt,Other,1.6442621001252185,0.367782316372087,0.002371580540071784,3.7207207207207205,35039.2023359419,0.925,202.8108108108108,64.81119495111156
ca_gr1,Other,1.6412760751289233,0.3532143722885214,0.002359288729176908,4.692982456140351,56577.45446362411,0.95,193.10526315789474,50.72863122147641
beta_dimson_21d,Risk,1.6403910524543674,0.36314540937059536,0.0020605217058711034,12.919540229885058,68561.17338035846,0.725,223.41379310344828,46.27056858567203
fna_gr3a,Other,1.6401513667754186,0.30268307042842524,0.002102520479990944,7.271604938271604,57972.252375096454,0.675,226.0,58.18273600674661
debt_bev,Other,1.6374873288890772,0.4238601602527086,0.0023457967709048606,3.5087719298245617,25249.87471028378,0.95,208.18421052631578,70.7744247833491
debtst_debt,Other,1.6340545504181474,0.3193843717586298,0.0023841804826978804,5.583333333333333,58206.26328757957,0.9,208.72222222222223,57.72675097195216
be_bev,Value,1.6319965493899806,0.38184442583354766,0.002409934610143847,3.611111111111111,32764.715230729846,0.9,208.61111111111111,72.53581490852947
rec_act,Other,1.6287541578213376,0.3932991601080048,0.00232520794182462,6.4833333333333325,54218.25894165039,1.0,190.075,52.501715478688205
dsale_drec,Other,1.6278876585838122,0.38263378587220287,0.002010013120443546,6.58974358974359,101650.85087331136,0.65,227.80769230769232,50.90620333968679
tangibility,Other,1.6257453290825215,0.33427592059984645,0.0023342149040795103,6.435897435897436,28249.121293027176,0.975,193.15384615384616,49.62148222267961
debt_at,Other,1.6231087955654178,0.5472118403133578,0.002291839354714808,4.034188034188034,80725.5569091536,0.975,194.02564102564102,71.19745973421095
ocf_at_chg1,Other,1.6223756238818168,0.4163299611020404,0.00223900044907611,8.5,147832.33960698446,1.0,205.75,46.11788128653542
int_debt,Other,1.6203182059475498,0.6753382685962795,0.0022630169679348795,4.658119658119658,61732.3954272148,0.975,233.17948717948718,69.3169197066981
chcsho_3m,Other,1.6200167982427922,0.2188628739881704,0.0023590106074483515,6.873873873873874,54777.39650362032,0.925,213.40540540540542,61.4480175340007
nncoa_gr1a,Other,1.6168713172276816,0.48916120856198897,0.0022683693897316295,4.1441441441441444,36212.475777565895,0.925,192.72972972972974,56.298139227513374
eqnpo_gr1a,Other,1.612752841413021,0.6838467986202231,0.002177766631628305,3.8916666666666666,52873.6711973826,1.0,222.5,64.48772493014981
rec_gr1a,Other,1.610957498090309,0.30876885440354435,0.0023398908593505394,6.12280701754386,71118.30455739875,0.95,212.89473684210526,63.033148496551675
debtlt_debt,Other,1.6074711558995423,0.3882464980207477,0.002343583389289033,5.814814814814815,61003.53148269653,0.9,215.36111111111111,68.07900988778837
txditc_gr1a,Other,1.6006638606389363,0.4619739631406262,0.002216285349837815,4.833333333333334,27679.848612976075,1.0,213.6,60.245565854494245
o_score,Quality,1.5995120488935046,0.3784986326985328,0.0023229738537552443,3.5555555555555554,47822.74005748608,0.9,209.91666666666666,63.958636186656946
txp_gr1a,Other,1.5978792391271672,0.38743227971790356,0.0022464246544008437,4.316239316239317,27175.094487182098,0.975,219.28205128205127,59.5363439279999
spi_at,Value,1.5969292040456806,0.27583571830775894,0.00229067265086585,9.0,150670.18706900615,0.95,215.1315789473684,41.51793559195742
debtlt_gr1a,Other,1.5911873077091419,0.3431226064559444,0.0022681422493178527,4.517543859649122,51261.42324641714,0.95,216.3421052631579,62.053279772975884
eqnpo_6m,Other,1.583945877917178,0.2353827511943703,0.0022727591675393024,5.864864864864865,70210.34577048362,0.925,225.54054054054055,50.14290389288211
div_gr1a,Value,1.5820725101691027,0.3931613003102773,0.0022482597582428074,6.264957264957265,67310.73926720253,0.975,210.84615384615384,57.09204869586918
tax_gr3a,Other,1.5805672473377652,0.39835882040039317,0.0018620991741446445,5.833333333333333,108202.90685130931,0.45,241.5,47.89971140770241
ebitda_gr1a,Quality,1.576985094944636,0.312682006745759,0.0022721445635998025,4.55,36202.617883809406,1.0,212.0,58.30995868675678
nix_gr3a,Other,1.57435624888449,0.3549478967349918,0.001832905315844232,4.621212121212121,80485.67149399266,0.55,232.0,39.61601407800349
ebitda_at,Quality,1.5740209723773755,0.8221160722194684,0.0022366805159437764,2.1403508771929824,28588.971700032555,0.95,212.44736842105263,81.38553472920046
nwc_gr1a,Other,1.5735553156616342,0.4045050094573487,0.0022338615637618924,4.64957264957265,93936.66719133426,0.975,214.35897435897436,57.081422537638105
sale_emp_gr1,Other,1.5726897385385301,0.21199685787787959,0.002295970672518842,6.7407407407407405,82532.00470083731,0.9,238.08333333333334,53.24411436286376
ocf_gr1a,Other,1.5708776172409709,0.39476623944699285,0.002195515522086818,4.418803418803419,55197.11473321507,0.975,216.0,56.291066880334704
int_debtlt,Other,1.5704641849906356,0.17535994112571832,0.002780718557175511,11.074074074074074,87417.14865225332,0.45,192.05555555555554,54.41287933852147
f_score,Quality,1.569088808127812,0.214129200424451,0.0018325508155134927,4.666666666666666,136635.73675391785,0.35,286.5,28.600026896168096
fincf_gr1a,Other,1.5680873955999102,0.4497538423989433,0.0022337682603031346,5.304761904761905,73997.378624907,0.875,230.11428571428573,53.97427024740117
ebit_int,Other,1.5655667123041654,0.5222306829993204,0.0021773250108684658,4.157894736842105,47856.90661514015,0.95,206.92105263157896,59.505340018807644
cash_at,Other,1.5644900562526944,0.4526704584279652,0.0022518979342293893,4.009009009009009,38320.19131552207,0.925,208.05405405405406,73.31096096080722
debtlt_bev,Other,1.5461585705096905,0.38756204662392585,0.0022335405569143566,4.017094017094017,18610.729545136805,0.975,212.94871794871796,65.91300036209961
gp_gr1a,Quality,1.5420532771664806,0.3597241266546896,0.002205482940120818,4.247863247863248,33162.861335167516,0.975,218.12820512820514,45.064386386345795
ppeg_gr1a,Other,1.5376470277183933,0.4599214977197747,0.0022037843635665656,3.4912280701754383,29820.992464835184,0.95,220.10526315789474,67.32606799011772
ni_at,Other,1.5368479629894634,0.4454474972799301,0.002215342158562519,3.4054054054054053,70073.55325894742,0.925,207.05405405405406,66.92696929653411
ncl_gr1,Other,1.5367437475606014,0.3384948251342184,0.002226445378138808,4.684210526315789,33720.701713160466,0.95,223.78947368421052,57.700605596492586
debt_mev,Other,1.5314672502697022,0.4296507604368426,0.002190325543951213,3.3247863247863245,35909.589461008705,0.975,213.2051282051282,62.4812306499781
nfna_gr1a,Other,1.5307973242020823,0.30400492095239795,0.0022608376144724975,3.2522522522522523,28271.598510054857,0.925,221.64864864864865,73.15934519792937
debtlt_gr3a,Other,1.527520740032196,0.45534523180860015,0.001784258889823935,4.066666666666666,61130.99888509115,0.5,233.55,51.51645112817948
gp_sale,Quality,1.5220378769768608,0.38738150713263925,0.002198606518909641,5.7094017094017095,61624.20502504528,0.975,213.43589743589743,59.60872192971819
pstk_bev,Other,1.5173875103917038,0.4231369178540196,0.00224269902506229,5.008771929824562,42571.5358843887,0.95,224.05263157894737,76.94011267754662
debtlt_be,Other,1.5166103615720048,0.3532391352440993,0.0021972630063251076,3.1794871794871793,33873.2180235121,0.975,207.46153846153845,68.12598474569634
debtst_bev,Other,1.5143526201849586,0.3604056027637266,0.0022164663995325835,5.135135135135135,26792.947032859734,0.925,228.67567567567568,63.398236066442244
eqbb_me,Other,1.5130856241191828,0.323207526959078,0.002169867346802616,4.0,38005.221637485265,0.925,233.86486486486487,50.74673616333599
dltnetis_at,Other,1.513025639170692,0.32068032044041517,0.0021555112176698233,3.742857142857143,43645.73648990449,0.875,245.0,40.600637491372986
xido_at,Other,1.5116440401420939,0.33920203170097424,0.002211235421263224,7.972972972972973,119737.48901862068,0.925,239.67567567567568,63.6780330403813
tax_gr1a,Other,1.5040549759392265,0.29342463733333835,0.0021604193137828055,6.261261261261261,69601.523347047,0.925,242.1081081081081,42.64503604288664
taccruals_ni,Other,1.4955617544943827,0.4343026881908851,0.002146457861022371,3.8421052631578947,35251.18914875231,0.95,226.81578947368422,66.82848367605663
pi_nix,Other,1.4920802094914891,0.3956814661741207,0.0022219223834597595,4.063063063063064,26160.743253415767,0.925,225.2972972972973,70.9674670633057
ap_gr1a,Other,1.4869948941418247,0.2727065540008007,0.0021470832783529667,4.512820512820513,65905.78818772796,0.975,234.66666666666666,57.37931652531493
inv_turnover,Accruals,1.4795988738536834,0.4476873497876431,0.0021485600308748702,4.483333333333333,93846.78489176431,1.0,225.95,65.70561775927692
debtst_gr1a,Other,1.4778826391255415,0.37887339748037635,0.002201860215819478,4.87962962962963,87075.33703818145,0.9,226.72222222222223,75.49214192261002
pstk_mev,Other,1.4762560521435533,0.460145095888553,0.0021427131848168,4.205128205128205,38186.82228388338,0.975,220.48717948717947,73.74203678502366
fna_gr1a,Other,1.4737410922335763,0.3343957739756031,0.0021462597080349334,4.384615384615385,30969.49077743139,0.975,224.87179487179486,66.7876365359793
eqpo_gr1a,Other,1.4721322640394554,0.3006138152620749,0.0021037474500676307,3.8376068376068373,25963.46327020368,0.975,234.17948717948718,41.90268914550511
eqbb_at,Other,1.464322033091488,0.348010793855956,0.002098114924704867,4.162393162393163,19705.846116025226,0.975,234.35897435897436,48.331904674311076
debt_me,Other,1.460306898543709,0.407743069269785,0.0020869533726905684,2.56140350877193,23798.961586667778,0.95,218.73684210526315,61.39446414454659
lt_gr1,Other,1.458263714034278,0.40540468430146126,0.002143536037693508,3.3603603603603602,32067.106136562586,0.925,231.97297297297297,70.36353478206608
lti_gr1a,Other,1.4579849828470934,0.23346342896104383,0.002119101667170316,4.0,25232.094953932206,0.925,244.75675675675674,55.96546822491198
sti_gr1a,Other,1.4552428242233064,0.3327476921848338,0.0018361446248616707,5.25,24871.97087250816,0.6,274.4583333333333,45.85324336986679
tax_pi,Other,1.4546082417170207,0.3291343461516557,0.002125062089281658,4.245614035087719,43803.24185675906,0.95,244.39473684210526,74.18732297683624
chcsho_6m,Other,1.452846330508851,0.36673650535954394,0.002081193818930482,4.473684210526316,25555.735849748577,0.95,238.3684210526316,40.12441532966746
debtst_mev,Other,1.4499966228330456,0.41855891282874796,0.0020918943706855083,3.765765765765766,25928.977300420538,0.925,232.0,59.90779952931374
ncol_gr1a,Other,1.4412112292789279,0.28147134518709505,0.0020999051756763454,4.276190476190476,25718.80759393601,0.875,249.0857142857143,45.83305474832574
eqnetis_gr1a,Other,1.4406587819795351,0.4534095671888606,0.0020982482821312754,3.2432432432432434,45934.654223948986,0.925,236.0810810810811,60.8711655777906
cash_bev,Other,1.4320988843032905,0.3744519053013551,0.002080912227246665,3.171171171171171,27218.606444144032,0.925,238.72972972972974,60.31889728243852
dbnetis_gr1a,Other,1.4290529876141935,0.3630910723045544,0.002108211141861908,3.8828828828828827,36974.3605831593,0.925,240.27027027027026,67.17045012034214
dstnetis_at,Other,1.425715344371619,0.4015561292088807,0.0021337585219609167,2.7962962962962963,17163.557188034058,0.9,235.05555555555554,74.17968318094516
ebitda_debt,Quality,1.4153482747507524,0.3821782317123365,0.0020340754013212082,2.7657657657657655,53858.32652598887,0.925,246.05405405405406,47.78769364243962
fnl_gr1a,Other,1.4085287917078586,0.396172522139772,0.002049086382036884,3.210526315789474,27837.427165516634,0.95,236.89473684210526,63.66202545524304
fcf_gr1a,Other,1.4078333393947497,0.3921182482405958,0.002023747858095416,3.72972972972973,32496.56436212213,0.925,245.51351351351352,50.536357441187064
debt_gr1,Other,1.4076701665783788,0.40856040728481946,0.00204016875885723,3.4684684684684686,30413.164192543372,0.925,248.86486486486487,56.999104360488815
eqbb_gr1a,Other,1.4014778589760817,0.2520476322287815,0.0020396866775674364,4.194444444444445,31925.03392007616,0.9,258.05555555555554,50.62633106225846
netis_gr1a,Other,1.382875970116368,0.5407045878796172,0.0019748560265618613,3.462962962962963,30113.921458209006,0.9,240.52777777777777,64.02119564693784
dstnetis_mev,Other,1.3792751584734235,0.2787722539424176,0.0019883781452645715,3.4952380952380953,21015.756002081005,0.875,260.42857142857144,46.763035750526754
dltnetis_gr1a,Other,1.3687222148921039,0.3493823510642406,0.0020218845951900976,3.630630630630631,27912.942327688408,0.925,248.1081081081081,67.58278207082355
dstnetis_gr1a,Other,1.355720549538022,0.3639232284212094,0.0019213447165073402,3.5428571428571427,18564.074734933034,0.875,255.05714285714285,64.52949296395313
dbnetis_at,Other,1.3554908719148722,0.507659565666546,0.0019596689336191407,3.6036036036036037,37094.03621316171,0.925,240.16216216216216,63.67125354921583
cash_gr1a,Other,1.3476680405119545,0.3939829681342102,0.0019294676767052383,3.6837606837606836,22683.392651028105,0.975,253.76923076923077,43.15117949138788
dltnetis_mev,Other,1.3393920579472103,0.4131094841392649,0.0019235499064490327,3.576576576576577,30292.851753715997,0.925,257.8378378378378,49.52861883884997
dbnetis_mev,Other,1.3142740208851664,0.4400648164488726,0.0019232077245223396,3.0789473684210527,27093.994490238656,0.95,243.60526315789474,63.083616528011454
