year,feature,gain,weight,cover,gain_norm
2008,f155,63.885824839274086,5.666666666666667,513351.375,0.06009460906182887
2008,f273,43.906843185424805,4.666666666666667,373797.40625,0.04130125239840466
2008,f299,35.63948440551758,25.0,401980.8020833333,0.033524508572957815
2008,f257,28.36045201619466,3.3333333333333335,352102.3125,0.026677440277522134
2008,f298,26.35225995381673,5.0,328159.7916666667,0.024788421591244173
2008,f272,22.96980381011963,6.666666666666667,177531.765625,0.02160669262185785
2008,f276,21.21182918548584,5.333333333333333,319522.0416666667,0.019953042566094037
2008,f297,16.841378847757976,4.333333333333333,176537.25520833334,0.015841950549505802
2008,f251,16.478951772054035,13.666666666666666,267052.1979166667,0.015501031206558524
2008,f253,16.457221031188965,3.6666666666666665,268350.2916666667,0.015480590046407651
2008,f220,16.130476315816242,10.666666666666666,307607.9322916667,0.015173235543546614
2008,f31,16.0306978225708,32.0,189304.08854166666,0.015079378266764974
2008,f301,13.561061223347982,10.666666666666666,134530.86197916666,0.012756298830466565
2008,f275,13.368780136108398,3.6666666666666665,128761.18229166667,0.01257542839799243
2008,f256,13.271422545115152,2.6666666666666665,198616.37239583334,0.012483848358372377
2008,f255,12.993693669637045,6.333333333333333,273727.9166666667,0.01222260091828645
2008,f22,12.986300468444824,34.333333333333336,170834.97916666666,0.012215646456377573
2008,f291,12.312149047851562,12.0,145799.671875,0.011581501617973246
2008,f274,12.14106019337972,15.0,181435.03125,0.011420565794569728
2008,f313,11.624427795410156,21.333333333333332,100502.47395833333,0.010934592230594235
2008,f32,11.24529997507731,27.666666666666668,237537.20833333334,0.0105779632255734
2008,f232,10.817499796549479,1.3333333333333333,118329.66796875,0.010175550256031425
2008,f270,10.445390224456787,3.3333333333333335,81787.08854166667,0.00982552301103094
2008,f135,10.182137807210287,1.0,77630.35677083333,0.009577892943816335
2008,f250,10.173544565836588,8.666666666666666,201105.55208333334,0.009569809656448198
2008,f4,10.040446599324545,31.0,148945.13020833334,0.009444610204385265
2008,f30,9.679440975189209,4.0,79737.95052083333,0.009105027958932315
2008,f215,9.40841547648112,4.666666666666667,160370.0625,0.008850086093007822
2008,f254,9.31829039255778,2.0,154903.72395833334,0.008765309357344419
2008,f23,8.981064478556315,44.666666666666664,140181.94791666666,0.008448095648068215
2008,f285,8.936274766921997,1.0,111712.92708333333,0.008405963919826027
2008,f284,8.562115987141928,0.6666666666666666,66392.359375,0.008054009074529711
2008,f265,8.43386173248291,11.333333333333334,161784.66666666666,0.007933365890949623
2008,f312,8.259212652842203,2.0,137456.9296875,0.007769081119008096
2008,f156,8.218872229258219,3.0,254051.15625,0.007731134641980256
2008,f219,8.07240358988444,11.0,211954.72916666666,0.007593357981114883
2008,f12,8.04281504948934,2.6666666666666665,288301.2604166667,0.007565525331662097
2008,f204,7.786435445149739,1.3333333333333333,135803.14322916666,0.007324360219792975
2008,f287,7.691496054331462,5.0,242050.98958333334,0.00723505487560831
2008,f163,7.5047322909037275,1.6666666666666667,90723.640625,0.007059374349007269
2008,f29,7.347441514333089,6.666666666666667,109689.4140625,0.006911417775685652
2008,f27,7.096247514088948,7.333333333333333,104900.81510416667,0.006675130535420288
2008,f243,7.068163871765137,6.0,137931.80989583334,0.0066487134779474035
2008,f158,6.609415690104167,0.6666666666666666,58520.424479166664,0.0062171890716476025
2008,f266,6.581943988800049,4.0,225658.703125,0.0061913476404022874
2008,f244,6.5747419993082685,7.0,113028.203125,0.006184573043000363
2008,f290,6.549518903096517,5.0,118339.453125,0.006160846776493082
2008,f263,6.500086625417073,1.6666666666666667,125556.4375,0.0061143479888566155
2008,f310,6.487967014312744,4.333333333333333,48980.276041666664,0.0061029475992846185
2008,f286,6.412844340006511,3.0,55428.095052083336,0.006032282976021636
2008,f315,6.376181284586589,5.333333333333333,33765.327473958336,0.005997795638838226
2008,f309,6.269140084584554,6.0,39469.463541666664,0.0058971066505718196
2008,f262,6.259788195292155,1.6666666666666667,124980.75520833333,0.005888309736194803
2008,f252,6.252661069234212,0.6666666666666666,47962.184895833336,0.005881605559559938
2008,f3,6.194374879201253,2.6666666666666665,34631.366536458336,0.0058267782827337205
2008,f248,6.177834510803223,4.0,67588.28255208333,0.005811219479585778
2008,f38,5.671927611033122,4.666666666666667,124097.2578125,0.005335334923976563
2008,f289,5.600938161214192,4.333333333333333,60376.44140625,0.005268558244719222
2008,f271,5.516767422358195,2.6666666666666665,122248.86783854167,0.005189382501763378
2008,f26,5.4755659103393555,1.6666666666666667,91871.33854166667,0.005150626036401029
2008,f308,5.475032011667888,2.0,23180.936848958332,0.005150123821206638
2008,f216,5.4628645579020185,3.3333333333333335,56697.838541666664,0.005138678428129577
2008,f159,5.425383965174357,1.0,38985.342447916664,0.005103422069257463
2008,f56,5.254656473795573,1.3333333333333333,53044.26171875,0.004942826164354823
2008,f303,5.194936752319336,12.333333333333334,111158.65625,0.0048866504270230334
2008,f302,5.177772204081218,2.3333333333333335,91013.36197916667,0.004870504485122969
2008,f249,5.02962859471639,4.0,112032.68489583333,0.004731152253040419
2008,f39,4.96296485265096,1.0,52921.203776041664,0.0046684445784021195
2008,f141,4.954032023747762,3.6666666666666665,80318.94205729167,0.004660041855856008
2008,f152,4.928884665171306,7.0,102313.00260416667,0.004636386832438971
2008,f261,4.898361523946126,2.3333333333333335,152159.69010416666,0.004607675044747713
2008,f314,4.888909022013347,3.6666666666666665,87086.90625,0.0045987834884480844
2008,f140,4.8800201416015625,0.3333333333333333,40884.111979166664,0.004590422106331044
2008,f233,4.871370871861775,3.0,46650.522135416664,0.00458228611552259
2008,f268,4.863511085510254,1.3333333333333333,93543.73404947917,0.004574892757304355
2008,f294,4.862097104390462,5.666666666666667,33032.634114583336,0.004573562686935404
2008,f106,4.764477411905925,1.0,127316.51888020833,0.004481736099873984
2008,f8,4.69653073946635,1.0,55015.525390625,0.004417821628587418
2008,f0,4.689380009969075,2.6666666666666665,14508.150227864584,0.004411095249226633
2008,f13,4.597279866536458,3.0,36197.213541666664,0.004324460661224585
2008,f37,4.570388317108154,2.3333333333333335,54580.0390625,0.004299164953545669
2008,f151,4.362086137135823,0.6666666666666666,76388.14322916667,0.0041032241778938446
2008,f99,4.217172622680664,0.6666666666666666,42951.117838541664,0.003966910355213028
2008,f78,4.205926895141602,1.0,93376.95963541667,0.003956331989796662
2008,f305,4.177650451660156,3.3333333333333335,23089.300130208332,0.003929733572683767
2008,f316,4.171417395273845,4.0,77034.97005208333,0.003923870408394379
2008,f24,4.092667420705159,2.0,41464.692708333336,0.0038497937419783132
2008,f136,4.038219928741455,1.0,87819.47916666667,0.003798577361001975
2008,f46,3.999443689982096,0.6666666666666666,50558.852864583336,0.0037621022444171252
2008,f10,3.9437474409739175,2.0,38426.1689453125,0.0037097112121532803
2008,f28,3.8417938550313315,1.0,34223.69921875,0.003613807920537567
2008,f137,3.8384550412495932,0.6666666666666666,70195.63020833333,0.0036106672440346247
2008,f154,3.7814313570658364,1.6666666666666667,82750.40625,0.0035570275513968704
2008,f311,3.777064323425293,1.3333333333333333,38187.580729166664,0.003552919673318305
2008,f166,3.698386828104655,0.3333333333333333,38866.755208333336,0.0034789111849697126
2008,f247,3.6588448683420816,1.3333333333333333,29386.5361328125,0.003441715788033872
2008,f25,3.615104913711548,4.0,39556.30859375,0.00340057152042025
2008,f307,3.574848175048828,0.6666666666666666,41769.12109375,0.0033627037621479466
2008,f18,3.544945557912191,4.0,105975.06770833333,0.003334575674402775
2008,f292,3.516661008199056,1.3333333333333333,31763.970052083332,0.0033079696321112813
2008,f5,3.5025837421417236,0.6666666666666666,11001.294270833334,0.003294727761907632
2008,f40,3.44383176167806,1.0,42621.688802083336,0.003239462336338585
2008,f211,3.4251492818196616,1.3333333333333333,48853.744791666664,0.0032218885423675354
2008,f52,3.3318506876627603,1.0,42433.028645833336,0.003134126624039286
2008,f75,3.3229753971099854,1.0,25833.290364583332,0.003125778025309897
2008,f42,3.2846582730611167,1.6666666666666667,26845.05078125,0.003089734777909031
2008,f214,3.2215352058410645,1.0,15277.158203125,0.0030303576616721186
2008,f212,2.9736172358194985,1.0,48763.950520833336,0.0027971520401538805
2008,f172,2.879788080851237,1.0,14710.619791666666,0.0027088910464106632
2008,f170,2.811375300089518,1.3333333333333333,17834.930989583332,0.002644538127354655
2008,f17,2.7768032550811768,1.0,71514.46875,0.0026120177124665154
2008,f304,2.773212432861328,1.0,36503.100260416664,0.0026086399826171286
2008,f202,2.733084519704183,1.0,81940.60286458333,0.0025708934048792264
2008,f242,2.718621253967285,0.3333333333333333,51228.791666666664,0.0025572884416122906
2008,f267,2.670204480489095,0.3333333333333333,65770.05729166667,0.0025117448944869778
2008,f74,2.6068807442982993,0.6666666666666666,92590.5078125,0.0024521790177014146
2008,f206,2.5876735051472983,0.6666666666666666,46341.26171875,0.002434111605551061
2008,f7,2.572721481323242,1.0,12218.255208333334,0.002420046888868599
2008,f125,2.5527416865030923,0.3333333333333333,50806.239583333336,0.0024012527672951016
2008,f35,2.4651562372843423,0.6666666666666666,29524.329427083332,0.0023188649552327656
2008,f134,2.3412086168924966,0.6666666666666666,20540.44921875,0.0022022728346750156
2008,f246,2.3132499059041343,0.6666666666666666,23121.646158854168,0.0021759732946605398
2008,f11,2.312663714090983,0.6666666666666666,101426.08333333333,0.0021754218895885195
2008,f148,2.247411092122396,0.3333333333333333,79181.11979166667,0.0021140415940796653
2008,f61,2.2208801905314126,1.0,28745.16796875,0.002089085132091749
2008,f153,2.045294443766276,1.0,52122.959635416664,0.0019239192782387763
2008,f190,2.0427703857421875,0.3333333333333333,35577.9453125,0.0019215450069416838
2008,f167,1.984920342763265,1.3333333333333333,19189.983072916668,0.001867127994626752
2008,f1,1.8717765808105469,0.6666666666666666,48478.259114583336,0.0017606985924950712
2008,f145,1.8678794701894124,0.6666666666666666,2743.0435384114585,0.0017570327505052876
2008,f300,1.803328514099121,1.0,11533.123046875,0.0016963124814851622
2008,f132,1.7954416275024414,0.3333333333333333,20442.654947916668,0.001688893631248277
2008,f88,1.7745223840077717,0.6666666666666666,32735.184895833332,0.001669215811280481
2008,f192,1.7706740697224934,0.3333333333333333,24472.9921875,0.0016655958698755973
2008,f6,1.7294583320617676,0.6666666666666666,30373.1171875,0.001626826023072374
2008,f91,1.7181816101074219,0.3333333333333333,15269.946614583334,0.0016162185025613647
2008,f87,1.7156979242960613,0.3333333333333333,51482.223958333336,0.0016138822076439611
2008,f122,1.61134672164917,0.3333333333333333,15385.596354166666,0.0015157235825659684
2008,f296,1.6081318060557048,1.6666666666666667,7307.181640625,0.0015126994516849457
2008,f71,1.6058394114176433,0.3333333333333333,3996.4716796875,0.0015105430960311473
2008,f48,1.602052370707194,0.3333333333333333,14702.458333333334,0.0015069807920056733
2008,f235,1.5072412490844727,0.6666666666666666,5462.062255859375,0.0014177961050588388
2008,f50,1.4920501708984375,0.3333333333333333,5467.893880208333,0.0014035065203643598
2008,f143,1.4549099604288738,0.3333333333333333,26862.640625,0.0013685703442367506
2008,f183,1.424115498860677,0.3333333333333333,10672.635416666666,0.0013396033373323855
2008,f209,1.420005162556966,0.3333333333333333,28714.3984375,0.0013357369232427877
2008,f51,1.4055074055989583,0.6666666666666666,7996.427734375,0.0013220995155884799
2008,f129,1.3897476196289062,0.3333333333333333,41581.598958333336,0.0013072749722856257
2008,f234,1.3438599904378254,0.3333333333333333,13930.776041666666,0.001264110480883193
2008,f188,1.3268140157063801,0.3333333333333333,51166.921875,0.0012480760759093015
2008,f104,1.3037668863932292,0.3333333333333333,7570.875,0.001226396646559275
2008,f241,1.2898146311442058,0.3333333333333333,5944.067708333333,0.0012132723685706862
2008,f36,1.2775503794352214,0.3333333333333333,2429.8522135416665,0.0012017359218903549
2008,f120,1.2526261806488037,0.3333333333333333,1121.7098795572917,0.0011782908151547475
2008,f19,1.2316474914550781,0.3333333333333333,26812.955729166668,0.0011585570772105593
2008,f131,1.2296498616536458,0.3333333333333333,1280.9270833333333,0.0011566779939824825
2008,f54,1.2064367930094402,0.3333333333333333,21345.49609375,0.0011348424727411356
2008,f55,1.197418212890625,0.3333333333333333,11094.263020833334,0.0011263590877665112
2008,f84,1.1743399302164714,0.3333333333333333,7565.832682291667,0.0011046503538085356
2008,f269,1.1434822082519531,0.3333333333333333,12394.967447916666,0.0010756238406084376
2008,f89,1.123788833618164,0.3333333333333333,23478.2890625,0.0010570991420121043
2008,f69,1.1019713083902996,0.3333333333333333,1732.38232421875,0.001036576347596228
2008,f226,1.0900305112202961,0.3333333333333333,39821.8984375,0.0010253441604933262
2008,f186,1.0613856315612793,0.3333333333333333,21093.139322916668,0.0009983991715374425
2008,f230,1.0432243347167969,0.6666666666666666,26944.963541666668,0.0009813156316963154
2008,f193,0.9053948720296224,0.3333333333333333,6824.192708333333,0.0008516654675444741
2008,f173,0.9024466673533121,0.3333333333333333,12974.739583333334,0.000848892219990688
2008,f191,0.8871046702067057,0.3333333333333333,4294.619466145833,0.0008344606724122927
2008,f81,0.8499876658121744,0.3333333333333333,6237.983723958333,0.0007995463252273392
2008,f228,0.8199123541514078,0.3333333333333333,4189.626953125,0.0007712557912753483
2008,f168,0.8151664733886719,0.3333333333333333,5011.5546875,0.0007667915482322602
2008,f2,0.8107096354166666,0.6666666666666666,13761.983072916666,0.0007625991951358826
2008,f103,0.8101209004720052,0.3333333333333333,1469.8831380208333,0.0007620453978509689
2008,f14,0.7971638043721517,0.3333333333333333,15290.403645833334,0.0007498572226703838
2008,f112,0.7913462320963541,0.3333333333333333,11182.40625,0.0007443848861625194
2008,f237,0.7847897211710612,0.3333333333333333,433.2926839192708,0.0007382174622957015
2008,f293,0.7649876276652018,0.3333333333333333,15897.4140625,0.0007195904965981584
2008,f184,0.7646172841389974,0.3333333333333333,6948.868489583333,0.0007192421305954995
2008,f53,0.7638408342997233,0.3333333333333333,6207.168619791667,0.0007185117580963623
2008,f105,0.7634156545003256,0.3333333333333333,1784.3162434895833,0.0007181118100031809
2008,f218,0.7409688631693522,0.3333333333333333,1046.7886555989583,0.0006969970924093958
2008,f147,0.6977106730143229,0.3333333333333333,4641.071940104167,0.0006563059996258423
2008,f277,0.6798021793365479,0.3333333333333333,448.2690836588542,0.0006394602606976894
2008,f205,0.6353461742401123,0.3333333333333333,4404.457682291667,0.000597642435641158
2008,f115,0.6291954517364502,0.6666666666666666,12151.015625,0.0005918567192442064
2008,f33,0.6263158321380615,0.3333333333333333,6685.274088541667,0.0005891479866819
2008,f34,0.6104933420817057,0.3333333333333333,616.0157877604166,0.0005742644603798831
2008,f165,0.592514435450236,0.3333333333333333,12046.802083333334,0.0005573524870572331
2008,f317,0.581082264582316,0.3333333333333333,738.6216634114584,0.0005465987425330905
2008,f63,0.552522341410319,0.3333333333333333,345.337646484375,0.0005197336684391902
2008,f201,0.552412192026774,0.3333333333333333,2983.8707682291665,0.0005196300557182276
2008,f116,0.5224780241648356,0.3333333333333333,6657.824869791667,0.0004914722895818424
2008,f93,0.45525864760080975,0.3333333333333333,16194.497395833334,0.0004282419538045749
