eom,ic_spearman,long_ret,short_ret,qspread,net_qspread,turnover,n_long,n_short,n_universe
1986-01-31,0.07923428409641399,0.057181805180568715,0.04357131593696682,0.013610489243601892,0.011610489243601892,1.0,211,211,2115
1986-02-28,0.13242903914136986,0.036558657643867926,0.01817523037783019,0.018383427266037734,0.01739757820943396,0.49292452830188677,212,212,2122
1986-03-31,0.016235761913988532,0.006308360478899082,-0.0004718420018348606,0.006780202480733942,0.0057251566091743086,0.5275229357798166,218,218,2182
1986-04-30,0.12561146437024498,0.05089681863242009,0.014012018905936074,0.03688479972648402,0.03571584995479452,0.5844748858447488,219,219,2195
1986-05-31,0.1604487074525364,0.01612669190818182,-0.021929313925909088,0.03805600583409091,0.036987824015909096,0.5340909090909092,220,220,2205
1986-06-30,0.14507437320377303,-0.052483102410714286,-0.10558979116651786,0.05310668875580357,0.05204418875580357,0.53125,224,224,2248
1986-07-31,0.10351512662472687,0.06739090708878924,0.019878961555605385,0.04751194553318386,0.04636844777533632,0.5717488789237668,223,223,2237
1986-08-31,0.0657502675425504,-0.050387962111659204,-0.06306214749147981,0.01267418537982061,0.011445485828251103,0.6143497757847534,223,223,2233
1986-09-30,0.1623740354656573,0.04929051376607142,0.014713566425892858,0.03457694734017856,0.033429625911607135,0.5736607142857143,224,224,2245
1986-10-31,0.0715477345428259,-0.006624843751555555,-0.014217828117333336,0.007592984365777781,0.006366317699111114,0.6133333333333333,225,225,2253
1986-11-30,0.0966948708913024,-0.023188857779111113,-0.059515912263555557,0.03632705448444444,0.03530038781777777,0.5133333333333333,225,225,2256
1986-12-31,-0.07921559269993302,0.0946585908048458,0.11753488036872246,-0.02287628956387666,-0.023942368859030845,0.5330396475770925,227,227,2279
1987-01-31,-0.09633655591282093,0.04354641602121212,0.09452209917489177,-0.050975683153679646,-0.05217048834848484,0.5974025974025974,231,231,2319
1987-02-28,0.026939280348653446,0.01212458264680851,0.024016836818297877,-0.011892254171489368,-0.012875232894893623,0.4914893617021277,235,235,2350
1987-03-31,-0.018277194752549093,-0.040497872206639,-0.029473769389626557,-0.011024102817012445,-0.012040700327385889,0.508298755186722,241,241,2417
1987-04-30,-0.03874356644475003,-0.0041820706739045645,0.000319114304564315,-0.00450118497846888,-0.005609068795896266,0.553941908713693,241,241,2419
1987-05-31,0.1271580323695252,0.043587902706611566,0.015219731399999997,0.028368171306611567,0.027351642380991734,0.5082644628099173,242,242,2428
1987-06-30,-0.0354919744730551,0.020680866945714287,0.030088353186530616,-0.009407486240816328,-0.01050952705714286,0.5510204081632653,245,245,2459
1987-07-31,0.16851476245378014,0.04377205932971888,-0.0038620111550200804,0.04763407048473896,0.046489492171485944,0.572289156626506,249,249,2491
1987-08-31,0.049296430863969516,-0.015457766282,-0.0311336114876,0.015675845205600003,0.014603845205600003,0.536,250,250,2505
1987-09-30,0.3318530574081392,-0.17789942888853755,-0.3236721568960474,0.14577272800750984,0.14476087029999996,0.5059288537549407,253,253,2533
1987-10-31,0.09950950316044326,-0.02447529283432203,-0.07212354008940677,0.04764824725508474,0.046228755729661015,0.7097457627118644,236,236,2368
1987-11-30,0.10786136508036048,0.08432619328103448,0.02208827127413793,0.062237922006896554,0.06095774959310345,0.6400862068965517,232,232,2321
1987-12-31,0.2520301037203171,0.09643812727763715,0.013714077652742615,0.08272404962489453,0.0813696192451477,0.6772151898734178,237,237,2372
1988-01-31,0.015114492836915391,0.06335112176625,0.05009594017791666,0.013255181588333345,0.011992681588333345,0.63125,240,240,2403
1988-02-29,-0.08094073322187935,0.013258805177366256,0.03789075311481482,-0.02463194793744856,-0.025771865632921814,0.5699588477366255,243,243,2432
1988-03-31,0.008294188399019409,0.006747444715384615,-0.006754645193522268,0.013502089908906882,0.012518284240890687,0.4919028340080972,247,247,2474
1988-04-30,0.09619650050389257,0.0006749987443089438,-0.029749108376422768,0.03042410712073171,0.029383456714227648,0.5203252032520325,246,246,2466
1988-05-31,0.07546782527862242,0.06621799728414635,0.04983016154390244,0.016387835740243904,0.015383770699593497,0.5020325203252032,246,246,2462
1988-06-30,0.1527411012618481,-0.008230134427710844,-0.02848876542088354,0.020258630993172697,0.019158229386746994,0.5502008032128514,249,249,2498
1988-07-31,0.10956889501794877,-0.006683249982730923,-0.03743533886666667,0.030752088883935744,0.02971996036987952,0.5160642570281124,249,249,2494
1988-08-31,0.14370016424902624,0.029249974946963568,0.0037060237016194315,0.025543951245344136,0.024588485658299603,0.4777327935222672,247,247,2471
1988-09-30,0.14952500153983103,0.007527940128,-0.0329259421736,0.040453882301600005,0.03950588230160001,0.474,250,250,2501
1988-10-31,0.09392643414499453,-0.025428666492741933,-0.050532816683870975,0.025104150191129042,0.024031569545967753,0.5362903225806451,248,248,2489
1988-11-30,0.007131098624116399,0.01911845802298387,0.027364759457258067,-0.008246301434274197,-0.00920194659556452,0.4778225806451613,248,248,2482
1988-12-31,0.0479549479085286,0.0441343386746988,0.027085736813253013,0.017048601861445786,0.0160646661184739,0.49196787148594373,249,249,2490
1989-01-31,0.042309629376861294,0.004547656449802371,-0.01041526852450593,0.014962924974308301,0.013559762918972334,0.7015810276679841,253,253,2538
1989-02-28,0.09125283248121498,0.027086707641501975,0.00569798810237154,0.021388719539130435,0.020222711633992096,0.5830039525691699,253,253,2532
1989-03-31,0.07684362011644698,0.03765606414685039,0.029807429333464572,0.007848634813385817,0.006671469459055108,0.5885826771653544,254,254,2549
1989-04-30,0.04203016424005527,0.033105329999215685,0.029228599466274513,0.003876730532941172,0.0026375148466666627,0.6196078431372549,255,255,2554
1989-05-31,0.0861822478462822,-0.007777204449609377,-0.0378685505046875,0.030091346055078124,0.028958533555078124,0.56640625,256,256,2560
1989-06-30,0.1666430214356338,0.0642110801282353,0.024713726007843138,0.03949735412039217,0.038340491375294126,0.5784313725490196,255,255,2553
1989-07-31,0.08621977708015366,0.0236673005609375,0.00010453515585937554,0.023562765405078123,0.022328390405078124,0.6171875,256,256,2568
1989-08-31,0.04643497434432311,0.0014007931572549005,-0.0026170509019607852,0.004017844059215686,0.0028766675886274505,0.5705882352941176,255,255,2558
1989-09-30,0.03654665908520062,-0.06142642349609376,-0.05895298672695312,-0.0024734367691406356,-0.0035867180191406357,0.556640625,256,256,2564
1989-10-31,0.018101603718067693,-0.005518501624901185,-0.0033478855189723327,-0.0021706161059288523,-0.003285240611857706,0.5573122529644269,253,253,2539
1989-11-30,0.02929665979110404,-0.01086822014466403,-0.01362932203992095,0.002761101895256919,0.0016385722509881441,0.5612648221343874,253,253,2537
1989-12-31,0.040166955735235904,-0.06262287993557313,-0.09423306750197628,0.03161018756640316,0.030511373337154146,0.5494071146245059,253,253,2532
1990-01-31,0.08083205157690197,0.031013385110441768,-0.001456966435742974,0.032470351546184745,0.031193243112449805,0.6385542168674698,249,249,2492
1990-02-28,0.08093092853187696,0.030608910001612904,0.009068783983467742,0.021540126018145162,0.02032238408266129,0.6088709677419355,248,248,2482
1990-03-31,0.06963356514555187,-0.033959997894400004,-0.05446431825800001,0.020504320363600004,0.019312320363600005,0.5960000000000001,250,250,2503
1990-04-30,0.07825033403900841,0.06670990634919355,0.05395097597137097,0.01275893037782258,0.011525059410080645,0.6169354838709677,248,248,2480
1990-05-31,0.03271687423689297,-0.007737392438247013,-0.008278797882071715,0.0005414054438247018,-0.0006777180621513937,0.6095617529880478,251,251,2510
1990-06-30,0.05558288092126096,-0.04167629994007936,-0.05358712799444445,0.011910828054365087,0.010847335990873024,0.5317460317460317,252,252,2522
1990-07-31,-0.013047576942246732,-0.10591639192168674,-0.12200104052449799,0.016084648602811252,0.014924006032530128,0.5803212851405622,249,249,2495
1990-08-31,-0.07814708397924902,-0.08781778348166668,-0.06286896088125,-0.02494882260041667,-0.02612382260041667,0.5875,240,240,2409
1990-09-30,0.11678544101485147,-0.04498012789487179,-0.10059999511324787,0.05561986721837608,0.05453439713290599,0.5427350427350427,234,234,2340
1990-10-31,0.1782054967938539,0.10905443417256638,0.043801247349557516,0.06525318682300887,0.06397442576106196,0.6393805309734514,226,226,2267
1990-11-30,0.1244404796227744,0.05226925957356828,0.004668322195154185,0.047600937378414095,0.04625732504361233,0.6718061674008811,227,227,2275
1990-12-31,0.07387501585490125,0.09749559088947368,0.059306110337719306,0.038189480551754376,0.03696579634122806,0.611842105263158,228,228,2281
1991-01-31,0.03413535619808292,0.11344538536939655,0.09742546774698277,0.016019917622413782,0.014627676243103438,0.6961206896551724,232,232,2325
1991-02-28,0.05220981364434891,0.06120213596666666,0.0465783580946502,0.014623777872016464,0.013306905444032924,0.6584362139917695,243,243,2432
1991-03-31,0.10378843069721261,0.024262755840650407,-0.009575408894715446,0.033838164735365855,0.032687758231300816,0.5752032520325203,246,246,2469
1991-04-30,0.08447176986584673,0.03584306267911646,0.01956454183614458,0.01627852084297188,0.015009444537750997,0.6345381526104418,249,249,2490
1991-05-31,0.14373345537879906,-0.022552029185999998,-0.0665420979404,0.04399006875440001,0.042870068754400005,0.56,250,250,2507
1991-06-30,0.09662508807639378,0.04487762757028112,0.017831716500803212,0.027045911069477905,0.025869204242168667,0.5883534136546185,249,249,2495
1991-07-31,0.0015810770573090362,0.028006750652988046,0.02272448222111554,0.005282268431872506,0.004055176798406371,0.6135458167330676,251,251,2519
1991-08-31,0.024982273080517824,-0.004414636697619047,0.005954392030555553,-0.0103690287281746,-0.01148013983928571,0.5555555555555556,252,252,2527
1991-09-30,0.010604495499833761,0.011919657526877469,0.02736775653557312,-0.015448099008695652,-0.016535055530434783,0.5434782608695652,253,253,2538
1991-10-31,0.05765248314978899,-0.0375707784484375,-0.06666532180273438,0.029094543354296877,0.027957824604296876,0.568359375,256,256,2561
1991-11-30,0.16024403531230985,0.09704719418015564,0.035379506086381324,0.06166768809377432,0.06053928342451362,0.5642023346303502,257,257,2570
1991-12-31,0.08202692744917743,0.089173678556705,0.06434864720689655,0.024825031349808444,0.023606640545210743,0.6091954022988506,261,261,2611
1992-01-31,0.018725300906558377,0.03414983723468634,0.039191749527675276,-0.005041912292988934,-0.006410915983025835,0.6845018450184501,271,271,2712
1992-02-29,0.10998751604728486,-0.008003805930072464,-0.037519314375,0.029515508444927535,0.02844666786521739,0.5344202898550725,276,276,2760
1992-03-31,0.14209817341966297,0.0036173559250746437,-0.042981361587142865,0.04659871751221751,0.045505860369360364,0.5464285714285714,280,280,2800
1992-04-30,-0.010897366621214648,0.010374955514028778,0.025746274089568342,-0.015371318575539564,-0.01657275742446043,0.6007194244604317,278,278,2786
1992-05-31,0.11946465220171963,-0.021825559383214285,-0.062374008915,0.04054844953178571,0.039416306674642854,0.5660714285714286,280,280,2805
1992-06-30,0.07305435844299302,0.04967405700000001,0.021599855918996415,0.028074201081003593,0.02696308996989248,0.5555555555555556,279,279,2797
1992-07-31,0.10822905398625884,-0.013550808367375886,-0.05954888229680852,0.045998073929432635,0.04477821577340427,0.6099290780141844,282,282,2821
1992-08-31,0.058633237501910976,0.01815389078172043,0.01840556899175627,-0.0002516782100358411,-0.0013842946974910383,0.5663082437275986,279,279,2799
1992-09-30,0.03856020042267277,0.026986198064412808,0.007866597660142348,0.019119600404270458,0.01805910218362989,0.5302491103202847,281,281,2818
1992-10-31,-0.052314606886366403,0.06113752215387325,0.08752978373767606,-0.026392261583802812,-0.02757888130211267,0.5933098591549296,284,284,2845
1992-11-30,0.07354286616186426,0.03646484540451389,0.01227215962638889,0.024192685778125,0.02307810244479167,0.5572916666666667,288,288,2887
1992-12-31,0.017313767048081175,0.034487090508843535,0.011304019794557823,0.023183070714285714,0.02217286663265306,0.5051020408163265,294,294,2943
1993-01-31,0.1030887045471849,0.011062793751851851,-0.03248472652727273,0.043547520279124584,0.04242294115454546,0.5622895622895623,297,297,2972
1993-02-28,0.028263060740610524,0.028865435426599327,0.023929420756565657,0.00493601467003367,0.004043758777777778,0.44612794612794615,297,297,2978
1993-03-31,0.017943397314672663,-0.023902795153442624,-0.019301306976065576,-0.004601488177377048,-0.005532635718360654,0.46557377049180326,305,305,3053
1993-04-30,0.025425631101815848,0.026849563339344264,0.03951259775081967,-0.012663034411475402,-0.013699099985245895,0.5180327868852459,305,305,3050
1993-05-31,0.10752523472368145,0.011808001534415583,-0.01119046905551948,0.022998470589935063,0.022050418641883115,0.474025974025974,308,308,3087
1993-06-30,0.019843175852504516,0.0014885458573248396,-0.004173550433439489,0.0056620962907643286,0.004668465717515921,0.4968152866242038,314,314,3142
1993-07-31,-0.0015251064976789372,0.03557472514240507,0.04705487908607595,-0.011480153943670884,-0.012505470399367087,0.5126582278481013,316,316,3161
1993-08-31,-0.008979177851553447,0.019364250182499997,0.018769553109374996,0.0005946970731250008,-0.0003803029268749992,0.4875,320,320,3207
1993-09-30,-0.061778653154807316,0.02163235959323077,0.03583351788246154,-0.014201158289230766,-0.015170389058461535,0.4846153846153846,325,325,3254
1993-10-31,0.06011568195181439,-0.019416488224773414,-0.03199810642205438,0.012581618197280969,0.011515152940483386,0.5332326283987916,331,331,3312
1993-11-30,0.1307634428025317,0.0384590347376506,-0.01357486221987952,0.05203389695753012,0.0510670294876506,0.48343373493975905,332,332,3325
1993-12-31,0.021505060878969296,0.03625414889142012,0.02871774499881656,0.007536403892603558,0.006530486732840244,0.5029585798816568,338,338,3385
1994-01-31,0.09208091720613074,-0.0008139585819241984,-0.040961852810204084,0.040147894228279885,0.039005037085422745,0.5714285714285714,343,343,3432
1994-02-28,0.0879440423227483,-0.032494378063662795,-0.06747567758197674,0.03498129951831395,0.03392315998343023,0.5290697674418605,344,344,3444
1994-03-31,0.10767653015713675,0.015509789644476744,-0.02735089104651163,0.042860680690988376,0.041764750458430235,0.5479651162790697,344,344,3449
1994-04-30,-0.00014046220680969103,-0.010058318501152736,0.003788849308933718,-0.013847167810086453,-0.015017196628530257,0.5850144092219021,347,347,3478
1994-05-31,0.056358343007682755,-0.021466073226149424,-0.04177504804454023,0.020308974818390804,0.019245756427586205,0.5316091954022988,348,348,3482
1994-06-30,0.13705647109714322,0.03261461237873564,-0.001686393659770116,0.034301006038505756,0.0333182474178161,0.49137931034482757,348,348,3489
1994-07-31,0.08343166170365997,0.05462965442292264,0.03751377764212034,0.0171158767808023,0.015972610305157602,0.5716332378223495,349,349,3494
1994-08-31,0.008930049759453306,-0.0013698401727272728,-0.0026233464332386376,0.0012535062605113648,0.00018816535142045557,0.5326704545454546,352,352,3522
1994-09-30,0.10200313208151113,0.01266995169265537,-0.01368050743333333,0.0263504591259887,0.025305261385875705,0.5225988700564972,354,354,3542
1994-10-31,0.11570627513906681,-0.028578649803954803,-0.0482314496940678,0.019652799890112996,0.018585003279943505,0.5338983050847457,354,354,3541
1994-11-30,0.1425466490310666,0.025451405402564103,-0.03852492019145299,0.06397632559401709,0.06290794952564102,0.5341880341880342,351,351,3515
1994-12-31,0.15492754301948305,0.023091535837535815,-0.01676802517077364,0.03985956100830945,0.03870196788510028,0.5787965616045845,349,349,3494
1995-01-31,0.08636093972032324,0.05200087656600567,0.027775603177620393,0.024225273388385274,0.022913658657507087,0.6558073654390935,353,353,3534
1995-02-28,0.05295410806504048,0.020499269783380278,0.0028310624169014067,0.01766820736647887,0.016524545394647885,0.571830985915493,355,355,3555
1995-03-31,0.028500849539322012,0.02467799602247191,0.025325662629775283,-0.0006476666073033724,-0.0017515991915730354,0.5519662921348315,356,356,3566
1995-04-30,0.061422681585428,0.029133215722284122,0.025908864324512535,0.003224351397771587,0.0020070812027855145,0.6086350974930361,359,359,3596
1995-05-31,0.06743236225331525,0.050277249695013855,0.05531602924155124,-0.005038779546537385,-0.00609695129168974,0.5290858725761773,361,361,3612
1995-06-30,0.044944680082134716,0.04229920135945206,0.04260711088164383,-0.00030790952219177103,-0.001412019111232867,0.552054794520548,365,365,3651
1995-07-31,0.07294413420632988,0.035466042661891885,0.018412518668918916,0.01705352399297297,0.015850821290270267,0.6013513513513513,370,370,3700
1995-08-31,0.1739136807377647,0.035300963236898394,0.007557496701604278,0.027743466535294116,0.026633840866844918,0.5548128342245989,374,374,3740
1995-09-30,0.19363061701494008,-0.010185547838502673,-0.07518694309090909,0.06500139525240642,0.06396128830053475,0.5200534759358288,374,374,3749
1995-10-31,0.08067882293923957,0.03669595929919355,0.008557397486021507,0.028138561813172043,0.026918131705645162,0.6102150537634409,372,372,3723
1995-11-30,0.040408663418917946,0.014511988471733333,0.010916204127733333,0.003595784344,0.0024437843439999996,0.5760000000000001,375,375,3753
1995-12-31,0.08799825726161647,0.030594818970291777,0.01738153968275862,0.013213279287533158,0.01210983101167109,0.5517241379310345,377,377,3773
1996-01-31,0.08604129828903054,0.042260812352894736,0.024004493128421053,0.018256319224473683,0.016937898171842103,0.6592105263157895,380,380,3808
1996-02-29,0.0686594541468575,0.01688154025657895,0.007644556378157897,0.009236983878421052,0.008094878615263156,0.5710526315789474,380,380,3809
1996-03-31,-0.07599243097983095,0.0305484847109375,0.0606555486234375,-0.0301070639125,-0.0311773764125,0.53515625,384,384,3847
1996-04-30,0.020412262437062918,0.038809568880818414,0.0567926302258312,-0.017983061345012784,-0.019297639350127873,0.6572890025575449,391,391,3916
1996-05-31,0.2608205358817756,0.00359101551679198,-0.08957791428847119,0.09316892980526316,0.09207619797568922,0.5463659147869675,399,399,3990
1996-06-30,0.21054722729560427,-0.04112640038295739,-0.11693730169598998,0.07581090131303259,0.07470062562380952,0.5551378446115288,399,399,3996
1996-07-31,0.07227050114224695,0.053500853422842644,0.029820693574873103,0.02368015984796954,0.022411124314974617,0.6345177664974619,394,394,3948
1996-08-31,0.07332828784487624,0.03521165070678391,0.012336201803517586,0.02287544890326633,0.021747308199748742,0.5640703517587939,398,398,3981
1996-09-30,0.2026827687064903,0.012841810334999999,-0.07159046718600001,0.08443227752100001,0.08332477752100001,0.55375,400,400,4002
1996-10-31,0.1190380347562813,0.044699526130423946,0.010585286877805486,0.03411423925261846,0.03287234399077307,0.6209476309226933,401,401,4011
1996-11-30,0.1458640607257718,0.03186550423622829,-0.014540596384119106,0.0464061006203474,0.04522247779156328,0.5918114143920595,403,403,4034
1996-12-31,0.06971901226695414,0.04435587606997518,0.032928114393052106,0.011427761676923075,0.010278878302233249,0.5744416873449132,403,403,4030
1997-01-31,0.212183453702818,0.015158354803186273,-0.0577532592875,0.07291161409068628,0.0716150454632353,0.6482843137254902,408,408,4083
1997-02-28,0.23427830838917169,-0.010707196209828008,-0.10393822214226044,0.09323102593243243,0.09215977286117936,0.5356265356265357,407,407,4076
1997-03-31,0.2038283135861823,0.025493178624069482,-0.05576325449925558,0.08125643312332506,0.0800554405674938,0.6004962779156328,403,403,4035
1997-04-30,-0.09342310647191782,0.08262416497393485,0.14710522462305764,-0.06448105964912279,-0.06578181152882204,0.650375939849624,399,399,3995
1997-05-31,0.1251755687599194,0.07273314113209876,0.016538232043950617,0.05619490908814814,0.055046760939999995,0.5740740740740741,405,405,4057
1997-06-30,0.1439152766436838,0.07137779473916256,0.026062895622906403,0.045314899116256156,0.04418682029852217,0.5640394088669951,406,406,4062
1997-07-31,0.020787113200357116,0.03604023221740196,0.04810721973921569,-0.012066987521813725,-0.013285124776715685,0.6090686274509803,408,408,4087
1997-08-31,0.04389293918946887,0.07950224761046229,0.07358019876447688,0.005922048845985406,0.004788228894647206,0.5669099756690997,411,411,4115
1997-09-30,0.18984666025776412,0.0026119562047846896,-0.06681650581842105,0.06942846202320574,0.06830166776483253,0.5633971291866029,418,418,4180
1997-10-31,0.22419284001080372,0.011688790499520384,-0.04932981151223022,0.061018602011750606,0.05978838618441248,0.6151079136690647,417,417,4174
1997-11-30,0.1820024635496969,0.020794891840722893,-0.05333051624843373,0.07412540808915663,0.0730193839927711,0.553012048192771,415,415,4157
1997-12-31,0.15194337264735286,0.03221689606821516,-0.025268460560146696,0.05748535662836185,0.05632154244743275,0.5819070904645476,409,409,4090
1998-01-31,0.11162135438850038,0.0887908421948403,0.05607425672260443,0.032716585472235875,0.03135294910859951,0.6818181818181819,407,407,4075
1998-02-28,0.09485080930759868,0.05880651844707317,0.03609689982414634,0.02270961862292683,0.021487667403414634,0.6109756097560977,410,410,4109
1998-03-31,0.06388835320261323,0.026914881300722893,0.012186867977590358,0.014728013323132534,0.013537651877349403,0.5951807228915662,415,415,4157
1998-04-30,0.12656441266965393,-0.03951197704569378,-0.0762635934437799,0.03675161639808613,0.03547410443636364,0.638755980861244,418,418,4180
1998-05-31,0.11031193619780227,0.010342324641304346,-0.036434210507729464,0.04677653514903381,0.045619530318115935,0.5785024154589371,414,414,4149
1998-06-30,0.09910936553276879,-0.046534057321813725,-0.08945258320857845,0.04291852588676472,0.041707741573039234,0.6053921568627452,408,408,4080
1998-07-31,0.16375674478304567,-0.16807277326708228,-0.2519273212319202,0.0838545479648379,0.08260517140623441,0.6246882793017456,401,401,4015
1998-08-31,0.09389371855543269,0.09196115939026316,0.028277418459473683,0.06368374093078948,0.06244953040447369,0.6171052631578947,380,380,3804
1998-09-30,0.13341554193532978,0.08413949971657894,0.03930226169473684,0.0448372380218421,0.043537238021842097,0.6499999999999999,380,380,3809
1998-10-31,0.12435938262988738,0.08854003618915343,0.04415628769603174,0.04438374849312169,0.043116552725925926,0.6335978835978836,378,378,3782
1998-11-30,0.09530268229123935,0.04253141355921052,0.004909232695263162,0.03762218086394736,0.03635639139026315,0.6328947368421053,380,380,3801
1998-12-31,0.04894632176353993,0.03731779161111111,0.026673264783862432,0.010644526827248677,0.009448759631481481,0.5978835978835979,378,378,3787
1999-01-31,0.14424622203887474,-0.030943561909375,-0.08144680199453125,0.05050324008515625,0.04913865675182291,0.6822916666666666,384,384,3848
1999-02-28,0.01997705206113741,-0.010873159328571429,-0.0026050950505290995,-0.008268064278042329,-0.00942943993941799,0.5806878306878307,378,378,3787
1999-03-31,-0.017913230255098368,0.07342330986370967,0.09201358510456989,-0.018590275240860224,-0.019797264488172053,0.603494623655914,372,372,3723
1999-04-30,0.11743543916800173,0.045200290793386236,0.0105044419005291,0.03469584889285714,0.03340748910449735,0.6441798941798942,378,378,3782
1999-05-31,0.0716519724039439,0.0592103714196335,0.0182079994960733,0.041002371923560196,0.03980603684502616,0.5981675392670157,382,382,3823
1999-06-30,0.0874526668028911,0.018529621061518325,-0.03373165630628272,0.05226127736780105,0.05102567527356021,0.6178010471204188,382,382,3820
1999-07-31,0.016995674001701527,-0.02367207210603674,-0.0393201398312336,0.01564806772519686,0.014319983735695548,0.6640419947506562,381,381,3812
1999-08-31,-0.003238309952027979,-0.013968103859042551,-0.0088131277212766,-0.005154976137765952,-0.006396997414361697,0.6210106382978724,376,376,3762
1999-09-30,0.10573394793528178,0.023848636857951487,-0.0049190236592991906,0.028767660517250677,0.027516986662803236,0.6253369272237197,371,371,3711
1999-10-31,-0.0253892975426513,0.048707890448501365,0.12213213984114442,-0.07342424939264305,-0.07474850007384197,0.662125340599455,367,367,3677
1999-11-30,-0.0035054665959202134,0.038814277412499994,0.06638483575733695,-0.027570558344836953,-0.028804253997010865,0.6168478260869565,368,368,3683
1999-12-31,0.0022980678459729865,-0.0050767882445910285,-0.006887649616886542,0.0018108613722955134,0.0005892254883905002,0.6108179419525066,379,379,3792
2000-01-31,-0.25201293719250883,-0.023928115798144387,0.15554293861016044,-0.17947105440830483,-0.1808106266008182,0.6697860962566845,374,374,3744
2000-02-29,0.2644761351984374,0.06857295988385416,-0.1417760943203125,0.21034905420416666,0.2092683250375,0.5403645833333333,384,384,3846
2000-03-31,0.37466497716454245,0.04267924025065617,-0.20507526922860891,0.24775450947926508,0.24662065121154855,0.5669291338582677,381,381,3819
2000-04-30,0.16656217040718377,0.000969449841666666,-0.12111986700188172,0.12208931684354839,0.12082587598333333,0.6317204301075269,372,372,3724
2000-05-31,-0.07053209250255446,0.034939968035457056,0.13482502567867038,-0.09988505764321333,-0.10096539005318562,0.5401662049861495,361,361,3617
2000-06-30,0.22105354604393612,0.03540231710054645,-0.0816702362784153,0.11707255337896175,0.11591681567404372,0.5778688524590164,366,366,3660
2000-07-31,-0.018774061532121723,0.04897961509447514,0.06375865363535911,-0.01477903854088397,-0.015839812021546953,0.5303867403314917,362,362,3621
2000-08-31,0.17857984391551648,0.0200512402430137,-0.10186969371287671,0.12192093395589042,0.12081408464082193,0.5534246575342465,365,365,3655
2000-09-30,0.2489614965585937,0.013369027713611112,-0.12821219775972223,0.14158122547333335,0.14052011436222223,0.5305555555555556,360,360,3602
2000-10-31,0.2725994583329921,-0.017728269455555553,-0.2393732212797721,0.22164495182421654,0.22047686065612537,0.584045584045584,351,351,3513
2000-11-30,0.10564572295660386,0.06015791945194031,0.004609205795522387,0.05554871365641792,0.05441737037283583,0.5656716417910448,335,335,3358
2000-12-31,0.0738320042774316,0.1342465254586626,0.10934520454468087,0.024901320913981742,0.023743266202735543,0.5790273556231003,329,329,3296
2001-01-31,0.43438909664770653,0.024239255812244898,-0.2290981481752187,0.2533374039874636,0.25203128153848403,0.653061224489796,343,343,3432
2001-02-28,0.25716473676534507,-0.0010564995438438445,-0.13590894814024027,0.13485244859639642,0.13379839454234235,0.5270270270270271,333,333,3338
2001-03-31,-0.085535463030827,0.04658979613876923,0.13882523542769232,-0.09223543928892308,-0.09324467005815386,0.5046153846153847,325,325,3257
2001-04-30,0.10358007899017253,0.06885055075227964,0.015753339138601823,0.053097211613677815,0.051996907662310035,0.5501519756838906,329,329,3298
2001-05-31,0.09739969536122249,0.04816426080000001,0.029553562421257482,0.01861069837874253,0.017661596582335345,0.4745508982035928,334,334,3342
2001-06-30,0.3383047149840973,0.055547283189489496,-0.12402915905885886,0.17957644224834834,0.17866052633243243,0.45795795795795796,333,333,3330
2001-07-31,0.24078538429049628,0.012527457328700907,-0.09842494455800606,0.11095240188670696,0.10988291548187312,0.5347432024169184,331,331,3310
2001-08-31,0.30279584680217864,-0.05073054129723926,-0.19461558226748465,0.1438850409702454,0.14282675876165646,0.5291411042944785,326,326,3262
2001-09-30,-0.027029618575554328,0.0486967420900641,0.0935685682048077,-0.0448718261147436,-0.04594874919166668,0.5384615384615384,312,312,3124
2001-10-31,-0.07174952880116185,0.05608511516582279,0.11752172847468356,-0.06143661330886077,-0.06268028419493672,0.6218354430379747,316,316,3160
2001-11-30,-0.06703367322127937,0.038532709251875,0.08476045591648813,-0.046227746664613135,-0.04719649666461313,0.484375,320,320,3202
2001-12-31,0.2922514330740899,0.04634612304845679,-0.07089194863395062,0.11723807168240741,0.11632449143549382,0.4567901234567901,324,324,3242
2002-01-31,0.28631625957950796,0.0254919051089226,-0.1041869319882353,0.12967883709715788,0.1286726451466935,0.5030959752321982,323,323,3238
2002-02-28,-0.04669252692319908,0.07409986334559748,0.09339768998459119,-0.01929782663899371,-0.02032927317987421,0.5157232704402516,318,318,3181
2002-03-31,0.2920594285585432,0.07171899459444445,-0.054445378371604944,0.12616437296604938,0.1250686939537037,0.5478395061728396,324,324,3241
2002-04-30,0.25491318777590816,0.024650783249375,-0.0639207130709375,0.0885714963203125,0.0875246213203125,0.5234375,320,320,3207
2002-05-31,0.2513517551776976,0.003347326158307209,-0.11264208775705327,0.11598941391536048,0.11487656125078367,0.5564263322884013,319,319,3195
2002-06-30,0.29505678590240203,-0.0443331143830671,-0.1787725629031949,0.1344394485201278,0.1333723558683706,0.5335463258785942,313,313,3139
2002-07-31,0.14739421585394058,0.03142887930299003,-0.02545414082192691,0.05688302012491694,0.055667073281063115,0.6079734219269103,301,301,3012
2002-08-31,0.19786304827413342,-0.01947253048896321,-0.10272356432474918,0.08325103383578597,0.08212059905317727,0.5652173913043479,299,299,2998
2002-09-30,0.08167699581690376,0.04725479914383561,0.01957178067739726,0.02768301846643835,0.02656315545273972,0.559931506849315,292,292,2920
2002-10-31,-0.09895125056142762,0.06349533868435375,0.15435596703129253,-0.09086062834693878,-0.09214974399319728,0.6445578231292517,294,294,2945
2002-11-30,0.3236760322418527,0.012341628682724254,-0.12434383864053158,0.13668546732325584,0.13557583277176083,0.5548172757475083,301,301,3016
2002-12-31,0.13550619014433274,0.016814486120735786,-0.046006297257859534,0.06282078337859531,0.061773960636120395,0.5234113712374582,299,299,2997
2003-01-31,0.02598633200980663,-0.018428108953691274,-0.022481828774496646,0.004053719820805372,0.0028154647872483253,0.6191275167785235,298,298,2984
2003-02-28,0.015225065434754463,0.01448949605084746,0.011508720209152544,0.002980775841694915,0.0018892504179661013,0.5457627118644068,295,295,2954
2003-03-31,-0.026127029853414172,0.08368606936734693,0.11558362719829933,-0.0318975578309524,-0.03307782993979593,0.5901360544217688,294,294,2945
2003-04-30,-0.18355692299917645,0.063205578499,0.156723710974,-0.093518132475,-0.09473146580833333,0.6066666666666667,300,300,3002
2003-05-31,-0.012840022255515648,0.03160365262815534,0.034549359057281556,-0.002945706429126213,-0.004113991218770226,0.5841423948220065,309,309,3098
2003-06-30,0.054539485512512316,0.06922785269073482,0.06486781857316294,0.0043600341175718815,0.003232238590415332,0.5638977635782747,313,313,3137
2003-07-31,-0.04473330728306681,0.03504058907178683,0.04948866185329154,-0.014448072781504707,-0.015676912906896556,0.6144200626959248,319,319,3194
2003-08-31,0.1831875424381254,0.020859087457943924,-0.0007883839934579443,0.02164747145140187,0.02051974559470405,0.5638629283489097,321,321,3211
2003-09-30,0.06305233972025075,0.09071992376068111,0.076339516523839,0.014380407236842113,0.013203936648606819,0.5882352941176471,323,323,3234
2003-10-31,0.03245402804480928,0.03953651955030488,0.05372747798201219,-0.014190958431707312,-0.015453153553658531,0.6310975609756098,328,328,3288
2003-11-30,0.04629322681120693,0.03671824703584337,0.03591318997771085,0.0008050570581325245,-0.0003304851105421743,0.5677710843373494,332,332,3328
2003-12-31,0.04178246890511967,0.047847290908982036,0.05066068339640718,-0.0028133924874251467,-0.003948123026347302,0.5673652694610778,334,334,3341
2004-01-31,0.081053812026604,0.02796071822470588,0.006799453871764706,0.021161264352941175,0.01979949964705882,0.6808823529411765,340,340,3400
2004-02-29,0.007312246506521405,0.01184983618436578,0.01819032917374631,-0.00634049298938053,-0.007635478240117993,0.6474926253687315,339,339,3395
2004-03-31,0.015579692667922113,-0.03989548946932154,-0.047005907368731566,0.0071104178994100264,0.00588327925634218,0.6135693215339233,339,339,3396
2004-04-30,0.13436116988005586,0.025841116972455093,-0.00779630990209581,0.0336374268745509,0.032293115497305395,0.6721556886227544,334,334,3342
2004-05-31,0.05117502019834461,0.04283252462831325,0.009445519143975902,0.03338700548433735,0.03207375247228916,0.6566265060240963,332,332,3326
2004-06-30,0.10339849157020153,-0.020423549214970062,-0.0839904316997006,0.06356688248473052,0.06230340943083831,0.6317365269461077,334,334,3342
2004-07-31,0.019991050451416355,-0.00433024764893617,-0.01832105862644377,0.013990810977507599,0.012568318576291794,0.7112462006079027,329,329,3292
2004-08-31,0.07015166064047595,0.05135637439174313,0.04164308204464832,0.00971329234709481,0.00844112109327218,0.636085626911315,327,327,3279
2004-09-30,0.05177021866605168,0.02408039928632219,0.009992520681155017,0.014087878605167173,0.012884231188753799,0.601823708206687,329,329,3297
2004-10-31,0.06337906946574597,0.08829006476575757,0.07779587156666666,0.01049419319909091,0.009276011380909091,0.6090909090909091,330,330,3302
2004-11-30,0.020768942393951186,0.04755798074017857,0.04877644239732143,-0.001218461657142858,-0.0024952473714285727,0.6383928571428572,336,336,3362
2004-12-31,0.15350677830526724,-0.009712340953254439,-0.06413283465591715,0.05442049370266271,0.05319268305177514,0.613905325443787,338,338,3388
2005-01-31,0.031640893257270916,0.02487628138511905,0.004854858088095237,0.020021423297023815,0.018738685201785718,0.6413690476190477,336,336,3366
2005-02-28,0.13962281658556586,-0.010575227513017751,-0.05576227012337278,0.04518704261035503,0.043976983438757396,0.6050295857988166,338,338,3380
2005-03-31,0.09683009512224837,-0.03674481053154762,-0.06740222389375,0.03065741336220238,0.02946098479077381,0.5982142857142857,336,336,3363
2005-04-30,0.0864185081330457,0.05574436364680851,0.05017726320243161,0.005567100444376895,0.004257070049240116,0.6550151975683891,329,329,3292
2005-05-31,0.02684604905750748,0.0286979393407855,0.02701641765830816,0.0016815216824773403,0.0004337875435045306,0.6238670694864048,331,331,3311
2005-06-30,-0.061313251210601265,0.045322045691810246,0.08075557105903614,-0.03543352536722589,-0.036563043439515046,0.5647590361445782,332,332,3325
2005-07-31,0.03592557651393017,-0.013396489295833335,-0.031353640633035716,0.01795715133720238,0.016736913241964288,0.6101190476190477,336,336,3365
2005-08-31,-0.042634768509076146,-0.0024625130443452366,0.015838316873511907,-0.018300829917857142,-0.019482377536904762,0.5907738095238095,336,336,3362
2005-09-30,0.14326544787744463,-0.007288298926865672,-0.04488214446,0.03759384553313433,0.036456532100298505,0.5686567164179104,335,335,3354
2005-10-31,0.09924404864401778,0.0450391365015015,0.023509234330330333,0.021529902171171168,0.02024161388288288,0.6441441441441442,333,333,3339
2005-11-30,0.006019585639497136,0.007327419596407186,0.016491584978742514,-0.009164165382335328,-0.010421650412275447,0.6287425149700598,334,334,3347
2005-12-31,-0.1441223016155156,0.032125430753892216,0.08719612263263474,-0.05507069187874252,-0.0562443445733533,0.5868263473053892,334,334,3348
2006-01-31,0.09398615189193663,0.01373820753363095,0.00037628038154761755,0.013361927152083333,0.012141689056845237,0.6101190476190477,336,336,3367
2006-02-28,-0.05450231156692467,0.029277841432840238,0.04058066888343195,-0.011302827450591715,-0.012379750527514792,0.5384615384615385,338,338,3383
2006-03-31,0.004396007207228969,0.0003354743330443787,0.012467532055325447,-0.012132057722281068,-0.013206022219322489,0.5369822485207101,338,338,3389
2006-04-30,0.12792475948657933,-0.028079848058112096,-0.06970145117345132,0.041621603115339224,0.04039446447227138,0.6135693215339233,339,339,3396
2006-05-31,0.10268203876362192,0.0048628750090887575,-0.021624259869822485,0.02648713487891124,0.025318495825656803,0.5843195266272189,338,338,3387
2006-06-30,0.08043408605398232,-0.014896033477380952,-0.05181454668333334,0.03691851320595239,0.035772679872619055,0.5729166666666667,336,336,3366
2006-07-31,-0.008173299796417113,0.016632140414714714,0.00989953181261261,0.006732608602102104,0.005501377370870872,0.6156156156156156,333,333,3334
2006-08-31,0.07824038409571829,0.020924636294879517,-0.001972212618373494,0.022896848913253012,0.021719138069879518,0.588855421686747,332,332,3326
2006-09-30,-0.045459929237576184,0.0338925727760479,0.05495472999191616,-0.02106215721586826,-0.022178923682934126,0.5583832335329342,334,334,3346
2006-10-31,-0.07489020120026345,0.016586845419402984,0.03751065410537314,-0.020923808685970154,-0.022108883312835826,0.5925373134328358,335,335,3357
2006-11-30,0.10990235738488009,0.019568766213392857,-0.0008383584523809532,0.02040712466577381,0.019258315141964286,0.5744047619047619,336,336,3364
2006-12-31,0.07033183246061557,0.02474212871970149,0.005597827584776119,0.019144301134925372,0.018015942925970148,0.564179104477612,335,335,3359
2007-01-31,-0.014348986432649579,-0.012474734248656714,-0.007324327052835818,-0.005150407195820897,-0.006439959434626867,0.6447761194029851,335,335,3350
2007-02-28,-0.023792013074901745,-0.005277886588023953,0.011305197174251495,-0.01658308376227545,-0.017553143642514972,0.48502994011976047,334,334,3349
2007-03-31,-0.04354988207543172,0.004666986104504505,0.03482012339189189,-0.030153137287387385,-0.031123107257357355,0.484984984984985,333,333,3339
2007-04-30,-0.044948047131959,0.014873347582530118,0.011073063562048194,0.0038002840204819244,0.00273100691204819,0.5346385542168675,332,332,3329
2007-05-31,-0.07820502350124563,-0.017747332764864863,-0.004023208648048047,-0.013724124116816817,-0.014682082074774776,0.478978978978979,333,333,3332
2007-06-30,-0.097838283473531,-0.07401788116646527,-0.04359200151268883,-0.03042587965377644,-0.031437964245921456,0.5060422960725076,331,331,3318
2007-07-31,0.10929763826031141,0.013688165028875382,-0.03238549352492401,0.04607365855379939,0.044961196547720364,0.5562310030395137,329,329,3296
2007-08-31,-0.04409239166197801,-0.001708455467384616,0.023805603026153845,-0.02551405849353846,-0.026769443108923076,0.6276923076923078,325,325,3255
2007-09-30,-0.0596995760186529,0.0017244569666666682,0.025963949724382717,-0.024239492757716048,-0.02533208535030864,0.5462962962962963,324,324,3243
2007-10-31,0.15481477484050576,-0.05839960595356038,-0.11345155909938079,0.05505195314582041,0.05387548255758512,0.588235294117647,323,323,3233
2007-11-30,0.01021654429935767,-0.013928399853019748,-0.019962069477742945,0.006033669624723197,0.0049458953300523505,0.5438871473354232,319,319,3191
2007-12-31,0.17065039939752025,0.0034170720512578605,-0.07333996105408805,0.07675703310534591,0.07560294505503146,0.5770440251572326,318,318,3188
2008-01-31,0.19215978373871626,-0.012612702336825397,-0.06961876686349207,0.05700606452666667,0.0556346359552381,0.6857142857142857,315,315,3155
2008-02-29,0.09126651848356108,-0.001750561205111821,-0.04344395426230031,0.04169339305718849,0.04059754641182108,0.5479233226837061,313,313,3133
2008-03-31,-0.01928021194127875,0.010093047696763753,0.0366043816394822,-0.02651133394271845,-0.027469262745307445,0.47896440129449835,309,309,3093
2008-04-30,-0.030586369326493584,0.007222693185064935,0.021638744809415585,-0.01441605162435065,-0.015393324351623378,0.48863636363636365,308,308,3087
2008-05-31,-0.02431405109461287,-0.1288735807201299,-0.10023089343376623,-0.028642687286363655,-0.029574505468181838,0.46590909090909094,308,308,3089
2008-06-30,0.1436382759226788,0.06960074507913906,0.01097840179039735,0.05862234328874171,0.057834263818543036,0.39403973509933776,302,302,3021
2008-07-31,0.02262732929355119,0.0437845152820598,0.031466787492358796,0.012317727789701007,0.01110842546411961,0.6046511627906976,301,301,3016
2008-08-31,0.07640419398086089,-0.056100005126000003,-0.078302820966,0.022202815839999994,0.021182815839999994,0.51,300,300,3005
2008-09-30,0.08091678889178054,-0.16157956993549488,-0.22453280188483035,0.06295323194933547,0.06195323194933547,0.5,293,293,2931
2008-10-31,0.07795128089202315,-0.09789121067583643,-0.14702305017732342,0.04913183950148699,0.047949683367657994,0.5910780669144982,269,269,2690
2008-11-30,0.06906781160125669,0.0722648772036,0.044430145946,0.027834731257600005,0.026774731257600007,0.53,250,250,2505
2008-12-31,0.07222646858262723,-0.06612655087968126,-0.1210884852,0.054961934320318734,0.053754763005577695,0.603585657370518,251,251,2514
2009-01-31,-0.02605624331167463,-0.1362554418586777,-0.13409303125371902,-0.00216241060495867,-0.003497121348760323,0.6673553719008264,242,242,2429
2009-02-28,0.04139343270681736,0.11765382667130436,0.09843722606695651,0.01921660060434785,0.01801660060434785,0.6000000000000001,230,230,2307
2009-03-31,-0.09442238156930532,0.17076718037489363,0.2585012970659574,-0.08773411669106379,-0.08911709541446805,0.6914893617021276,235,235,2357
2009-04-30,-0.04713761182032955,0.05660708293346614,0.079620734025498,-0.023013651092031864,-0.024400105275298796,0.6932270916334662,251,251,2518
2009-05-31,0.15441356287550187,0.01970555867131783,-0.014318255441860463,0.03402381411317829,0.03286877535348837,0.5775193798449613,258,258,2585
2009-06-30,0.02906914499364251,0.09602549275192308,0.09208018581807692,0.003945306933846163,0.002783768472307701,0.5807692307692308,260,260,2600
2009-07-31,-0.0520995613467108,0.03243669710530303,0.07037725055227272,-0.037940553446969685,-0.03920949284090908,0.634469696969697,264,264,2643
2009-08-31,-0.06531842568379205,0.038181441408921934,0.06536269546951672,-0.02718125406059478,-0.028326235473234186,0.5724907063197026,269,269,2699
2009-09-30,0.1872516682244068,-0.02492604985202952,-0.08846998001328414,0.06354393016125462,0.06248857960774908,0.5276752767527675,271,271,2718
2009-10-31,0.016647485226286014,0.026879911673207548,0.022591732286792454,0.004288179386415094,0.0030202548581132072,0.6339622641509435,265,265,2659
2009-11-30,0.03572226137039842,0.06147172374264151,0.06582620129433962,-0.004354477551698113,-0.005528062457358491,0.5867924528301887,265,265,2656
2009-12-31,0.09320997394826176,-0.008136518295522387,-0.031004479705223884,0.022867961409701498,0.02171124499179105,0.5783582089552239,268,268,2689
2010-01-31,0.08832424998273816,0.047142959276296297,0.029674326159629626,0.01746863311666667,0.016164929412962967,0.6518518518518519,270,270,2700
2010-02-28,0.06658402150141367,0.07415203415904058,0.06393565281623617,0.010216381342804406,0.00909461012509223,0.5608856088560885,271,271,2714
2010-03-31,-0.011359478121725124,0.04429847464820144,0.06145557625359712,-0.01715710160539568,-0.01830098649748201,0.5719424460431655,278,278,2787
2010-04-30,0.10868520971264557,-0.054405713915492954,-0.09298720863239437,0.03858149471690142,0.03738783274507043,0.596830985915493,284,284,2841
2010-05-31,0.004740883207188387,-0.04920513419350181,-0.061598503008303246,0.012393368814801436,0.011292285782310462,0.5505415162454874,277,277,2778
2010-06-30,0.12083624724650903,0.07267774656691177,0.029815141312499998,0.04286260525441177,0.04177804643088236,0.5422794117647058,272,272,2725
2010-07-31,0.09936669773518857,-0.05957529680328467,-0.07603947592554745,0.016464179122262786,0.015194106129562056,0.635036496350365,274,274,2744
2010-08-31,0.13427136380605764,0.11947582828066916,0.09456578486208178,0.02491004341858738,0.023846846392565076,0.5315985130111525,269,269,2690
2010-09-30,0.001321227570738438,0.03531113333868613,0.05022028137335766,-0.014909148034671534,-0.016128126136861314,0.6094890510948905,274,274,2745
2010-10-31,-0.007690543303103384,0.018649173933212998,0.019017543406137184,-0.00036836947292418626,-0.0014802828303249083,0.555956678700361,277,277,2774
2010-11-30,-0.028800537536664308,0.07769125699064748,0.09130597321906474,-0.013614716228417256,-0.014679464429856105,0.5323741007194245,278,278,2780
2010-12-31,0.049186392368830566,0.012019099418505338,-0.013504336924555162,0.0255234363430605,0.02438820502633452,0.5676156583629893,281,281,2812
2011-01-31,0.03181597192357361,0.04188213116466431,0.0361235864795053,0.00575854468515901,0.004606601222261484,0.5759717314487633,283,283,2837
2011-02-28,0.017488873270767095,0.01292974189116608,0.02643307122579505,-0.013503329334628968,-0.014584601419434622,0.5406360424028269,283,283,2839
2011-03-31,0.031014971840705858,0.020054818440255515,0.019420012527046265,0.00063480591320925,-0.00033316561703986035,0.48398576512455516,281,281,2818
2011-04-30,0.03411703351323984,-0.018383637882332157,-0.026686838420141346,0.00830320053780919,0.007200727039575974,0.5512367491166077,283,283,2831
2011-05-31,0.08987128849405521,-0.014346722408540923,-0.03699482704946619,0.022648104640925266,0.021616076171174378,0.5160142348754448,281,281,2815
2011-06-30,-0.02162238322664904,-0.026445677796762587,-0.034230296993165474,0.007784619196402887,0.0067846191964028866,0.5,278,278,2787
2011-07-31,0.07706659739493818,-0.0739541240463768,-0.09266557833695652,0.018711454290579715,0.017562903565942034,0.5742753623188406,276,276,2769
2011-08-31,-0.015079850576792557,-0.0928883409111111,-0.1161819347768037,0.023293593865692602,0.022215816087914824,0.538888888888889,270,270,2705
2011-09-30,0.19454614006067453,0.1734658297904943,0.12397048558517108,0.04949534420532321,0.04842310085931561,0.5361216730038023,263,263,2633
2011-10-31,0.11221426201928818,0.007079390977037037,-0.02910847267111111,0.03618786364814815,0.03484712290740741,0.6703703703703704,270,270,2701
2011-11-30,0.08464999207823982,0.01143797079363296,-0.007107845104494382,0.018545815898127344,0.017489636122846444,0.5280898876404494,267,267,2677
2011-12-31,-0.007894936996043057,0.08913772357223596,0.1004515896835206,-0.01131386611128464,-0.012377536523269658,0.5318352059925093,267,267,2674
2012-01-31,0.02908606190078273,0.03976741758125,0.027531974772794114,0.012235442808455885,0.010959707514338238,0.6378676470588235,272,272,2729
2012-02-29,0.09068722190817863,0.033227336293430665,0.007260534654014597,0.025966801639416066,0.024875560763503658,0.5456204379562044,274,274,2743
2012-03-31,0.04005932981728745,-0.012049796385144928,-0.018709885192391303,0.006660088807246375,0.005594871415942028,0.532608695652174,276,276,2764
2012-04-30,0.12502644589190767,-0.060143587913718405,-0.0968316581303249,0.0366880702166065,0.03559059729241877,0.5487364620938628,277,277,2775
2012-05-31,0.0001052354198082596,0.04761774434202198,0.048990565723076925,-0.0013728213810549478,-0.002427766436000003,0.5274725274725275,273,273,2737
2012-06-30,0.12511197763265575,0.005082881148363634,-0.023522630210181816,0.02860551135854545,0.02749642044945454,0.5545454545454546,275,275,2751
2012-07-31,0.017440588624808632,0.037204714331021904,0.040905429431386864,-0.0037007151003649597,-0.004857649406934303,0.5784671532846716,274,274,2740
2012-08-31,-0.042056109845842356,0.030813746726642336,0.0473981017149635,-0.016584354988321167,-0.017726690754744524,0.5711678832116789,274,274,2746
2012-09-30,0.1227306748516383,0.004082908590974729,-0.03464921946967509,0.03873212806064982,0.037627434919855596,0.5523465703971119,277,277,2770
2012-10-31,0.07304642100302704,0.013249728201086955,-0.006146851983333332,0.019396580184420288,0.018208174387318837,0.5942028985507246,276,276,2768
2012-11-30,0.015607653914892237,0.03812928413054545,0.03074254355818181,0.007386740572363638,0.006204922390545457,0.5909090909090908,275,275,2755
2012-12-31,0.07410604731322196,0.07134926365272728,0.05008229826,0.021266965392727287,0.020128783574545468,0.5690909090909091,275,275,2750
2013-01-31,0.0728155196425729,0.01716515671146953,0.012015227644444444,0.005149929067025086,0.003952796450537631,0.5985663082437276,279,279,2793
2013-02-28,0.013296324248001267,0.0449312480323741,0.05371115326834532,-0.00877990523597122,-0.0098590419266187,0.539568345323741,278,278,2789
2013-03-31,0.07949388678509743,0.01320848452857143,-0.007274097571428574,0.020482582100000004,0.019375439242857145,0.5535714285714286,280,280,2800
2013-04-30,0.10424376181461364,0.04989724836785714,0.0311940706025,0.01870317776535714,0.017392463479642854,0.6553571428571429,280,280,2800
2013-05-31,0.04225516169507273,0.010052287534519574,0.004485362366903915,0.0055669251676156595,0.004342725879359432,0.6120996441281139,281,281,2818
2013-06-30,0.11807950175754708,0.07154603225800711,0.04989321484128113,0.021652817416725978,0.02049267506797153,0.5800711743772242,281,281,2818
2013-07-31,0.06822092146998791,-0.018087875676760564,-0.014104080503169011,-0.003983795173591553,-0.005184499398943665,0.6003521126760564,284,284,2840
2013-08-31,-0.04226735987608958,0.051318122281625446,0.05390320467985865,-0.002585082398233206,-0.003758227274558294,0.5865724381625441,283,283,2837
2013-09-30,0.11958688726981587,0.04493111860734266,-0.010530009904895105,0.055461128512237765,0.05432476487587413,0.5681818181818181,286,286,2866
2013-10-31,0.13734470699657042,0.04458881682097902,0.02577615245,0.018812664370979018,0.017613363671678317,0.5996503496503497,286,286,2863
2013-11-30,0.04127576313910254,0.027577682838675958,0.022779165700696866,0.004798517137979092,0.003620816789547036,0.5888501742160279,287,287,2873
2013-12-31,-0.02886126600684385,-0.01374042897951389,0.007675620437152777,-0.021416049416666666,-0.022502854972222222,0.5434027777777778,288,288,2887
2014-01-31,0.055268382359318656,0.044006372905190314,0.03987042941730104,0.004135943487889274,0.002942171861591696,0.5968858131487889,289,289,2899
2014-02-28,0.18486151744377768,0.025101213464137934,-0.025087125621034483,0.050188339085172416,0.04908144253344828,0.553448275862069,290,290,2901
2014-03-31,0.12995052920393027,-0.007072923624827586,-0.053570824383793104,0.04649790075896552,0.04536341800034483,0.5672413793103448,290,290,2901
2014-04-30,0.07410578893244486,0.020098280634027778,-0.014043208466319445,0.03414148910034722,0.032901905767013885,0.6197916666666667,288,288,2889
2014-05-31,-0.010261157341755629,0.04216353571868512,0.0689691894615917,-0.026805653742906575,-0.027975203915916957,0.5847750865051903,289,289,2891
2014-06-30,0.1591344210160708,-0.02275755689828179,-0.0619938146024055,0.039236257704123714,0.038078182102749145,0.5790378006872852,291,291,2917
2014-07-31,0.1384572370527155,0.055781979876975946,0.03220930243333334,0.02357267744364261,0.02236305545051546,0.604810996563574,291,291,2911
2014-08-31,0.01601840528440502,-0.0418013065739726,-0.05494151700068494,0.013140210426712338,0.011989525495205489,0.5753424657534246,292,292,2923
2014-09-30,0.08541688862585393,0.03833363817206896,0.028168011290344824,0.010165626881724135,0.009103557916206893,0.5310344827586206,290,290,2905
2014-10-31,0.15803407775231698,0.007166629763072413,-0.01588031110344828,0.02304694086652069,0.021867630521693104,0.5896551724137931,290,290,2907
2014-11-30,-0.06760756989104978,-0.009448106974226803,0.028026299602749136,-0.03747440657697594,-0.038553444377663226,0.5395189003436427,291,291,2910
2014-12-31,0.10323678279590058,-0.03172162445570934,-0.04171378119515571,0.009992156739446367,0.008974855701384083,0.5086505190311419,289,289,2898
2015-01-31,0.14291638301549556,0.08229370162395834,0.062112252262152765,0.020181449361805576,0.018976588250694464,0.6024305555555556,288,288,2881
2015-02-28,0.014243355672843233,0.0026972221201388884,-0.010267001771527777,0.012964223891666665,0.011731585002777776,0.6163194444444444,288,288,2880
2015-03-31,0.07404355584496265,0.024340418340069683,-0.013608263452961669,0.037948681793031354,0.03680234032961672,0.573170731707317,287,287,2877
2015-04-30,0.0931519039838047,0.011039138319444444,-0.003979556586111111,0.015018694905555553,0.013619389349999999,0.6996527777777777,288,288,2880
2015-05-31,-0.045697509511673895,-0.005960298588888889,-0.004570848614583334,-0.0013894499743055556,-0.0025352833076388893,0.5729166666666667,288,288,2882
2015-06-30,0.09940817985568001,-0.02165243906076389,-0.03936043498194444,0.017707995921180553,0.01658299592118055,0.5625,288,288,2884
2015-07-31,0.02232179229819581,-0.04507120044491228,-0.056371551218596494,0.011300350773684215,0.01008982445789474,0.6052631578947368,285,285,2850
2015-08-31,0.1215927070771741,-0.027581898515901062,-0.09336984117773851,0.06578794266183745,0.06460419707879858,0.5918727915194346,283,283,2839
2015-09-30,0.10436464082615242,0.0720800994604982,0.04712520640106762,0.024954893059430584,0.023812544304982187,0.5711743772241993,281,281,2810
2015-10-31,-0.01003035878403392,0.005268429486879433,0.008617670257092197,-0.003349240770212764,-0.004668389706382977,0.6595744680851063,282,282,2822
2015-11-30,0.096955002287645,-0.03508006925017794,-0.058002188785409255,0.022922119535231315,0.021772653343060496,0.5747330960854092,281,281,2817
2015-12-31,0.07558446498137977,-0.07017564717769784,-0.12933258166510792,0.05915693448741008,0.05803103520683454,0.5629496402877698,278,278,2783
2016-01-31,0.08143536656384313,0.028663868055677656,-0.006976625169963371,0.03564049322564103,0.03438774597289378,0.6263736263736264,273,273,2732
2016-02-29,0.0006233655134675292,0.08669450016875,0.09319009483161765,-0.006495594662867657,-0.007760300545220598,0.6323529411764706,272,272,2723
2016-03-31,-0.15109581068881847,0.024535781204379565,0.0993292885120438,-0.07479350730766424,-0.07600518613978102,0.6058394160583942,274,274,2741
2016-04-30,0.06731827553515435,0.01096297862109091,0.0019486463454545474,0.009014332275636363,0.007865241366545454,0.5745454545454545,275,275,2751
2016-05-31,0.059217357420014334,0.00041431594525547373,0.006683132606569342,-0.006268816661313868,-0.00732721082189781,0.5291970802919708,274,274,2742
2016-06-30,0.07970517875987616,0.061641896604014604,0.057740201175912415,0.0039016954281021893,0.002836001997445255,0.5328467153284672,274,274,2743
2016-07-31,-0.02622803091476335,0.01066786116109091,0.020702802161454543,-0.010034941000363633,-0.011267668273090906,0.6163636363636364,275,275,2757
2016-08-31,-0.04562799002368132,0.010473951554945054,0.03619560718937729,-0.025721655634432235,-0.02683887175164835,0.5586080586080586,273,273,2737
2016-09-30,0.10029886437440148,-0.0179011930003663,-0.06307526554212455,0.045174072541758245,0.0440275523952381,0.5732600732600732,273,273,2739
2016-10-31,-0.04618860226425832,0.10182882685919117,0.09779333142205882,0.004035495437132358,0.0028296130841911817,0.6029411764705883,272,272,2728
2016-11-30,-0.04071174148920301,0.03589107279233577,0.022862043431386862,0.013029029360948907,0.011718810382846718,0.6551094890510949,274,274,2740
2016-12-31,0.14223945472804495,0.031279844097069597,-0.00046838539633699673,0.031748229493406596,0.030484493229670333,0.6318681318681318,273,273,2737
2017-01-31,0.06150211072620741,0.015486994255109491,0.01592448355,-0.0004374892948905088,-0.0017440586379562023,0.6532846715328468,274,274,2749
2017-02-28,0.07816038786629043,0.01131753660839416,-0.0015280302850364973,0.012845566893430657,0.011663085141605838,0.5912408759124088,274,274,2745
2017-03-31,0.04898414115587377,0.015484027564468865,-0.008118852065567766,0.02360287963003663,0.0224710114981685,0.5659340659340659,273,273,2733
2017-04-30,-0.0004969180035529395,-0.02951544470588235,-0.028752109975,-0.0007633347308823521,-0.0019912759073529404,0.6139705882352942,272,272,2727
2017-05-31,0.04442946125871098,0.042568126040590404,0.04059482801623616,0.001973298024354246,0.000807246363837641,0.5830258302583026,271,271,2713
2017-06-30,0.10148915519728817,0.025245781992619922,-0.0001934877546125483,0.02543926974723247,0.024299048345018448,0.570110701107011,271,271,2710
2017-07-31,0.020909762071568624,-0.017631828888888892,0.006434635215925925,-0.024066464104814816,-0.025314612252962963,0.624074074074074,270,270,2705
2017-08-31,0.07390923034275396,0.06332591158656715,0.05750799520373134,0.005817916382835818,0.004620155188805967,0.5988805970149254,268,268,2684
2017-09-30,0.0846580183055758,0.00790860300783582,-0.005068886828358209,0.012977489836194029,0.01177972864216418,0.5988805970149254,268,268,2683
2017-10-31,0.041065820170193605,0.0364391440340824,0.027358917719850183,0.00908022631423222,0.007866743168164804,0.6067415730337079,267,267,2672
2017-11-30,0.05642939048300483,0.011700897177985075,0.011458529193283586,0.00024236798470148903,-0.0009330051496268693,0.5876865671641791,268,268,2683
2017-12-31,0.08650410283968972,0.025045597852985074,0.029413044748507464,-0.004367446895522389,-0.005531626000000001,0.5820895522388059,268,268,2681
2018-01-31,-0.031354212648198355,-0.05301247283320895,-0.0517778809585821,-0.0012345918746268503,-0.002480860531343268,0.6231343283582089,268,268,2683
2018-02-28,-0.02609185890839584,0.0017481274666666666,0.006215449223220975,-0.004467321756554309,-0.005590917262172286,0.5617977528089888,267,267,2676
2018-03-31,-0.07466354759571008,0.00764840129924812,0.024174546968796992,-0.016526145669548874,-0.017608852436466167,0.5413533834586466,266,266,2660
2018-04-30,-0.0833501576514792,0.025596333893632958,0.053218739857677895,-0.027622405964044937,-0.028839634428464413,0.6086142322097379,267,267,2670
2018-05-31,-0.028183096246370096,-0.00320331765318352,0.006631678985018728,-0.009834996638202248,-0.010954846825468167,0.5599250936329587,267,267,2675
2018-06-30,0.17885424945884815,0.035186973999999996,-0.003067532477902622,0.03825450647790262,0.03710094842546816,0.5767790262172285,267,267,2671
2018-07-31,-0.014111520697413988,0.024458348269172932,0.042607697134962395,-0.018149348865789464,-0.019416266159022547,0.6334586466165413,266,266,2660
2018-08-31,0.04095902450847311,-0.01942294805207547,-0.026262853413207544,0.0068399053611320725,0.005685188379999997,0.5773584905660378,265,265,2651
2018-09-30,0.07376974044155932,-0.07768095262121211,-0.11964900153219697,0.041968048910984865,0.040911230729166685,0.5284090909090908,264,264,2646
2018-10-31,0.0379816134867789,0.011299162009615385,-0.01852044564653846,0.029819607656153845,0.02864268457923077,0.5884615384615384,260,260,2607
2018-11-30,0.02424434113342618,-0.10565923201744187,-0.11426703442403101,0.008607802406589135,0.007398500081007739,0.6046511627906976,258,258,2580
2018-12-31,0.2018462787464596,0.14162047437142858,0.08526941902142857,0.05635105535000001,0.055220102969047634,0.5654761904761905,252,252,2527
2019-01-31,-0.01618940398337548,0.0452006082317647,0.05057011276941177,-0.00536950453764707,-0.006773426106274521,0.7019607843137254,255,255,2555
2019-02-28,0.13087504490256174,-0.01341379869764706,-0.032289700741176465,0.018875902043529406,0.017648451063137248,0.6137254901960785,255,255,2557
2019-03-31,0.12406904126109877,0.037166762310588235,0.005277655849019608,0.031889106461568624,0.03072047901058823,0.5843137254901961,255,255,2551
2019-04-30,0.05163509075243511,-0.0894167888448819,-0.0744006837940945,-0.015016105050787404,-0.016311380641338587,0.6476377952755906,254,254,2548
2019-05-31,0.12418789867686299,0.07357229071912351,0.04370816673585658,0.029864123983266933,0.028652968604780876,0.6055776892430278,251,251,2517
2019-06-30,0.07667444522989798,0.0060901374400634915,-0.019152208113492063,0.025242345553555555,0.024123297934507935,0.5595238095238095,252,252,2528
2019-07-31,0.056977990101855044,-0.055489927970916335,-0.062272001718725094,0.006782073747808759,0.005590838688047803,0.595617529880478,251,251,2517
2019-08-31,0.17785733611632246,0.060477452938554215,0.007885135274297187,0.052592317664257024,0.051459787543775094,0.5662650602409639,249,249,2495
2019-09-30,-0.012783444221475777,0.007690783308467742,0.0003961036681451613,0.007294679640322581,0.006080969962903225,0.6068548387096775,248,248,2485
2019-10-31,-0.03151522103100467,0.03599233521376518,0.04325796449838056,-0.0072656292846153825,-0.008419475438461537,0.5769230769230769,247,247,2470
2019-11-30,-0.04655587600861352,0.03625641475836734,0.04646372719551021,-0.010207312437142867,-0.011395067539183682,0.5938775510204082,245,245,2454
2019-12-31,0.17118993690131212,-0.030378924836437247,-0.06141693837813765,0.031038013541700403,0.029843681557894734,0.597165991902834,247,247,2470
2020-01-31,-0.149629065991555,-0.11924750049224489,-0.07852572811714285,-0.040721772375102036,-0.04189320094653061,0.5857142857142856,245,245,2450
2020-02-29,-0.08945015999072094,-0.32067996420330575,-0.2250163703082645,-0.09566359389504125,-0.09671318067190075,0.5247933884297521,242,242,2422
2020-03-31,0.22887530598230396,0.2191988582125,0.09776792537410714,0.12143093283839285,0.12018093283839285,0.625,224,224,2247
2020-04-30,-0.022565958362766474,0.018738860721551728,0.058456079175,-0.03971721845344828,-0.04124739086724138,0.7650862068965517,232,232,2324
2020-05-31,-0.022025298064737367,0.03762766086266095,0.04623117365536481,-0.008603512792703862,-0.009719392621030042,0.5579399141630901,233,233,2334
2020-06-30,0.11471927046982398,0.017756197698504273,0.005904649205128205,0.011851548493376069,0.010556676698504274,0.6474358974358974,234,234,2346
2020-07-31,0.013885059290515743,0.057910933315744685,0.06568430170936171,-0.007773368393617024,-0.009054219457446812,0.6404255319148937,235,235,2350
2020-08-31,0.005906606875376128,-0.03967729041554622,-0.033783229347058824,-0.005894061068487395,-0.007120951824789916,0.6134453781512604,238,238,2386
2020-09-30,-0.005192585675102588,0.013394217493670887,0.011682278729113921,0.001711938764556966,0.0005895758953586537,0.5611814345991561,237,237,2373
2020-10-31,-0.07535407501429242,0.1808076779444915,0.20825991976822034,-0.027452241823728823,-0.02873614012881357,0.641949152542373,236,236,2364
2020-11-30,-0.17479833595733396,0.04072954266419753,0.07162689902057613,-0.0308973563563786,-0.03221834401069959,0.6604938271604939,243,243,2438
2020-12-31,0.019969866274414928,0.03193135996122449,0.04637696715551021,-0.014445607194285719,-0.01554764801061225,0.5510204081632653,245,245,2454
2021-01-31,-0.08793366494244446,0.07783086171720001,0.09644920609160001,-0.018618344374400006,-0.019798344374400006,0.59,250,250,2505
2021-02-28,0.25679255272434026,0.0919386952984252,0.001496557600787406,0.0904421376976378,0.08932402746141732,0.5590551181102362,254,254,2542
2021-03-31,0.16039129471744434,0.051985491625781255,0.013791411405859376,0.03819408021992188,0.03684251771992188,0.67578125,256,256,2568
2021-04-30,0.10450127117878796,0.055337629494980695,0.009706781763706563,0.045630847731274134,0.04441849251891892,0.6061776061776062,259,259,2592
2021-05-31,-0.08285540454133553,-0.005636763052490422,0.03817433618199234,-0.043811099234482766,-0.04490688467509579,0.5478927203065134,261,261,2616
2021-06-30,0.09021267829001935,-0.0005744921148288979,-0.05554943894068441,0.05497494682585551,0.053838064696577946,0.5684410646387832,263,263,2639
2021-07-31,0.06605221321384747,0.026647754973664128,0.013602307427480914,0.013045447546183213,0.011881325408778634,0.58206106870229,262,262,2628
2021-08-31,0.06473967847407687,-0.00779069252519084,-0.024399139490458015,0.016608446965267174,0.015432874446183204,0.5877862595419847,262,262,2628
2021-09-30,0.04262522422121584,0.030944904339694653,0.039476901111450385,-0.008531996771755732,-0.009535813565648862,0.5019083969465649,262,262,2625
2021-10-31,0.09698711183915104,-0.021071373795419845,-0.0730567366740458,0.05198536287862596,0.050870859061832065,0.5572519083969465,262,262,2626
2021-11-30,0.11268773987995721,0.054866977166666664,0.00381942691302682,0.05104755025363984,0.049913450636781605,0.5670498084291188,261,261,2614
2021-12-31,0.31107605608992644,0.011874415301520913,-0.1086538733121673,0.12052828861368822,0.11941041789125477,0.55893536121673,263,263,2636
2022-01-31,-0.04479157750321402,0.0003466536681818182,-0.0022265889928030267,0.002573242660984845,0.00133839417613636,0.6174242424242424,264,264,2640
2022-02-28,0.005676839372635892,0.017162368806463876,0.0184545167,-0.001292147893536124,-0.0023643912395437286,0.5361216730038023,263,263,2639
2022-03-31,0.07674092232509565,-0.05705864754090908,-0.10958277274090908,0.0525241252,0.05144457974545455,0.5397727272727273,264,264,2645
2022-04-30,0.15648992870373393,0.03141400490038168,-0.022724881218702288,0.05413888611908397,0.053012931920610684,0.5629770992366412,262,262,2629
2022-05-31,0.0017879358826523096,-0.08678016697923079,-0.087844901435,0.0010647344557692118,-8.911169807694196e-05,0.5769230769230769,260,260,2609
2022-06-30,0.11586557241656706,0.09318880909960785,0.07318430427568626,0.02000450482392159,0.01887901462784316,0.5627450980392157,255,255,2556
2022-07-31,0.041512227282455676,-0.013874789501171877,0.0012999756878906265,-0.015174765189062503,-0.016373983939062503,0.599609375,256,256,2567
2022-08-31,0.0044615875080772196,-0.10245939811921567,-0.09845063524862745,-0.0040087628705882256,-0.005063664831372539,0.5274509803921569,255,255,2558
2022-09-30,0.19105523219612539,0.12428684442222222,0.061032052616666665,0.06325479180555556,0.062298442599206354,0.47817460317460314,252,252,2522
2022-10-31,0.07559154644253081,0.045491161483266936,0.023138821739442227,0.02235233974382471,0.021085407472908373,0.6334661354581673,251,251,2513
2022-11-30,0.05008022880142936,-0.039960129304382475,-0.06674708709163346,0.026786957787250987,0.025524009580079672,0.6314741035856574,251,251,2516
2022-12-31,-0.003411456945147706,0.09271795372489797,0.0876410585987755,0.0050768951261224715,0.003946282881224512,0.5653061224489796,245,245,2456
2023-01-31,0.10996641126756657,-0.009105871683467744,-0.03140175971693548,0.022295888033467735,0.02100959771088709,0.6431451612903226,248,248,2482
2023-02-28,0.08694508742821755,-0.03918544237142857,-0.050548081488163255,0.011362639116734685,0.010232026871836726,0.5653061224489796,245,245,2457
2023-03-31,-0.07255668367059827,-0.03966945330864198,-0.013175881109876542,-0.026493572198765438,-0.02774871623168725,0.6275720164609053,243,243,2431
2023-04-30,0.0065418759153213135,-0.04119920877685951,-0.03198120371900827,-0.009218005057851239,-0.010329575305785123,0.5557851239669422,242,242,2422
2023-05-31,0.06875100947830787,0.08783610052083334,0.06376606036666668,0.024070040154166653,0.02283670682083332,0.6166666666666667,240,240,2406
2023-06-30,-0.008217003684417346,0.064996910775,0.06821141853583335,-0.003214507760833346,-0.004477007760833346,0.63125,240,240,2408
2023-07-31,0.19983242707903093,-0.01927211246473029,-0.07925971851618258,0.059987606051452286,0.05868055210954357,0.6535269709543569,241,241,2417
2023-08-31,0.06855833604459495,-0.042417322568487396,-0.06044818177352942,0.01803085920504202,0.0166821197092437,0.6743697478991597,238,238,2389
2023-09-30,-0.06016871735478694,-0.06295496494683545,-0.05312527486286919,-0.009829690083966253,-0.010922517088185662,0.5464135021097046,237,237,2370
2023-10-31,0.10093872269393017,0.08914593680815451,0.06828235076137339,0.020863586046781124,0.019687620381545073,0.5879828326180258,233,233,2336
2023-11-30,-0.2809419419998407,0.06444498598632478,0.16494644153076923,-0.10050145554444445,-0.1017578658008547,0.6282051282051282,234,234,2343
2023-12-31,0.29586349846132903,-0.004177735540425532,-0.07689949637872341,0.07272176083829789,0.07163239913617023,0.5446808510638298,235,235,2355
2024-01-31,-0.10154567819934839,0.017951198765909088,0.0603480334,-0.04239683463409091,-0.044392289179545456,0.9977272727272728,220,220,2206
2024-02-29,0.27298610806341134,0.05351210367330316,-0.01802272436877828,0.07153482804208144,0.07072939817782806,0.40271493212669685,221,221,2212
2024-03-31,0.10824669901863009,-0.06197331793607305,-0.10178637190913241,0.039813053973059356,0.038945474064383555,0.4337899543378996,219,219,2192
2024-04-30,0.0200567710280826,0.037811364269124424,0.025579172732718897,0.012232191536405528,0.011213758356682025,0.5092165898617511,217,217,2171
2024-05-31,-0.05002055707948134,-0.03157307557302326,-0.03348191793302325,0.001908842359999989,0.0008716330576744077,0.5186046511627906,215,215,2156
2024-06-30,0.04939566636644202,0.06970282511302327,0.04972950227581395,0.019973322837209317,0.01906634609302327,0.45348837209302323,215,215,2157
2024-07-31,0.07671870637153654,-0.006096490529166667,-0.02558783878657407,0.019491348257407407,0.01854690381296296,0.4722222222222222,216,216,2166
2024-08-31,-0.01639220342618488,-0.005537116696728972,0.020792570707009347,-0.026329687403738318,-0.0272222107682243,0.4462616822429907,214,214,2148
2024-09-30,-0.06482895152820915,-0.030677649597663552,0.025936647178504676,-0.05661429677616823,-0.05748812855186916,0.4369158878504673,214,214,2144
2024-10-31,-0.08583099495228544,0.049148155080555554,0.07455585172314816,-0.025407696642592605,-0.026393807753703716,0.4930555555555555,216,216,2168
2024-11-30,0.12111833143967002,-0.0643810265716981,-0.10165619376462265,0.03727516719292455,0.036350638891037755,0.46226415094339623,212,212,2129
2024-12-31,,0.0286461758,0.0935240669,-0.0648778911,-0.0668778911,1.0,1,1,3
2025-01-31,0.104278445117923,-0.023515261795132743,-0.07824115616946904,0.054725894374336295,0.05273031915309736,0.997787610619469,226,226,2262
2025-02-28,-0.04074163935362806,-0.045790748787892376,-0.05964323424798206,0.013852485460089686,0.01263275451838565,0.6098654708520179,223,223,2239
2025-03-31,-0.07654908056939035,-0.033910471714027154,-0.030390061480090498,-0.0035204102339366564,-0.004687831048416294,0.583710407239819,221,221,2213
2025-04-30,0.031267693097495004,0.040284680670319636,0.055476767100913246,-0.01519208643059361,-0.016529985973972604,0.6689497716894978,219,219,2190
2025-05-31,-0.10188076763477666,0.026370789889090907,0.05460802643727272,-0.028237236548181815,-0.029455418366363634,0.6090909090909091,220,220,2203
2025-06-30,-0.07652576707686622,-0.0013216590842342348,0.018421669111261262,-0.019743328195495496,-0.020833418285585586,0.545045045045045,222,222,2229
2025-07-31,0.0735135846761307,0.06715701943828829,0.06495184371261262,0.002205175725675676,0.0009979685184684686,0.6036036036036037,222,222,2223
2025-08-31,-0.029713660294161337,-0.007651163458035714,0.022817779745982144,-0.030468943204017856,-0.03169662177544643,0.6138392857142858,224,224,2244
2025-09-30,-0.07706932540538536,-0.025040154942666665,-0.013479008863111108,-0.011561146079555558,-0.012663368301777781,0.5511111111111111,225,225,2259
2025-10-31,0.14822738429370969,0.03027857653794643,-0.03706289605357143,0.06734147259151786,0.06618075830580358,0.5803571428571428,224,224,2242
