eom,ic_spearman,long_ret,short_ret,qspread,net_qspread,turnover,n_long,n_short,n_universe,gross_exposure
1986-01-31,0.07923428409641399,0.04211122988470033,0.05144595192107935,-0.009334722036379021,-0.011334722036379022,0.9999999999999999,169,169,1692,1.9999999999999998
1986-02-28,0.13242903914136986,0.018086192160408535,0.02785133854013973,-0.009765146379731197,-0.012066057729439784,1.1504556748542936,169,169,1698,2.0
1986-03-31,0.016235761913988532,-0.023592451569751257,-0.01174938870663782,-0.011843062863113436,-0.014156354028284364,1.1566455825854642,174,174,1745,1.9999999999999998
1986-04-30,0.12561146437024498,0.04869752843286826,0.014236846826988853,0.03446068160587941,0.03178430526071285,1.3381881725832776,175,175,1756,2.0
1986-05-31,0.1604487074525364,0.0118921353833966,-0.0308024411227745,0.0426945765061711,0.04021347083183893,1.240552837166085,176,176,1765,2.0
1986-06-30,0.14507437320377303,-0.0348485463462392,-0.09881379460908174,0.06396524826284254,0.0614527572714346,1.2562454957039693,179,179,1798,2.0000000000000004
1986-07-31,0.10351512662472687,0.09603556003579512,0.04424500803956113,0.051790551996233995,0.049003122831719426,1.3937145822572843,178,178,1789,2.0
1986-08-31,0.0657502675425504,-0.07429052371762679,-0.05044004667423588,-0.02385047704339091,-0.026802774558688524,1.4761487576488066,178,178,1786,2.0
1986-09-30,0.1623740354656573,0.05826551695969316,0.02736095386881339,0.030904563090879772,0.02824616986975163,1.3291966105640705,179,179,1797,2.0
1986-10-31,0.0715477345428259,-0.0028872859215796367,-0.009995784793700101,0.007108498872120464,0.004406232521504655,1.3511331753079046,180,180,1802,2.0
1986-11-30,0.0966948708913024,-0.028905498367565355,-0.026735941166455633,-0.0021695572011097217,-0.004582092224350842,1.2062675116205601,180,180,1805,2.0
1986-12-31,-0.07921559269993302,0.09540663157287282,0.11851449416656132,-0.023107862593688494,-0.025436818002992783,1.1644777046521444,182,182,1823,2.0
1987-01-31,-0.09633655591282093,0.030474040944752215,0.08230977680079406,-0.05183573585604184,-0.054319463850214925,1.2418639970865413,185,185,1857,1.6612720730622796
1987-02-28,0.026939280348653446,-0.0018102563216688817,0.02665805130743882,-0.0284683076291077,-0.030577495003856522,1.0545936873744104,188,188,1880,1.66040897291305
1987-03-31,-0.018277194752549093,-0.03998233380726923,-0.019294756773221816,-0.020687577034047416,-0.02254682869623436,0.9296258310934722,193,193,1933,1.7155599121304335
1987-04-30,-0.03874356644475003,-0.009291929095896906,-0.0011945822851593887,-0.008097346810737517,-0.010375557421825603,1.1391053055440423,193,193,1936,1.7277280455423867
1987-05-31,0.1271580323695252,0.05082314118201435,0.01466765118742409,0.036155489994590256,0.03405854985628322,1.0484700691535203,194,194,1942,1.777432238720229
1987-06-30,-0.0354919744730551,0.005782336298234401,0.04622228150931293,-0.04043994521107853,-0.0427018346434445,1.130944716182988,196,196,1967,1.8139298590516697
1987-07-31,0.16851476245378014,0.04478400654033905,-0.0031214786073809455,0.04790548514772,0.04549889898333312,1.2032930821934422,199,199,1993,1.8509622731877247
1987-08-31,0.049296430863969516,-0.02349070710298463,-0.026714549721948994,0.0032238426189643635,0.0010494670918567493,1.087187763553807,200,200,2004,1.8878770314479607
1987-09-30,0.3318530574081392,-0.1424774978435991,-0.3124925854856196,0.1700150876420205,0.1679198512153248,1.047618213347858,202,202,2026,1.9045353049235623
1987-10-31,0.09950950316044326,-0.02774916854938199,-0.04280059078493093,0.015051422235548943,0.012473565641594162,1.2889282969773905,189,189,1894,1.268118779323527
1987-11-30,0.10786136508036048,0.040182736220276204,0.04788611758355176,-0.007703381363275558,-0.009585321698609765,0.9409701676671036,185,185,1857,1.2901238322076747
1987-12-31,0.2520301037203171,0.07536364217442938,0.007605633343798709,0.06775800883063067,0.06603507611909237,0.8614663557691485,189,189,1897,1.3058378127737205
1988-01-31,0.015114492836915391,0.023341336285211373,0.04087027138065636,-0.017528935095444988,-0.01932074611663276,0.895905510593886,192,192,1922,1.3148661338198875
1988-02-29,-0.08094073322187935,-0.017517093037630924,0.018605787640480213,-0.03612288067811113,-0.03774790255342736,0.8125109376581121,194,194,1946,1.3356775414316133
1988-03-31,0.008294188399019409,-0.006760127649390729,-0.010586181892685724,0.003826054243294995,0.0025544929365591646,0.635780653367915,198,198,1980,1.3581238670675129
1988-04-30,0.09619650050389257,0.01114349605794967,-0.01831655680712578,0.02946005286507545,0.02784763783057593,0.8062075172497609,197,197,1973,1.3829503328953812
1988-05-31,0.07546782527862242,0.045693022110078266,0.019422394548706434,0.026270627561371832,0.024533724534682083,0.8684515133448751,196,196,1969,1.407633082705958
1988-06-30,0.1527411012618481,-0.003591512801685311,-0.026428757202488593,0.022837244400803283,0.02088109228014052,0.9780760603313818,199,199,1998,1.425422930590926
1988-07-31,0.10956889501794877,-0.0062037716817494966,-0.024395557102744977,0.01819178542099548,0.016409767957705868,0.8910087316448063,199,199,1995,1.4475770775808048
1988-08-31,0.14370016424902624,0.02546877716047933,0.002223905207328891,0.023244871953150437,0.0216717546503191,0.7865586514156702,197,197,1977,1.4693720984315966
1988-09-30,0.14952500153983103,0.010242320265036145,-0.017142965334029626,0.02738528559906577,0.025841932070067585,0.771676764499094,200,200,2001,1.4915489574648784
1988-10-31,0.09392643414499453,-0.025193868931037568,-0.01633081103591015,-0.008863057895127417,-0.010824920078344449,0.9809310916085157,199,199,1991,1.5141592096431797
1988-11-30,0.007131098624116399,0.009096535074748155,0.021306292159769022,-0.012209757085020867,-0.013803574779713883,0.7969088473465082,198,198,1985,1.531653540101276
1988-12-31,0.0479549479085286,0.03721983733876293,0.046818815499895666,-0.009598978161132733,-0.011271274226059794,0.8361480324635304,199,199,1992,1.5520335431741388
1989-01-31,0.042309629376861294,-0.0028067875099533016,-0.0011168146921773207,-0.001689972817775981,-0.004142283540937037,1.226155361580528,203,203,2030,1.562828743013497
1989-02-28,0.09125283248121498,0.008852823362027584,0.0012909444623970395,0.007561878899630545,0.005488472657706163,1.0367031209621906,202,202,2025,1.5764346544695156
1989-03-31,0.07684362011644698,0.034816139281331274,0.02151067085563032,0.013305468425700955,0.011349578300058383,0.9779450628212856,204,204,2040,1.5800346383647783
1989-04-30,0.04203016424005527,0.031110907063264574,0.042171137220002375,-0.0110602301567378,-0.013297006620093461,1.1183882316778304,204,204,2043,1.5793868099510622
1989-05-31,0.0861822478462822,-0.007875887177026149,-0.034320314042085645,0.026444426865059496,0.024363924455991497,1.0402512045340004,204,204,2048,1.5788956565001304
1989-06-30,0.1666430214356338,0.06729431643154976,0.011703963592612499,0.05559035283893726,0.05349352001297809,1.048416412979589,204,204,2044,1.5771962420253698
1989-07-31,0.08621977708015366,0.025493312481488225,0.011213151125212744,0.014280161356275481,0.01187395959787479,1.2031008792003455,205,205,2055,1.5999494601649644
1989-08-31,0.04643497434432311,-0.01000438406066912,-0.009850543708531162,-0.00015384035213795826,-0.002434303936022119,1.1402317919420804,204,204,2046,1.6407788323200894
1989-09-30,0.03654665908520062,-0.050511449459287705,-0.03925925871058786,-0.011252190748699847,-0.01343567496971678,1.0917421105084664,205,205,2051,1.6846795990604233
1989-10-31,0.018101603718067693,0.00015340439424932437,0.008705237128943406,-0.008551832734694082,-0.01071740135228054,1.0827843087932283,203,203,2031,1.6760906315178559
1989-11-30,0.02929665979110404,0.0017932651313454957,0.008760533568460004,-0.006967268437114508,-0.00921010433405416,1.121417948469826,203,203,2030,1.6762852967504474
1989-12-31,0.040166955735235904,-0.05604977721834738,-0.09036705484618884,0.034317277627841467,0.032055841820022704,1.1307179039093798,202,202,2025,1.6857736038254445
1990-01-31,0.08083205157690197,0.014777553686122281,0.0058531435872905225,0.00892441009883176,0.0064084699829167445,1.2579700579575075,199,199,1993,1.7371818430828367
1990-02-28,0.08093092853187696,0.02783846277628968,0.009389920485552468,0.01844854229073721,0.016019251812473673,1.2146452391317686,198,198,1986,1.77320102196019
1990-03-31,0.06963356514555187,-0.045225096354780295,-0.055811968645367,0.010586872290586705,0.00820299260550428,1.1919398425412124,200,200,2002,1.7736727189144685
1990-04-30,0.07825033403900841,0.07681148571838023,0.06563008383719841,0.011181401881181816,0.008722097691096652,1.2296520950425815,198,198,1984,1.7616548374415766
1990-05-31,0.03271687423689297,-0.008867513577205489,-0.003856421752704283,-0.005011091824501206,-0.007562358655590001,1.2756334155443971,200,200,2009,1.71026430120081
1990-06-30,0.05558288092126096,-0.03738400552653171,-0.047433618835211494,0.010049613308679782,0.007634032195910686,1.2077905563845484,201,201,2017,1.7226768961785484
1990-07-31,-0.013047576942246732,-0.09389749468771975,-0.054890005824333885,-0.03900748886338587,-0.04145050970498669,1.2215104208004117,199,199,1996,1.719021404596618
1990-08-31,-0.07814708397924902,-0.08232127139094936,-0.03029915047281823,-0.05202212091813113,-0.05427866230899171,1.1282706954302908,192,192,1928,1.6718107589467563
1990-09-30,0.11678544101485147,-0.046513286642216475,-0.057678107121403935,0.01116482047918746,0.009174453472198918,0.9951835034942711,187,187,1872,1.6409038900369741
1990-10-31,0.1782054967938539,0.18142917709730932,0.07203610817725183,0.1093930689200575,0.10624871553755956,1.572176691248969,181,181,1813,2.3689658538442444
1990-11-30,0.1244404796227744,0.0621188322492727,0.020646496119439205,0.04147233612983349,0.037854020035068055,1.809158047382717,182,182,1820,2.0520858024042017
1990-12-31,0.07387501585490125,0.09971561638665977,0.048688699256250315,0.05102691713040945,0.04808636290278385,1.4702771138128017,182,182,1825,2.058082017378775
1991-01-31,0.03413535619808292,0.1011189321215112,0.09817989308850156,0.002939039033009641,-0.0003685606399561874,1.6537998364829143,186,186,1860,2.0087987444493955
1991-02-28,0.05220981364434891,0.03729103986987528,0.030922875803226675,0.006368164066648606,0.003568706327757676,1.3997288694454648,194,194,1946,1.893918887391207
1991-03-31,0.10378843069721261,0.02145891829800825,-0.012981522094728587,0.03444044039273684,0.032098927932898036,1.1707562299194016,197,197,1975,1.8901338813233166
1991-04-30,0.08447176986584673,0.044068736747232974,0.03283920142001713,0.011229535327215844,0.008523311947985812,1.353111689615016,199,199,1993,1.891212053782458
1991-05-31,0.14373345537879906,-0.018599290625228436,-0.07285498132628636,0.05425569070105792,0.05166799839856371,1.2938461512471056,200,200,2005,1.8812705955275062
1991-06-30,0.09662508807639378,0.03825638950942553,0.0342472185841077,0.004009170925317829,0.0013310738967160845,1.3390485143008721,199,199,1997,1.8471977659881182
1991-07-31,0.0015810770573090362,0.017900453443096338,0.03335987951579242,-0.01545942607269608,-0.01810299108061133,1.3217825039576234,201,201,2016,1.841777439287509
1991-08-31,0.024982273080517824,-0.01389072974103462,-0.016435757958400868,0.002545028217366248,0.00013346893469779212,1.2057796413342279,202,202,2021,1.8413449517421008
1991-09-30,0.010604495499833761,0.005157459618647837,0.027447693807425663,-0.022290234188777826,-0.024700202866250465,1.2049843387363195,203,203,2030,1.8361756810209835
1991-10-31,0.05765248314978899,-0.054544987707583974,-0.0663834293910448,0.011838441683460828,0.009459234971763198,1.189603355848815,204,204,2049,1.8343372715931712
1991-11-30,0.16024403531230985,0.10981051444131104,0.06181095180478666,0.047999562636524384,0.045833401688275696,1.0830804741243445,205,205,2056,1.79196122800769
1991-12-31,0.08202692744917743,0.05318356693727155,0.02162243887419733,0.03156112806307422,0.028941383762321592,1.3098721503763135,208,208,2089,1.7312796768427234
1992-01-31,0.018725300906558377,0.015137138689912547,0.031190386820492858,-0.01605324813058031,-0.01894425419787887,1.44550303364928,217,217,2172,1.7359447951006521
1992-02-29,0.10998751604728486,-0.017520047752985192,-0.047332964418339826,0.029812916665354634,0.027766195228927548,1.023360718213543,220,220,2208,1.732819312896669
1992-03-31,0.14209817341966297,0.01603055648403816,-0.03428949125277019,0.05032004773680836,0.048252405946145806,1.0338208953312749,224,224,2240,1.7152048518624508
1992-04-30,-0.010897366621214648,0.009815633086827879,0.025843301543233006,-0.016027668456405127,-0.018405891573338055,1.1891115584664642,222,222,2229,1.7126801622210546
1992-05-31,0.11946465220171963,-0.01536903764111617,-0.03017507889423915,0.01480604125312298,0.012670852686138191,1.0675942834923942,224,224,2244,1.7198063607683196
1992-06-30,0.07305435844299302,0.042719027320699036,0.02779525170308979,0.014923775617609245,0.01284376486736093,1.0400053751241576,223,223,2237,1.7196536589003248
1992-07-31,0.10822905398625884,-0.016888036734756653,-0.04439111037369123,0.027503073638934575,0.025131651811819648,1.1857109135574633,225,225,2257,1.7249904012053605
1992-08-31,0.058633237501910976,0.010656728505289169,0.02347292112271287,-0.0128161926174237,-0.0149848291415955,1.0843182620859007,223,223,2239,1.7128247067759448
1992-09-30,0.03856020042267277,0.01326612672127118,0.013472539731554092,-0.00020641301028291245,-0.002186128474468707,0.9898577320928971,225,225,2254,1.712100945798265
1992-10-31,-0.052314606886366403,0.04518905734382757,0.07791727197837733,-0.032728214634549765,-0.035096390557838524,1.18408796164438,227,227,2277,1.7367005634298107
1992-11-30,0.07354286616186426,0.022574633772855124,0.006818548699336159,0.015756085073518965,0.013486311061695597,1.1348870059116836,230,230,2309,1.703683060439336
1992-12-31,0.017313767048081175,0.0108136125086625,0.0027230804620998845,0.008090532046562616,0.006125981299124087,0.9822753737192647,235,235,2354,1.7043147651959945
1993-01-31,0.1030887045471849,0.0060259059903440245,-0.016897977481095124,0.022923883471439147,0.02069647527097006,1.1137041002345436,237,237,2377,1.7757087557050164
1993-02-28,0.028263060740610524,0.022661742225808162,0.01528770029299069,0.007374041932817472,0.0055382391432681945,0.917901394774639,238,238,2382,1.77234271550816
1993-03-31,0.017943397314672663,-0.023093513738379347,-0.016567262384497565,-0.006526251353881782,-0.00848811956307673,0.9809341045974737,244,244,2442,1.7722359869483688
1993-04-30,0.025425631101815848,0.02864327004366229,0.04098412214890856,-0.012340852105246266,-0.014545866268905687,1.1025070818297105,244,244,2440,1.8024934060530822
1993-05-31,0.10752523472368145,0.022640194927763098,-0.013838186095467393,0.03647838102323049,0.03441136221048764,1.0335094063714232,246,246,2469,1.8344401081001576
1993-06-30,0.019843175852504516,-0.012183394853035052,-0.009739388783869495,-0.0024440060691655573,-0.004597441828765873,1.0767178798001575,251,251,2515,1.8358319109367092
1993-07-31,-0.0015251064976789372,0.037510553972608864,0.04400051822735348,-0.006489964254744615,-0.00851456354500131,1.0122996451283481,252,252,2529,1.8640819472358314
1993-08-31,-0.008979177851553447,0.0012956627874985806,0.014429933754887776,-0.013134270967389196,-0.015227185679547041,1.046457356078922,256,256,2566,1.9562467887412622
1993-09-30,-0.061778653154807316,0.022948002660195112,0.035280311856897124,-0.012332309196702012,-0.014460031422894723,1.0638611130963551,260,260,2603,2.0414035249317
1993-10-31,0.06011568195181439,-0.022552192149861303,-0.027335945414144767,0.004783753264283465,0.0022044758827182227,1.289638690782621,264,264,2649,2.1186442677262245
1993-11-30,0.1307634428025317,0.04095206325930564,0.014953374444883412,0.02599868881442223,0.023364319336628747,1.3171847388967408,266,266,2660,2.3788914052499237
1993-12-31,0.021505060878969296,0.021852953668978,0.03691325600355175,-0.015060302334573748,-0.01791108961500762,1.4253936402169354,270,270,2708,2.3975555207649513
1994-01-31,0.09208091720613074,-0.02177134814120124,-0.036963182245207934,0.015191834104006693,0.012057003201253972,1.5674154513763612,274,274,2745,2.5028317798517166
1994-02-28,0.0879440423227483,-0.04309038606766345,-0.07804305477534229,0.03495266870767884,0.0319776164936465,1.48752610701617,275,275,2755,2.7008081791180127
1994-03-31,0.10767653015713675,0.02507311048201631,-0.016808202487225903,0.04188131296924222,0.03875060937201981,1.5653517986112053,275,275,2759,2.5606321070095523
1994-04-30,-0.00014046220680969103,-0.01031750864696516,0.007300742450463689,-0.017618251097428848,-0.020929326154234235,1.6555375284026925,278,278,2782,2.5572999745142386
1994-05-31,0.056358343007682755,-0.047409703512305466,-0.04979106707274467,0.0023813635604392064,-0.0007647611592952459,1.5730623598672262,278,278,2785,2.5813558307629174
1994-06-30,0.13705647109714322,0.034745538528333134,0.002716721774105154,0.03202881675422798,0.029134289474114613,1.4472636400566832,279,279,2791,2.5815216343680976
1994-07-31,0.08343166170365997,0.07435483755828894,0.07222083326896639,0.002134004289322547,-0.0010932766221002227,1.6136404557113848,279,279,2796,2.6004087665658435
1994-08-31,0.008930049759453306,-0.02897548495474225,-0.009045453256839623,-0.019930031697902625,-0.022872831129570816,1.4713997158340955,281,281,2817,2.4788234600539614
1994-09-30,0.10200313208151113,0.025672336404095164,-0.0007954509408643201,0.026467787344959484,0.023590311334490733,1.4387380052343754,283,283,2833,2.4675444092428833
1994-10-31,0.11570627513906681,-0.037348546263782825,-0.06626584760365865,0.02891730133987583,0.025830293218133658,1.543504060871085,283,283,2833,2.472890346093135
1994-11-30,0.1425466490310666,0.029429826120232566,-0.02591510660566565,0.055344932725898216,0.05223484258172969,1.5550450720842643,281,281,2812,2.5026926176554203
1994-12-31,0.15492754301948305,0.033729165557426805,-0.03728583643182924,0.07101500198925605,0.06756953244214944,1.722734773553301,279,279,2795,2.71807604752445
1995-01-31,0.08636093972032324,0.08077145590904361,0.04766151793913434,0.03310993796990927,0.02913358854495944,1.988174712474914,282,282,2827,2.7332262232351905
1995-02-28,0.05295410806504048,0.024260229519027367,0.012446773670366978,0.011813455848660389,0.00831344778074025,1.7500040339600693,284,284,2844,2.6121085361757195
1995-03-31,0.028500849539322012,0.023630276976907755,0.022738990475875496,0.0008912865010322589,-0.002295128784120904,1.5932076425765815,285,285,2853,2.655525620975318
1995-04-30,0.061422681585428,0.04974112694811883,0.01752496292826613,0.0322161640198527,0.02847792756882207,1.8691182255153165,287,287,2877,2.6656793162692054
1995-05-31,0.06743236225331525,0.07567198715134456,0.05108383317259965,0.024588153978744906,0.021119537637704834,1.7343081705200363,288,288,2889,2.645234358532152
1995-06-30,0.044944680082134716,0.03765232482292156,0.058380818320034125,-0.020728493497112567,-0.0241814148310685,1.726460666977967,292,292,2922,2.5752760133777084
1995-07-31,0.07294413420632988,0.029559105961199244,0.0216349610302221,0.007924144930977144,0.004576728641479606,1.6737081447487685,296,296,2961,2.5447313262412514
1995-08-31,0.1739136807377647,0.07323528877831112,0.0023003457958761424,0.07093494298243498,0.06790100185349073,1.51697056447213,299,299,2992,2.5930275314664573
1995-09-30,0.19363061701494008,-0.011960214830509215,-0.0812680321359027,0.06930781730539348,0.06621740724360652,1.5452050308934817,299,299,2999,2.546745740011738
1995-10-31,0.08067882293923957,0.0444094471990127,0.042379492811896805,0.0020299543871158954,-0.0013315605956693006,1.680757491392598,298,298,2981,2.434832379258482
1995-11-30,0.040408663418917946,0.002834233527129242,0.008369819821483854,-0.005535586294354612,-0.008621506233896521,1.5429599697709542,300,300,3005,2.4883027757603964
1995-12-31,0.08799825726161647,0.04844015340597632,0.013287683489022116,0.035152469916954206,0.03207693182163569,1.537769047659257,302,302,3021,2.4852106913370404
1996-01-31,0.08604129828903054,0.05929284702872382,0.0073172010369509126,0.05197564599177291,0.04830116890479012,1.837238543491393,304,304,3046,2.4704224419951686
1996-02-29,0.0686594541468575,0.004838658364487446,-0.011265321976098268,0.016103980340585716,0.012838814283317738,1.6325830286339893,304,304,3048,2.4544573307074087
1996-03-31,-0.07599243097983095,0.0222526388321497,0.0998807372495123,-0.0776280984173626,-0.0807662852136666,1.5690933981520017,308,308,3082,2.450871109293077
1996-04-30,0.020412262437062918,0.029223183214576932,0.03995262169250703,-0.0107294384779301,-0.014199916010240768,1.7352387661553343,313,313,3136,2.370098726347493
1996-05-31,0.2608205358817756,0.009527608909331865,-0.11264083483050943,0.1221684437398413,0.11918629651771163,1.49107361106483,319,319,3192,2.370776904377225
1996-06-30,0.21054722729560427,-0.07410837702572977,-0.1426990832310301,0.06859070620530032,0.06550001918817715,1.5453435085615883,319,319,3197,2.2341205208974304
1996-07-31,0.07227050114224695,0.04835421138677973,0.04130941972034539,0.00704479166643434,0.004003566748864731,1.5206124587848044,315,315,3158,1.9985808834519914
1996-08-31,0.07332828784487624,0.03503780279469088,0.02038756569562312,0.014650237099067761,0.012250293349055152,1.1999718750063046,318,318,3185,1.9954497830169495
1996-09-30,0.2026827687064903,0.005249987062977569,-0.05851615956871052,0.06376614663168809,0.06135263880561732,1.206753913035385,320,320,3201,1.9947220665255703
1996-10-31,0.1190380347562813,0.04567124134724623,0.034261315219446024,0.011409926127800209,0.00862459233802371,1.3926668948882495,320,320,3209,1.9815873258053716
1996-11-30,0.1458640607257718,0.017984524268183096,-0.013316194521920802,0.0313007187901039,0.02882552656446441,1.2375961128197437,322,322,3229,1.9873662383553925
1996-12-31,0.06971901226695414,0.03594240524573111,0.007855530189624984,0.02808687505610613,0.025579115642303925,1.2538797069011027,322,322,3225,1.9918010863458202
1997-01-31,0.212183453702818,0.012653686974981242,-0.06267913438931405,0.0753328213642953,0.07244454898337416,1.4441361904605678,326,326,3266,1.9989097898455892
1997-02-28,0.23427830838917169,-0.03288028268130377,-0.10935173874486617,0.0764714560635624,0.07381239238687716,1.329531838342618,326,326,3261,1.9998351859104386
1997-03-31,0.2038283135861823,0.05147694618212727,-0.03630810263972312,0.08778504882185038,0.08519514373228289,1.2949525447837502,322,322,3228,1.976638999393759
1997-04-30,-0.09342310647191782,0.0725163103223865,0.15621386985479246,-0.08369755953240596,-0.08659035213933651,1.4463963034652736,319,319,3199,1.9642653024674326
1997-05-31,0.1251755687599194,0.05530432199807739,0.030726608403328998,0.02457771359474839,0.02214141465859183,1.2181494680782803,324,324,3245,1.8250563374523654
1997-06-30,0.1439152766436838,0.09725652472792398,0.02363469023873002,0.07362183448919396,0.0712197483508144,1.201043069189775,325,325,3251,1.8687479524147879
1997-07-31,0.020787113200357116,0.0037865500825936247,0.045412356984057364,-0.04162580690146374,-0.04429287170550275,1.3335324020195052,326,326,3269,1.829920222398218
1997-08-31,0.04389293918946887,0.057060474360593014,0.06252846457550143,-0.005467990214908416,-0.008011308154375302,1.2716589697334428,329,329,3293,1.8554051952464767
1997-09-30,0.18984666025776412,-0.0368603791375038,-0.059498889145489633,0.022638510007985835,0.020235868692042663,1.201320657971586,334,334,3344,1.8592120091036226
1997-10-31,0.22419284001080372,0.01708419869918602,-0.032912894552952286,0.0499970932521383,0.047537855618234676,1.2296188169518134,333,333,3339,1.8083806366156852
1997-11-30,0.1820024635496969,0.011928880390702232,-0.029606443635959084,0.04153532402666132,0.03898426910435374,1.2755274611537883,332,332,3325,1.8568138703476822
1997-12-31,0.15194337264735286,0.02371642266006773,-0.019935664293095613,0.043652086953163347,0.041133964241908745,1.2590613556273018,327,327,3273,1.8532342721473283
1998-01-31,0.11162135438850038,0.0900285102935579,0.06412338452021449,0.025905125773343418,0.023154901624490548,1.3751120744264342,326,326,3263,1.8581823969989193
1998-02-28,0.09485080930759868,0.054065898245315325,0.024580789551077144,0.02948510869423818,0.026966691157087132,1.2592087685755238,328,328,3289,1.8418310668579658
1998-03-31,0.06388835320261323,0.01018556229472094,0.0006519466720662694,0.009533615622654671,0.007102667179399131,1.2154742216277703,332,332,3326,1.835829157424029
1998-04-30,0.12656441266965393,-0.03192605030272935,-0.08372401651842232,0.051797966215692964,0.04908604480853438,1.3559607035792922,334,334,3344,1.8348077694472273
1998-05-31,0.11031193619780227,0.02065080000964348,-0.0004556038744789673,0.021106403884122448,0.01870329851481761,1.2015526846524196,331,331,3319,1.7805191775151812
1998-06-30,0.09910936553276879,-0.040446752668251366,-0.08271223447045502,0.04226548180220365,0.03974729418734699,1.2590938074283318,326,326,3265,1.8087791854057866
1998-07-31,0.16375674478304567,-0.16180780795716207,-0.2148300216650591,0.05302221370789703,0.05049727705475209,1.2624683265724712,321,321,3212,1.7690051987726214
1998-08-31,0.09389371855543269,0.07391453027830291,0.05706859732659287,0.016845932951710045,0.014578268643323051,1.133832154193497,304,304,3045,1.4716197544703173
1998-09-30,0.13341554193532978,0.06888444094424653,0.040437391532448984,0.02844704941179755,0.026439014930711224,1.0040172405431624,304,304,3047,1.4603840975400166
1998-10-31,0.12435938262988738,0.05986417939843046,0.013343066431257867,0.046521112967172595,0.04448250041537033,1.0193062759011333,303,303,3032,1.4623604996160453
1998-11-30,0.09530268229123935,0.06501450809951495,0.03000719426024167,0.03500731383927328,0.033000827162351955,1.003243338460662,304,304,3043,1.4639914716587579
1998-12-31,0.04894632176353993,0.024667633620555258,0.028573179783299422,-0.0039055461627441647,-0.005805085778475259,0.949769807865547,304,304,3041,1.4560536508011734
1999-01-31,0.14424622203887474,-0.018626563688641868,-0.06122132685146033,0.04259476316281846,0.0404919650851711,1.051399038823683,307,307,3079,1.456268690540949
1999-02-28,0.01997705206113741,0.027009011617465512,0.023537049525564555,0.0034719620919009576,0.001461350543542678,1.0053057741791398,303,303,3037,1.449392611383319
1999-03-31,-0.017913230255098368,0.041579195124806914,0.0784466465008185,-0.03686745137601159,-0.03884724636433007,0.9898974941592362,298,298,2987,1.4477257462479443
1999-04-30,0.11743543916800173,0.020255177811561657,-0.009025023043187601,0.029280200854749257,0.0272486890287448,1.0157559130022284,302,302,3027,1.45628613115057
1999-05-31,0.0716519724039439,0.05369537924948871,0.030107058260896578,0.02358832098859213,0.02164757579345388,0.9703725975691251,306,306,3060,1.4623619371749932
1999-06-30,0.0874526668028911,-0.0002842183564150044,-0.049088629641718486,0.04880441128530348,0.04671664918495724,1.0438810501731197,305,305,3056,1.4836563049253475
1999-07-31,0.016995674001701527,-0.025412935981338303,-0.013757678610269218,-0.011655257371069086,-0.013873739385228146,1.1092410070795302,305,305,3051,1.567064782792819
1999-08-31,-0.003238309952027979,-0.012818195477022348,-0.0029040845026819953,-0.009914110974340352,-0.012115217333367161,1.1005531795134043,301,301,3012,1.5656899496525356
1999-09-30,0.10573394793528178,0.03694691360962931,0.04873623076484191,-0.0117893171552126,-0.013934672802780674,1.072677823784037,297,297,2974,1.563462299595946
1999-10-31,-0.0253892975426513,0.0411024524166555,0.08014939895433656,-0.039046946537681065,-0.041401753385096066,1.1774034237075002,295,295,2954,1.5643175915566436
1999-11-30,-0.0035054665959202134,0.04283973297798445,0.10555535047320248,-0.06271561749521803,-0.06489074441448596,1.0875634596339656,297,297,2972,1.5487036196661899
1999-12-31,0.0022980678459729865,-0.037411281975977984,-0.008468826317113525,-0.02894245565886446,-0.0309382575342635,0.9979009376995192,303,303,3037,1.5160541781335695
2000-01-31,-0.25201293719250883,-0.03406535505061267,0.15655692420353753,-0.1906222792541502,-0.19270864977610846,1.0431852609791252,305,305,3054,1.5034490184630245
2000-02-29,0.2644761351984374,0.11495841981328288,-0.13390590435898198,0.24886432417226484,0.2469502550628689,0.9570345546979571,308,308,3081,1.4464599282932573
2000-03-31,0.37466497716454245,0.030673416765390128,-0.1435103086454878,0.17418372541087793,0.17206283817652845,1.0604436171747413,305,305,3056,1.4126137563651227
2000-04-30,0.16656217040718377,0.005507979810479532,-0.06492789501685389,0.07043587482733342,0.06827421190691851,1.0808314602074514,298,298,2981,1.3716424606264288
2000-05-31,-0.07053209250255446,0.028608871884690558,0.13287950860176675,-0.1042706367170762,-0.10615887757197659,0.9441204274501955,292,292,2925,1.4204491706886406
2000-06-30,0.22105354604393612,0.02703636637686885,-0.06185718889138589,0.08889355526825474,0.08684519894500198,1.02417816162638,292,292,2929,1.3879512091331465
2000-07-31,-0.018774061532121723,0.03630057240784572,0.05744826702724832,-0.0211476946194026,-0.023072780469806178,0.9625429252017883,290,290,2901,1.4005594539723174
2000-08-31,0.17857984391551648,0.004423353815465183,-0.06397861139922767,0.06840196521469286,0.06657734802106646,0.9123085968131999,292,292,2926,1.3976164649790905
2000-09-30,0.2489614965585937,0.018965023332118323,-0.09944468157891494,0.11840970491103325,0.11653559003861784,0.9370574362077047,288,288,2881,1.4030222071176368
2000-10-31,0.2725994583329921,-0.01825675159264155,-0.19968976368823976,0.1814330120955982,0.1793238346390015,1.054588728298352,281,281,2813,1.4009196970258886
2000-11-30,0.10564572295660386,0.05170169934158774,0.02319682433500441,0.02850487500658333,0.026509132573217097,0.9978712166831165,268,268,2688,1.3291891096448567
2000-12-31,0.0738320042774316,0.04783621127501245,0.06409172787114807,-0.016255516596135625,-0.018103082277409307,0.9237828406368408,264,264,2642,1.3249244107169393
2001-01-31,0.43438909664770653,0.01229309040408454,-0.1661047512161459,0.17839784162023045,0.1764014862416885,0.9981776892709708,274,274,2746,1.3142850044497016
2001-02-28,0.25716473676534507,-0.01363317707848404,-0.11643560556615072,0.10280242848766669,0.10107850418721837,0.8619621502241577,267,267,2672,1.2985659021434652
2001-03-31,-0.085535463030827,0.037085266034023484,0.15290122479742646,-0.11581595876340298,-0.11742185748848691,0.8029493625419633,261,261,2613,1.2865560129866862
2001-04-30,0.10358007899017253,0.027735943580889294,-0.016563487201609696,0.04429943078249899,0.04252825255877067,0.885589111864159,263,263,2639,1.2459666834081278
2001-05-31,0.09739969536122249,0.026566972360932386,0.01637205805920198,0.010194914301730407,0.008597043083331654,0.7989356091993767,267,267,2676,1.2593961840238683
2001-06-30,0.3383047149840973,0.016729039022110263,-0.07117595869588614,0.0879049977179964,0.08631977664594298,0.7926105360267075,266,266,2664,1.2583651267165628
2001-07-31,0.24078538429049628,-0.008964775477890832,-0.08903580357834676,0.08007102810045592,0.07840471871087448,0.8331546947907205,264,264,2648,1.270645918577971
2001-08-31,0.30279584680217864,-0.055998352093047765,-0.15511067953006308,0.09911232743701531,0.09735287858229112,0.8797244273620972,261,261,2610,1.4578427170359258
2001-09-30,-0.027029618575554328,0.044298729458426826,0.064309691473624,-0.020010962015197177,-0.022016022702489584,1.0025303436462032,250,250,2505,1.4088796327080146
2001-10-31,-0.07174952880116185,0.05553683497284319,0.09445392067709382,-0.038917085704250634,-0.04114473281046416,1.1138235531067604,252,252,2529,1.411848868772811
2001-11-30,-0.06703367322127937,0.0314242553086778,0.02472676832022179,0.006697486988456007,0.004858604288756625,0.9194413498496907,256,256,2561,1.3951069514800145
2001-12-31,0.2922514330740899,0.027558722897788428,-0.05603762163719254,0.08359634453498097,0.08195176619856012,0.8222891682104188,259,259,2593,1.4050946356595557
2002-01-31,0.28631625957950796,0.019053499549419088,-0.08578823472585896,0.10484173427527804,0.10298706580274458,0.9273342362667287,259,259,2590,1.404009958530287
2002-02-28,-0.04669252692319908,0.051020657018661944,0.06395251901692257,-0.01293186199826063,-0.014882115803588093,0.9751269026637321,254,254,2545,1.4059803105313313
2002-03-31,0.2920594285585432,0.043962772422282116,-0.05288296630637561,0.09684573872865773,0.09487644084185892,0.9846489433994048,259,259,2593,1.3938502253162386
2002-04-30,0.25491318777590816,-0.0034664156464717546,-0.05057047408575588,0.04710405843928413,0.04516566697021811,0.9691957345330097,256,256,2567,1.40506975167854
2002-05-31,0.2513517551776976,-0.019625532375387104,-0.10776200185739473,0.08813646948200762,0.08619690101342414,0.9697842342917413,255,255,2556,1.4002502275834248
2002-06-30,0.29505678590240203,-0.054715274816317654,-0.1270184881884079,0.07230321337209025,0.07031162861298804,0.9957923795511088,251,251,2512,1.3891333623011803
2002-07-31,0.14739421585394058,0.017663740276578688,-0.016799516475809698,0.034463256752388385,0.03242932012996789,1.0169683112102486,240,240,2409,1.3503738944530368
2002-08-31,0.19786304827413342,-0.03145924651521309,-0.08931370804537256,0.05785446153015947,0.05600641456205715,0.9240234840511591,239,239,2398,1.3582413269054576
2002-09-30,0.08167699581690376,0.036040013855574135,0.01903070938968797,0.017009304465886166,0.015072862925392096,0.9682207702470353,233,233,2336,1.3458106344504581
2002-10-31,-0.09895125056142762,0.038337715305889995,0.11943633581740903,-0.08109862051151903,-0.08317737145842677,1.0393754734538683,235,235,2357,1.3513983879279632
2002-11-30,0.3236760322418527,-0.002103178365588922,-0.09367932714139043,0.09157614877580152,0.08984149334962085,0.86732771309033,241,241,2413,1.3368914854325862
2002-12-31,0.13550619014433274,-0.01262599998682282,-0.023663554339605486,0.011037554352782666,0.009237778657434532,0.8998878476740662,239,239,2397,1.3588064836475084
2003-01-31,0.02598633200980663,-0.02155164738066094,-0.0060169850944850325,-0.015534662286175907,-0.017356482559317182,0.9109101365706385,238,238,2387,1.3685250338749757
2003-02-28,0.015225065434754463,0.01260051741673724,0.0010453524456629244,0.011555164971074316,0.009836951121095242,0.8591069249895378,236,236,2364,1.4348876747394348
2003-03-31,-0.026127029853414172,0.06194844619408485,0.10744202625585877,-0.045493580061773925,-0.047422182316258756,0.9643011272424158,235,235,2356,1.5088543941717605
2003-04-30,-0.18355692299917645,0.05021146597885874,0.1165149251187304,-0.06630345913987166,-0.06831329425264782,1.0049175563880761,240,240,2403,1.4863831591948347
2003-05-31,-0.012840022255515648,0.004299951153834905,0.010213450840356924,-0.005913499686522019,-0.007852336188442012,0.9694182509599961,247,247,2479,1.4464073234074588
2003-06-30,0.054539485512512316,0.042587893164180934,0.04259413066094875,-6.2374967678135995e-06,-0.0018387924095977445,0.9162774564149654,251,251,2511,1.4911014527433868
2003-07-31,-0.04473330728306681,0.01663792827266776,0.03997381163173504,-0.023335883359067278,-0.025532098948009587,1.0981077944711541,255,255,2555,1.4826577822635345
2003-08-31,0.1831875424381254,0.00430828771381845,-0.02916524184288362,0.03347352955670207,0.031542589299544115,0.9654701285789784,256,256,2569,1.4900787470329475
2003-09-30,0.06305233972025075,0.07177563619538502,0.05372851372956236,0.018047122465822657,0.01597448307302944,1.036319696396608,258,258,2588,1.4939389123251277
2003-10-31,0.03245402804480928,0.02302812004664357,0.034415195770853516,-0.011387075724209945,-0.013573860810105177,1.0933925429476155,263,263,2631,1.4797034730637337
2003-11-30,0.04629322681120693,0.025575819276405336,0.02346456935433063,0.0021112499220747073,0.00011872701601139957,0.9962614530316538,266,266,2662,1.5612757849178056
2003-12-31,0.04178246890511967,0.02260488983829763,0.015123945978220482,0.007480943860077147,0.005401699223756116,1.0396223181605153,267,267,2674,1.56829250891367
2004-01-31,0.081053812026604,0.017905849971167433,0.009196669960882429,0.008709180010285004,0.006495543395549018,1.1068183073679927,272,272,2720,1.58636081963156
2004-02-29,0.007312246506521405,0.0023365664732628343,-0.0008713192570056942,0.0032078857302685285,0.0008045436638362919,1.2016710332161182,271,271,2717,1.6545084803405865
2004-03-31,0.015579692667922113,-0.04433431933303797,-0.0521760326399404,0.007841713306902434,0.0054299076752727365,1.2059028158148486,271,271,2717,1.6991249785164788
2004-04-30,0.13436116988005586,0.02976956048873493,0.0016707021845020283,0.028098858304232904,0.025548912517541208,1.274972893345848,267,267,2674,1.7504163940389317
2004-05-31,0.05117502019834461,0.03215414934793598,0.019045825173574598,0.01310832417436138,0.010458256130610952,1.3250340218752141,266,266,2661,1.7500060311500825
2004-06-30,0.10339849157020153,-0.03577983629197085,-0.05619172470475958,0.02041188841278873,0.017966727227649776,1.2225805925694773,267,267,2675,1.7482669582226968
2004-07-31,0.019991050451416355,-0.0028629313733000363,-0.0014665567889376833,-0.001396374584362353,-0.004033201558861983,1.318413487249815,263,263,2633,1.7350706077346456
2004-08-31,0.07015166064047595,0.045946482523234834,0.030357089208098913,0.01558939331513592,0.013167502224966028,1.2109455450849465,262,262,2624,1.7625913595783673
2004-09-30,0.05177021866605168,0.03018297042787075,0.013625024659477358,0.01655794576839339,0.014026667897531556,1.2656389354309177,263,263,2637,1.89301191055292
2004-10-31,0.06337906946574597,0.0831329856012677,0.06480205624622475,0.01833092935504295,0.01568090873222245,1.3250103114102503,264,264,2645,1.9173690263496916
2004-11-30,0.020768942393951186,0.04133578767901165,0.03362025761201271,0.007715530066998939,0.005085903387205268,1.3148133398968356,269,269,2691,1.9128466611988237
2004-12-31,0.15350677830526724,-0.011930839260310893,-0.049497268438815537,0.03756642917850464,0.034917725644514244,1.3243517669951985,271,271,2711,1.9066551887433623
2005-01-31,0.031640893257270916,0.012775484685476617,-0.002496227770472299,0.015271712455948916,0.012515343263314799,1.3781845963170585,269,269,2693,1.9034783242341455
2005-02-28,0.13962281658556586,-0.011997487945590676,-0.04217816544778542,0.030180677502194747,0.027542938005333053,1.3188697484308474,270,270,2704,1.941211153747255
2005-03-31,0.09683009512224837,-0.03542385754073335,-0.05649085495476221,0.021066997414028857,0.01851469602605138,1.2761506939887375,269,269,2690,1.9585930557255595
2005-04-30,0.0864185081330457,0.06695250043656462,0.05100837329210791,0.015944127144456706,0.013105151458779553,1.4194878428385764,263,263,2634,1.9429433773269813
2005-05-31,0.02684604905750748,0.01911263484714478,0.029504091110478425,-0.010391456263333643,-0.013099900375072792,1.3542220558695743,264,264,2649,1.9186816780632079
2005-06-30,-0.061313251210601265,0.04190650071717333,0.06712385153626306,-0.025217350819089733,-0.027782102658467644,1.2823759196889561,266,266,2661,1.9937243452802287
2005-07-31,0.03592557651393017,-0.015771191934232067,-0.029090729655915682,0.013319537721683615,0.010457837984734736,1.4308498684744397,269,269,2692,2.1376209933494636
2005-08-31,-0.042634768509076146,-0.004181262048928222,0.012277481095925151,-0.016458743144853374,-0.019425872338533486,1.483564596840056,268,268,2689,2.1188777842476725
2005-09-30,0.14326544787744463,-0.012211624027566717,-0.05605098405367723,0.04383936002611051,0.04081968971860304,1.5098351537537351,268,268,2683,2.2208815627502805
2005-10-31,0.09924404864401778,0.05921132509336785,0.03590090764332807,0.023310417450039783,0.0201207621862292,1.5948276319052916,267,267,2673,2.177734172806904
2005-11-30,0.006019585639497136,0.009550027976900514,0.026188934423024595,-0.01663890644612408,-0.01986694689929163,1.6140202265837758,267,267,2677,2.2551972269869527
2005-12-31,-0.1441223016155156,0.02462783006532064,0.10470115723398302,-0.08007332716866238,-0.08324556638497244,1.5861196081550328,267,267,2678,2.3625257925333396
2006-01-31,0.09398615189193663,0.021326691364552838,-0.016975773451739947,0.038302464816292785,0.03497766702100278,1.6623988976450024,269,269,2693,2.3056532976729534
2006-02-28,-0.05450231156692467,0.016016882077145377,0.05325104477079212,-0.037234162693646745,-0.040215817811331975,1.4908275588426143,270,270,2706,2.3229061570512735
2006-03-31,0.004396007207228969,0.017579131015579015,0.013493497503449609,0.0040856335121294066,0.0010946000932283042,1.495516709450551,271,271,2711,2.312232218661005
2006-04-30,0.12792475948657933,-0.03546302875680889,-0.07412924486873775,0.03866621611192886,0.035003083912311064,1.8315660998088963,271,271,2717,2.4278319402495976
2006-05-31,0.10268203876362192,-0.005233047142725967,-0.043613739186470296,0.03838069204374433,0.034814319880169614,1.783186081787358,270,270,2709,2.443270350210078
2006-06-30,0.08043408605398232,-0.01778062619871694,-0.0612217334076737,0.04344110720895676,0.040043646918006756,1.6987301454750037,269,269,2693,2.4079929270501395
2006-07-31,-0.008173299796417113,0.017921585002911956,0.03254023526779871,-0.014618650264886752,-0.01816851613297775,1.7749329340454987,266,266,2667,2.369473459774149
2006-08-31,0.07824038409571829,0.038742678161881206,-0.0007790301237810423,0.039521708285662246,0.036242093706842594,1.6398072894098257,266,266,2661,2.3743409983535066
2006-09-30,-0.045459929237576184,0.026244442251042176,0.06658052058104319,-0.04033607833000101,-0.04358811646142791,1.6260190657134515,267,267,2677,2.3789446044580425
2006-10-31,-0.07489020120026345,0.014001559992983312,0.048250437081609504,-0.034248877088626194,-0.037587806007058404,1.6694644592161039,268,268,2687,2.412681321207538
2006-11-30,0.10990235738488009,0.026375480694285733,-0.012157225738561908,0.03853270643284764,0.03535208849504802,1.590308968899809,269,269,2691,2.403428011998362
2006-12-31,0.07033183246061557,0.038016197569173724,0.022240249431267307,0.015775948137906417,0.01236481986122452,1.7055641383409483,268,268,2687,2.403379827458176
2007-01-31,-0.014348986432649579,-0.013979438019147795,-0.011961741557603954,-0.0020176964615438407,-0.0057770330791955555,1.8796683088258572,268,268,2681,2.3931405778485884
2007-02-28,-0.023792013074901745,-0.006211965904001632,0.006435079968571238,-0.01264704587257287,-0.015608065593938826,1.4805098606829772,267,267,2679,2.3790172099273503
2007-03-31,-0.04354988207543172,0.029036338540048647,0.02471116307066478,0.004325175469383866,0.001522997794217433,1.4010888375832162,267,267,2672,2.3753956160782064
2007-04-30,-0.044948047131959,0.02045863083800556,0.04182705039105683,-0.02136841955305127,-0.024837174087221504,1.7343772670851165,266,266,2665,2.459117294272743
2007-05-31,-0.07820502350124563,-0.03641413507379029,-0.001886050099371835,-0.03452808497441845,-0.03765126342440719,1.5615892249943686,266,266,2665,2.4492897619440877
2007-06-30,-0.097838283473531,-0.10048500185502918,-0.04688388784238355,-0.053601114012645626,-0.05634896730385073,1.3739266456025523,265,265,2654,2.413917506696099
2007-07-31,0.10929763826031141,-0.006550601767741337,0.005039870385588957,-0.011590472153330294,-0.014572148169780232,1.4908380082249693,263,263,2637,2.2797818522562796
2007-08-31,-0.04409239166197801,0.000978076662463676,0.03905420110832729,-0.03807612444586361,-0.04128883869333548,1.606357123735934,260,260,2604,2.279115509789865
2007-09-30,-0.0596995760186529,0.0002843196671372212,0.04117222634871572,-0.040887906681578504,-0.0438031876272248,1.4576404728231473,259,259,2595,2.289520592200526
2007-10-31,0.15481477484050576,-0.05310568678430254,-0.12747410176695662,0.07436841498265408,0.07121807406714126,1.575170457756407,258,258,2587,2.2838588849638697
2007-11-30,0.01021654429935767,-0.017487021922548706,0.0014405436844164327,-0.018927565606965138,-0.021799300632682473,1.435867512858667,255,255,2553,2.183715445649253
2007-12-31,0.17065039939752025,-0.002753840931693556,-0.09966619857556755,0.09691235764387399,0.09401733963369764,1.4475090050881718,255,255,2550,2.2025932946725626
2008-01-31,0.19215978373871626,-0.0318711241374132,-0.07852995300118837,0.04665882886377517,0.043490206532801924,1.584311165486623,252,252,2524,2.1445659983695147
2008-02-29,0.09126651848356108,-0.021373653477006475,-0.030289217986201707,0.008915564509195232,0.006551959098754231,1.1818027052205005,250,250,2507,2.087789766484491
2008-03-31,-0.01928021194127875,0.037490301048348565,0.04863796896743498,-0.011147667919086418,-0.01338252021181932,1.1174261463664505,247,247,2475,2.0897467948935122
2008-04-30,-0.030586369326493584,0.023245281687350357,0.02229918107450525,0.0009461006128451063,-0.001529027547989243,1.2375640804171746,247,247,2470,2.0997996048670613
2008-05-31,-0.02431405109461287,-0.15283336596157623,-0.12159464975984952,-0.03123871620172672,-0.033601435075379646,1.1813594368264644,247,247,2472,2.156568613116229
2008-06-30,0.1436382759226788,0.05098742939074925,0.025293883642255835,0.025693545748493418,0.02383897167236144,0.9272870380659889,241,241,2417,1.859071013129475
2008-07-31,0.02262732929355119,0.021626809224074336,0.026277321251097642,-0.004650512027023306,-0.007050103849633189,1.1997959113049412,241,241,2413,1.8747772194000447
2008-08-31,0.07640419398086089,-0.06103502672624203,-0.10724223764912852,0.04620721092288649,0.044262239460560314,0.9724857311630857,240,240,2404,1.8715764636205123
2008-09-30,0.08091678889178054,-0.20776183850210905,-0.2246331681162739,0.01687132961416485,0.01469093538429997,1.090197114932439,234,234,2345,1.7960946473198351
2008-10-31,0.07795128089202315,-0.0631327973656291,-0.10436320360524802,0.04123040623961892,0.03903756628308745,1.0964199782657325,215,215,2152,1.4583340093248052
2008-11-30,0.06906781160125669,0.05471939147777874,0.04577267065154119,0.008946720826237549,0.007068994351964775,0.938863237136387,200,200,2006,1.4483810902135708
2008-12-31,0.07222646858262723,-0.08200549828962442,-0.07262635860963157,-0.009379139679992848,-0.01129459921096929,0.9577297654882202,201,201,2012,1.4315284794164393
2009-01-31,-0.02605624331167463,-0.08907432438174732,-0.0842906408950882,-0.004783683486659127,-0.0068545400153577065,1.03542826434929,194,194,1943,1.4490186165510683
2009-02-28,0.04139343270681736,0.07930783849563038,0.09102615707524887,-0.011718318579618497,-0.013653697453067043,0.9676894367242728,184,184,1845,1.4254794908470654
2009-03-31,-0.09442238156930532,0.09724390139729498,0.20962967765706375,-0.11238577625976877,-0.11442281002234818,1.0185168812897034,189,189,1895,1.386741694708414
2009-04-30,-0.04713761182032955,0.038714315134211585,0.05534539808022118,-0.016631082946009595,-0.018529305006790044,0.9491110303902232,201,201,2015,1.2619379134130095
2009-05-31,0.15441356287550187,0.010779467321224166,-0.030905647712849895,0.04168511503407406,0.04012439826424621,0.7803583849139266,206,206,2068,1.2568392006860778
2009-06-30,0.02906914499364251,0.06216751355386258,0.07440601877164377,-0.012238505217781186,-0.013799768113759263,0.7806314479890388,208,208,2080,1.2571461824258452
2009-07-31,-0.0520995613467108,0.02884588053080913,0.04744640552116265,-0.01860052499035352,-0.02030195197752452,0.8507134935854987,211,211,2117,1.2407406184133758
2009-08-31,-0.06531842568379205,0.02289325070510102,0.051479193636214046,-0.028585942931113027,-0.030205161547629186,0.8096093082580801,215,215,2159,1.2372466477403905
2009-09-30,0.1872516682244068,-0.008349192096700908,-0.053576295904875074,0.045227103808174164,0.04369005600849987,0.7685238998371458,217,217,2174,1.2346103161690292
2009-10-31,0.016647485226286014,0.027570014931285497,0.03833164469992417,-0.010761629768638675,-0.01247819711922775,0.8582836752945379,212,212,2127,1.2416861219440651
2009-11-30,0.03572226137039842,0.03905303221056394,0.03877601921705547,0.00027701299350847003,-0.001327014504536216,0.802013749022343,212,212,2125,1.241735468561647
2009-12-31,0.09320997394826176,-0.009066408852186807,-0.02578123972036942,0.016714830868182616,0.015002036353745883,0.8563972572183662,215,215,2151,1.2363695852627514
2010-01-31,0.08832424998273816,0.028697909519959076,0.025490235000808378,0.0032076745191506988,0.001387694615548919,0.9099899518008898,216,216,2160,1.241455344609363
2010-02-28,0.06658402150141367,0.04819126225343621,0.045397105792568525,0.0027941564608676833,0.001231055465395007,0.7815504977363381,217,217,2172,1.2371176662008654
2010-03-31,-0.011359478121725124,0.0063559726528381495,0.03738653632109652,-0.031030563668258373,-0.03258385137197349,0.7766438518575587,222,222,2229,1.2272696025035639
2010-04-30,0.10868520971264557,-0.03332675934413788,-0.06308489557003924,0.029758136225901358,0.028250472674966123,0.7538317754676167,227,227,2273,1.227957437648446
2010-05-31,0.004740883207188387,-0.03431544936884107,-0.04005343315304222,0.0057379837842011505,0.004199911986226346,0.7690358989874021,222,222,2223,1.227003239283804
2010-06-30,0.12083624724650903,0.04533625856026704,0.03934307843015662,0.005993180130110416,0.004522696023982574,0.7352420530639212,218,218,2180,1.2258214585119562
2010-07-31,0.09936669773518857,-0.037413806175667114,-0.03711197972854378,-0.00030182644712333645,-0.0019380546731781515,0.8181141130274076,219,219,2196,1.236941641584533
2010-08-31,0.13427136380605764,0.0691626553798132,0.0681472604120436,0.0010153949677696034,-0.0004488615079498398,0.7321282378597216,215,215,2153,1.2336980090708778
2010-09-30,0.001321227570738438,0.02101717442866649,0.028355351259862348,-0.007338176831195857,-0.008902278802031625,0.7820509854178836,219,219,2196,1.2178690055729637
2010-10-31,-0.007690543303103384,0.0003200565314297204,0.015525390225115121,-0.0152053336936854,-0.016719948314307766,0.7573073103111818,222,222,2220,1.2184235429031574
2010-11-30,-0.028800537536664308,0.050011838858467744,0.05961738665906273,-0.009605547800594985,-0.011095591224651398,0.7450217120282063,222,222,2225,1.2458329201445517
2010-12-31,0.049186392368830566,0.011375057913880023,0.007210266980980862,0.0041647909328991605,0.0025962306409797013,0.7842801459597295,224,224,2249,1.2352238992993434
2011-01-31,0.03181597192357361,0.030742015720020912,0.03223786114776289,-0.0014958454277419798,-0.003167481950731238,0.835818261494629,226,226,2269,1.2506897211556962
2011-02-28,0.017488873270767095,0.01053958396194855,0.016220649531818402,-0.005681065569869852,-0.007325885793954134,0.8224101120421412,227,227,2271,1.2607888552929918
2011-03-31,0.031014971840705858,0.02538700662576887,0.023901076084375583,0.0014859305413932877,1.6368109285331764e-05,0.734781216053978,225,225,2254,1.263767683394939
2011-04-30,0.03411703351323984,-0.005528433293405018,-0.011265692271962417,0.005737258978557399,0.004065454051619938,0.8359024634687302,226,226,2265,1.267837138600602
2011-05-31,0.08987128849405521,-0.013230913459115649,-0.01915546892642897,0.0059245554673133215,0.004354061838226679,0.785246814543321,225,225,2253,1.2687063160169063
2011-06-30,-0.02162238322664904,-0.02859157894957463,-0.028167670727269743,-0.0004239082223048869,-0.0019344447933834453,0.7552682855392792,222,222,2229,1.3549031750014324
2011-07-31,0.07706659739493818,-0.05558534506279861,-0.044248257307643236,-0.011337087755155371,-0.013047695783407604,0.8553040141261165,221,221,2215,1.355748790774189
2011-08-31,-0.015079850576792557,-0.06233041288425841,-0.07019405763854487,0.007863644754286463,0.00642381868935948,0.7199130324634916,216,216,2165,1.3439479190092831
2011-09-30,0.19454614006067453,0.1304548493479654,0.09396997909104002,0.03648487025692537,0.0347936972419213,0.8455865075020352,210,210,2107,1.3574983829894194
2011-10-31,0.11221426201928818,-0.0036025957842444963,-0.022987463992685926,0.01938486820844143,0.01721402088534839,1.0854236615465207,216,216,2161,1.5807028848858153
2011-11-30,0.08464999207823982,0.005556423103046994,-0.010180414384280634,0.015736837487327626,0.013755844294957643,0.9904965961849919,214,214,2141,1.6489075204350478
2011-12-31,-0.007894936996043057,0.0747113048565834,0.08495198463610423,-0.01024067977952084,-0.012211340916601797,0.9853305685404788,214,214,2140,1.6584973562799425
2012-01-31,0.02908606190078273,0.03835549077322464,0.04372939906136307,-0.0053739082881384265,-0.007793090792079228,1.2095912519704006,218,218,2183,1.6976422296531057
2012-02-29,0.09068722190817863,0.02745007875755214,0.002369268069516771,0.025080810688035367,0.022952644904881008,1.06408289157718,219,219,2194,1.805599228610569
2012-03-31,0.04005932981728745,-0.00654629746788783,-0.022839467262561065,0.016293169794673237,0.013874785660999799,1.2091920668367186,221,221,2211,1.8523974463828137
2012-04-30,0.12502644589190767,-0.08294608866168388,-0.12439503228459654,0.04144894362291267,0.03883982586679531,1.3045588780586774,222,222,2220,2.1386085620851056
2012-05-31,0.0001052354198082596,0.045579121889260124,0.041434793544200745,0.00414432834505938,0.0016620794635512975,1.241124440754041,219,219,2190,1.9472213690674058
2012-06-30,0.12511197763265575,-0.002554870082333879,-0.015286848110020436,0.012731978027686556,0.010399150513277935,1.1664137572043103,220,220,2201,1.9422112766132527
2012-07-31,0.017440588624808632,0.040865672146280355,0.060277708340504145,-0.01941203619422379,-0.02206808138682226,1.3280225962992351,219,219,2193,1.9844578154749408
2012-08-31,-0.042056109845842356,0.015311418275702732,0.034739638658130234,-0.019428220382427502,-0.02207883072536305,1.325305171467774,219,219,2197,1.9720842278727881
2012-09-30,0.1227306748516383,-0.006014354376739307,-0.015788669415529824,0.009774315038790518,0.007362455191740465,1.2059299235250265,221,221,2216,1.9810375168185632
2012-10-31,0.07304642100302704,0.01988828638016195,0.0018034036836524266,0.01808488269650952,0.015321588039938678,1.3816473282854211,221,221,2214,2.0036923267801017
2012-11-30,0.015607653914892237,0.04191663083555299,0.02893939023557688,0.012977240599976111,0.010223683427159742,1.376778586408184,220,220,2204,2.0117490750226343
2012-12-31,0.07410604731322196,0.0698805135285231,0.06877206483492393,0.001108448693599176,-0.0015055102392968187,1.3069794664479975,220,220,2200,2.014233490995986
2013-01-31,0.0728155196425729,0.013022741938239261,0.006532626106552246,0.0064901158316870156,0.004009499302808267,1.2403082644393744,223,223,2234,1.9743809541342072
2013-02-28,0.013296324248001267,0.03951992158174544,0.04895406919573288,-0.009434147613987434,-0.011815659726535236,1.1907560562739006,223,223,2232,1.9779712233696989
2013-03-31,0.07949388678509743,0.028597786068549215,-0.01493768039121026,0.043535466459759475,0.04123905406216131,1.1482061987990853,224,224,2240,1.980156342126099
2013-04-30,0.10424376181461364,0.044659266328591365,0.015386657257993843,0.029272609070597522,0.026290054585458966,1.4912772425692773,224,224,2240,1.9808869602639554
2013-05-31,0.04225516169507273,-0.0015090983170175502,-0.011228302241964883,0.009719203924947333,0.006731940840005482,1.4936315424709252,225,225,2254,2.0279156648803314
2013-06-30,0.11807950175754708,0.06244286575935511,0.05310867696032186,0.00933418879903325,0.006463164475811301,1.435512161610974,225,225,2254,2.0619227879880917
2013-07-31,0.06822092146998791,-0.027666073592203192,-0.009440758220719197,-0.018225315371483995,-0.020908494298055188,1.3415894632855965,227,227,2273,2.043767138721112
2013-08-31,-0.04226735987608958,0.03955030485896923,0.04671013156021982,-0.0071598267012505865,-0.009727478893022418,1.2838260958859151,226,226,2269,2.0666270072971322
2013-09-30,0.11958688726981587,0.05325385351686526,0.009587172550281322,0.04366668096658394,0.041088264047726884,1.2892084594285276,229,229,2293,2.1019696500096896
2013-10-31,0.13734470699657042,0.050620229400534844,0.0012612386175636517,0.04935899078297119,0.046526696168120885,1.416147307425156,229,229,2290,2.092985020934904
2013-11-30,0.04127576313910254,0.029167583034481758,0.039552115590088886,-0.010384532555607128,-0.013286782536901236,1.4511249906470534,229,229,2298,2.0860286191833683
2013-12-31,-0.02886126600684385,-0.03881091134319276,0.0006850279945910757,-0.039495939337783836,-0.04218075455580454,1.3424076090103525,231,231,2310,2.107049168971999
2014-01-31,0.055268382359318656,0.048094655808685806,0.05453988454794395,-0.006445228739258145,-0.009296397337329985,1.4255842990359198,232,232,2320,2.0794159292258887
2014-02-28,0.18486151744377768,0.02516837466866315,-0.023178820496773046,0.048347195165436195,0.045717896303591604,1.3146494309222938,232,232,2321,2.06072156534168
2014-03-31,0.12995052920393027,-0.0010621954169582394,-0.030515473215791906,0.029453277798833666,0.026614052440193554,1.4196126793200552,232,232,2321,2.0525878265042525
2014-04-30,0.07410578893244486,0.020269915262567162,0.01253420972620431,0.007735705536362852,0.004629348632200954,1.553178452080949,231,231,2311,2.0407625625354475
2014-05-31,-0.010261157341755629,0.039915544295563335,0.0886064734444202,-0.048690929148856865,-0.051344514231259485,1.3267925412013102,231,231,2313,2.0474684874111517
2014-06-30,0.1591344210160708,-0.01589698313798406,-0.05307042681178009,0.03717344367379603,0.03458777726750189,1.2928332031470715,233,233,2333,2.0109880510806963
2014-07-31,0.1384572370527155,0.051239031983688975,0.05311573016970946,-0.0018766981860204868,-0.004578988117775734,1.3511449658776233,232,232,2329,2.0011226990611295
2014-08-31,0.01601840528440502,-0.03904876481698395,-0.04407356419428657,0.005024799377302616,0.0022934731857408718,1.3656630957808722,233,233,2338,2.051923884433195
2014-09-30,0.08541688862585393,0.009275758967904377,0.027012998415373825,-0.01773723944746945,-0.020458616735938337,1.3606886442344446,232,232,2325,2.1113768039187093
2014-10-31,0.15803407775231698,-0.002426767221007133,-0.005285508648389678,0.0028587414273825453,-0.0003107869400943808,1.584764183738463,232,232,2325,2.297524832856012
2014-11-30,-0.06760756989104978,-0.017144429534303555,0.006204665767036376,-0.023349095301339932,-0.026372862666542325,1.5118836826011963,232,232,2329,2.307618051646961
2014-12-31,0.10323678279590058,-0.045200689025373705,-0.035577063454297175,-0.00962362557107653,-0.012647621337007817,1.5119978829656433,231,231,2318,2.297954346006318
2015-01-31,0.14291638301549556,0.08980647725927465,0.06167918320720415,0.028127294052070505,0.024968827296623648,1.5792333777234284,230,230,2305,2.3239332041292435
2015-02-28,0.014243355672843233,-0.01601309543579562,0.012232208214638125,-0.028245303650433744,-0.031640173777281316,1.6974350634237871,230,230,2304,2.2493351386658373
2015-03-31,0.07404355584496265,0.048135138277171585,-0.007022324027061475,0.05515746230423306,0.0523950834132672,1.3811894454829283,230,230,2301,2.2393150505031842
2015-04-30,0.0931519039838047,0.021965712225646368,-0.018617203005325635,0.040582915230972,0.03689387428019583,1.8445204753880855,230,230,2305,2.242304025280759
2015-05-31,-0.045697509511673895,-0.02721920847172873,-0.01894870586753103,-0.008270502604197701,-0.01180859391379321,1.7690456547977549,230,230,2305,2.6046356439399583
2015-06-30,0.09940817985568001,0.0037504932762566874,-0.03499914561928893,0.03874963889554561,0.03516987634337661,1.7898812760845013,230,230,2307,2.5771767769442677
2015-07-31,0.02232179229819581,-0.06205618103209472,-0.09624732295024535,0.03419114191815063,0.030483130059031492,1.8540059295595714,228,228,2281,2.55863121003199
2015-08-31,0.1215927070771741,-0.036641977675198306,-0.11434232357467906,0.07770034589948076,0.07417770452500756,1.7613206872366003,227,227,2272,2.364056666125258
2015-09-30,0.10436464082615242,0.07385073656831356,0.08999959946386164,-0.01614886289554808,-0.019186524545044596,1.518830824748259,224,224,2248,2.1955159478949575
2015-10-31,-0.01003035878403392,-0.009603021077241924,0.005553703230942895,-0.01515672430818482,-0.01823725428539263,1.5402649886039053,225,225,2257,2.106936609982616
2015-11-30,0.096955002287645,-0.026318032791420316,-0.08092816563045446,0.054610132839034146,0.051850674471801764,1.3797291836161931,225,225,2253,2.100953260523026
2015-12-31,0.07558446498137977,-0.07421778395216254,-0.12977893819764996,0.055561154245487424,0.05259000606534155,1.485574090072935,222,222,2227,2.042285150312931
2016-01-31,0.08143536656384313,0.007744586642229144,0.018811731204674796,-0.011067144562445652,-0.014006889181918643,1.4698723097364956,218,218,2185,1.9303948250313416
2016-02-29,0.0006233655134675292,0.09060478705871783,0.09737871647434837,-0.006773929415630542,-0.00943740831593082,1.331739450150139,218,218,2180,1.92825047056356
2016-03-31,-0.15109581068881847,0.01203914188406861,0.09514140139507953,-0.08310225951101091,-0.08569415247500396,1.2959464819965218,219,219,2193,1.848366488015646
2016-04-30,0.06731827553515435,0.011972238965968472,0.0018361313797448085,0.010136107586223663,0.00778111066312287,1.1774984615503967,220,220,2201,1.8069169458215928
2016-05-31,0.059217357420014334,-0.0032175839584276727,0.009672086665987543,-0.012889670624415216,-0.015093942940633223,1.1021361581090034,219,219,2193,1.8154294688497388
2016-06-30,0.07970517875987616,0.06237262081438122,0.05236112045690295,0.010011500357478269,0.007772092177094756,1.1197040901917563,219,219,2194,1.8157293272385606
2016-07-31,-0.02622803091476335,0.004018927684220657,0.02616654584171341,-0.022147618157492752,-0.024772622099868552,1.3125019711878991,220,220,2206,1.8161425026210416
2016-08-31,-0.04562799002368132,0.00033461264981277377,0.013078284634543087,-0.012743671984730313,-0.015152691480215811,1.2045097477427487,219,219,2191,1.8232987258200049
2016-09-30,0.10029886437440148,-0.007805310136611249,-0.054146699834262714,0.04634138969765146,0.043832574610656434,1.2544075434975146,219,219,2191,1.8375243559675132
2016-10-31,-0.04618860226425832,0.07620901493880611,0.08821172406856083,-0.012002709129754721,-0.014677030404371374,1.3371606373083258,218,218,2183,1.8343245062994635
2016-11-30,-0.04071174148920301,0.02592205975782805,0.028818515419350252,-0.0028964556615222008,-0.005597916276282577,1.3507303073801882,219,219,2192,1.7807563847912051
2016-12-31,0.14223945472804495,0.039279976535042484,0.01164365637815638,0.027636320156886104,0.025104023061347694,1.2661485477692056,218,218,2189,1.784561069981594
2017-01-31,0.06150211072620741,0.026689331965389414,0.0040013739096861,0.022687958055703315,0.019989748754464312,1.3491046506195006,220,220,2200,1.7934101026995743
2017-02-28,0.07816038786629043,0.0035052961269288214,-0.009934196942850318,0.01343949306977914,0.010817437325148196,1.311027872315472,219,219,2196,1.8136783992043646
2017-03-31,0.04898414115587377,-0.0050340333265210665,-0.011000224660017908,0.005966191333496841,0.0033329669234203343,1.3166122050382534,218,218,2186,1.8173449869593608
2017-04-30,-0.0004969180035529395,-0.006575493572348195,-0.013255704562873439,0.006680210990525244,0.0041000864102559735,1.2900622901346352,218,218,2181,1.8209525888038445
2017-05-31,0.04442946125871098,0.030917925938996973,0.018560611319888502,0.01235731461910847,0.009750841042346768,1.3032367883808513,217,217,2170,1.819621602999973
2017-06-30,0.10148915519728817,0.025893891251024613,-0.0008545018226624197,0.02674839307368703,0.024195865904407487,1.2762635846397723,216,216,2169,1.859584444422731
2017-07-31,0.020909762071568624,-0.013302792217839228,-0.0019023761849985936,-0.011400416032840635,-0.014058273763784379,1.3289288654718718,216,216,2165,1.8768813851992914
2017-08-31,0.07390923034275396,0.04287851484773145,0.014399209289875186,0.02847930555785626,0.025807721076241165,1.3357922408075487,214,214,2147,1.9018246786130275
2017-09-30,0.0846580183055758,0.009960388584870923,-0.01541532301822593,0.025375711603096852,0.022614843054317636,1.3804342743896083,214,214,2146,1.9204154845664436
2017-10-31,0.041065820170193605,0.039114658343257606,0.005436592132316562,0.03367806621094104,0.031091787483384724,1.2931393637781583,213,213,2137,1.922841376452891
2017-11-30,0.05642939048300483,0.00943158942463725,0.014101084441863,-0.0046694950172257495,-0.007335012187662705,1.3327585852184776,214,214,2147,1.9178187745427735
2017-12-31,0.08650410283968972,0.03215876631416191,0.02802285796222319,0.004135908351938718,0.0014912991024898861,1.3223046247244161,214,214,2145,1.9232040626163667
2018-01-31,-0.031354212648198355,-0.04746601754406595,-0.04679259065145082,-0.0006734268926151324,-0.0033141956426280986,1.320384375006483,214,214,2146,1.9511011781811718
2018-02-28,-0.02609185890839584,-0.004969986647596492,0.004371634614609255,-0.009341621262205748,-0.012072592285667335,1.3654855117307938,214,214,2141,1.9808366252722827
2018-03-31,-0.07466354759571008,0.005753268336957159,0.02607494478742427,-0.020321676450467112,-0.02286339007587334,1.2708568127031148,212,212,2128,1.9857046925399524
2018-04-30,-0.0833501576514792,0.005957735317433729,0.04971431755578819,-0.043756582238354456,-0.04641955039564722,1.331484078646382,213,213,2136,1.9946071233719722
2018-05-31,-0.028183096246370096,-0.010943147411198575,0.010072220299344662,-0.021015367710543235,-0.02353874418522394,1.2616882373403517,214,214,2141,1.9839317672418066
2018-06-30,0.17885424945884815,0.04121081061387351,0.003498815023085693,0.03771199559078781,0.035213168196252045,1.2494136972678844,213,213,2137,1.994633270105676
2018-07-31,-0.014111520697413988,0.015173587518515278,0.03820911547280342,-0.023035527954288145,-0.025979733308352407,1.4721026770321315,212,212,2128,1.9951037510563456
2018-08-31,0.04095902450847311,-0.01850240953032796,-0.01566440197586699,-0.0028380075544609702,-0.005667880731510618,1.4149365885248235,212,212,2121,2.1111314655488167
2018-09-30,0.07376974044155932,-0.0815968616178268,-0.11162930979711304,0.030032448179286242,0.02716227152777068,1.4350883257577807,211,211,2117,2.2471618964076328
2018-10-31,0.0379816134867789,0.02807754433612024,0.012825041374746333,0.015252502961373905,0.012350217215353466,1.4511428730102196,208,208,2085,2.1323881292146396
2018-11-30,0.02424434113342618,-0.11433042674013895,-0.12032625761755304,0.005995830877414093,0.0029210654070615594,1.537382735176267,206,206,2064,2.1318143031155605
2018-12-31,0.2018462787464596,0.1321546720241633,0.12474102906983688,0.007413642954326435,0.004638759767829084,1.3874415932486754,202,202,2021,1.949648000629253
2019-01-31,-0.01618940398337548,0.028566879748942293,0.05545502464177761,-0.026888144892835315,-0.029816663203936472,1.464259155550578,204,204,2045,1.9239745743957855
2019-02-28,0.13087504490256174,-0.009700487805337544,-0.02508709674087358,0.015386608935536037,0.012852870206496895,1.2668693645195712,204,204,2045,1.911009396200995
2019-03-31,0.12406904126109877,0.04422734438129872,0.023919031975789592,0.020308312405509125,0.017540578522836064,1.3838669413365303,204,204,2041,1.9937570777244864
2019-04-30,0.05163509075243511,-0.0873997662351761,-0.10132669794390729,0.013926931708731188,0.01079791833552591,1.5645066866026396,203,203,2038,2.038219797728462
2019-05-31,0.12418789867686299,0.0837645391456372,0.055036795032235124,0.028727744113402072,0.02594750503741137,1.3901195379953508,201,201,2013,1.8922317443874868
2019-06-30,0.07667444522989798,0.015628399973339355,-0.009302005866873629,0.024930405840212985,0.022324468554752508,1.3029686427302392,202,202,2022,1.8445852682918922
2019-07-31,0.056977990101855044,-0.04810823978522825,-0.06717063962132236,0.01906239983609411,0.01649083133268773,1.285784251703192,201,201,2014,1.8732004928850272
2019-08-31,0.17785733611632246,0.05346560641402318,0.007319037899452194,0.04614656851457099,0.04373507098579312,1.2057487643889337,199,199,1996,1.8294630112539894
2019-09-30,-0.012783444221475777,0.00027858817967605027,0.021148577082594933,-0.02086998890291888,-0.023482146943316854,1.3060790201989865,198,198,1989,1.8192079650765571
2019-10-31,-0.03151522103100467,0.03480443281288636,0.044032449321652324,-0.009228016508765965,-0.011578315576432711,1.1751495338333726,197,197,1979,1.8355775075289555
2019-11-30,-0.04655587600861352,0.025068927129298518,0.04011190524813688,-0.015042978118838365,-0.017631333787708963,1.2941778344352999,196,196,1965,1.8920835933812212
2019-12-31,0.17118993690131212,-0.026344915390286695,-0.06461445046159098,0.03826953507130428,0.03569127536130228,1.2891298550010004,197,197,1976,1.88769136782665
2020-01-31,-0.149629065991555,-0.10907036646654375,-0.06210851976978406,-0.04696184669675969,-0.049586859580967806,1.312506442104057,196,196,1961,1.8615967200718913
2020-02-29,-0.08945015999072094,-0.28268876496545126,-0.20011041102946697,-0.08257835393598428,-0.08482464060599731,1.1231433350065128,193,193,1937,1.7705557999221466
2020-03-31,0.22887530598230396,0.13775239190454075,0.10372603064806593,0.03402636125647482,0.03191017956904132,1.058090843716751,180,180,1802,1.3681843694138223
2020-04-30,-0.022565958362766474,0.01776102042966336,0.04148312104886581,-0.023722100619202453,-0.02582121840942436,1.0495588951109525,186,186,1861,1.299586484268696
2020-05-31,-0.022025298064737367,0.022482373698535726,0.03605897508385633,-0.013576601385320606,-0.015138505481108174,0.7809520478937844,186,186,1869,1.2948336088443873
2020-06-30,0.11471927046982398,0.010472632594918607,0.012089686942485696,-0.0016170543475670894,-0.003323924342901045,0.8534349976669777,187,187,1879,1.293415149369209
2020-07-31,0.013885059290515743,0.0313757882365155,0.040368807634590824,-0.00899301939807532,-0.010715912483492154,0.8614465427084166,188,188,1881,1.2940504011056486
2020-08-31,0.005906606875376128,-0.03211434930408734,-0.02392467911507446,-0.008189670189012878,-0.009911584323971517,0.8609570674793199,190,190,1909,1.2888352885895165
2020-09-30,-0.005192585675102588,-0.0028025417223705553,0.011505003088967646,-0.0143075448113382,-0.015850052686858174,0.7712539377599865,189,189,1898,1.2898560220423358
2020-10-31,-0.07535407501429242,0.11091409000188229,0.1637198882897663,-0.05280579828788401,-0.054589170361001325,0.891686036558659,189,189,1893,1.29015686494695
2020-11-30,-0.17479833595733396,0.013751624387552498,0.049391339580161606,-0.03563971519260911,-0.03735467081683027,0.8574778121105806,195,195,1953,1.220309091186429
2020-12-31,0.019969866274414928,0.010589539677267364,0.023997003666626812,-0.013407463989359448,-0.014869506619686352,0.7310213151634519,196,196,1967,1.2167236465992204
2021-01-31,-0.08793366494244446,0.024147682602829373,0.08223546757317647,-0.0580877849703471,-0.0596423996848681,0.7773073572605016,200,200,2005,1.218508856405716
2021-02-28,0.25679255272434026,0.06048349807439292,0.003145217844311881,0.057338280230081036,0.05584701163067063,0.7456342997052023,203,203,2033,1.2161793892189925
2021-03-31,0.16039129471744434,0.031016791691689635,0.009304583122295637,0.021712208569393997,0.019768063584469066,0.9720724924624666,205,205,2054,1.210893303671034
2021-04-30,0.10450127117878796,0.020978923012003423,0.0021969207645437354,0.018782002247459687,0.017058292334392898,0.8618549565333938,207,207,2075,1.2103143006953192
2021-05-31,-0.08285540454133553,-0.010981449300155505,0.010877971566213672,-0.021859420866369175,-0.023428961360532755,0.7847702470817892,209,209,2094,1.2130233064845448
2021-06-30,0.09021267829001935,0.0013565376022266701,-0.02273978360903687,0.02409632121126354,0.02251252588088503,0.7918976651892535,211,211,2112,1.2130089250833467
2021-07-31,0.06605221321384747,0.019379872802822447,0.010313563237062633,0.009066309565759814,0.007432947586236193,0.8166809897618104,210,210,2105,1.213818200219995
2021-08-31,0.06473967847407687,-0.00958866728221142,-0.0158209062557382,0.006232238973526781,0.00444992857397408,0.8911551997763505,210,210,2102,1.215494445016096
2021-09-30,0.04262522422121584,0.024050368815253634,0.026487245483412716,-0.002436876668159081,-0.003937153514476563,0.7501384231587405,210,210,2101,1.2159970594965634
2021-10-31,0.09698711183915104,-0.020836161753154104,-0.032968570957762906,0.012132409204608802,0.010409447499182472,0.8614808527131653,210,210,2101,1.2526220070342629
2021-11-30,0.11268773987995721,0.034195090198002945,0.020532294388071172,0.013662795809931773,0.012020982504123482,0.820906652904145,209,209,2092,1.2490937479653825
2021-12-31,0.31107605608992644,0.01201825600303125,-0.053186908877935715,0.06520516488096696,0.06357143146893608,0.8168667060154409,210,210,2109,1.3089792845397321
2022-01-31,-0.04479157750321402,-0.012588646058835338,0.003661866482787126,-0.016250512541622464,-0.018196252102695123,0.9728697805363287,211,211,2112,1.3639442576485052
2022-02-28,0.005676839372635892,0.009556830517558328,0.017822128901151466,-0.008265298383593137,-0.010056189029270801,0.8954453228388318,211,211,2111,1.3706090316670885
2022-03-31,0.07674092232509565,-0.03089437770429498,-0.07585430872535567,0.04495993102106069,0.043265819761135776,0.8470556299624548,211,211,2116,1.3729968228577443
2022-04-30,0.15648992870373393,0.03341843911468462,-0.012433752076911901,0.04585219119159652,0.04398038453535961,0.935903328118454,210,210,2103,1.3586896718174761
2022-05-31,0.0017879358826523096,-0.06957398731889723,-0.07546848566553369,0.005894498346636454,0.0039340434159193735,0.9802274653585401,208,208,2088,1.4046950253064239
2022-06-30,0.11586557241656706,0.068059900240699,0.05807290739746954,0.009986992843229452,0.008144788676062288,0.9211020835835816,204,204,2047,1.3967136910699813
2022-07-31,0.041512227282455676,-0.01534460803365046,-0.02464079302800928,0.00929618499435882,0.007425687287298237,0.9352488535302917,205,205,2055,1.3796198900873313
2022-08-31,0.0044615875080772196,-0.0731792675494118,-0.07035976562727309,-0.0028195019221387146,-0.004606344122983539,0.8934211004224122,204,204,2046,1.3963281200639486
2022-09-30,0.19105523219612539,0.06906411632633062,0.051710606482579365,0.01735350984375126,0.01574222928229868,0.805640280726289,201,201,2017,1.374310182737689
2022-10-31,0.07559154644253081,0.04493356622997438,0.030732945222318182,0.014200621007656199,0.012297531356692929,0.9515448254816352,201,201,2010,1.3592688417546426
2022-11-30,0.05008022880142936,-0.03957563420789413,-0.04500343003675467,0.005427795828860542,0.003317215037748986,1.055290395555778,201,201,2014,1.3598385982312624
2022-12-31,-0.003411456945147706,0.06945408558389574,0.08585389561395346,-0.01639981003005772,-0.018125802880167904,0.8629964250550912,196,196,1965,1.3550857075890947
2023-01-31,0.10996641126756657,-0.021644736127447314,-0.016726743503468852,-0.004917992623978462,-0.006912104126829741,0.9970557514256393,198,198,1985,1.3420013768723043
2023-02-28,0.08694508742821755,-0.010979344683797587,-0.021246008205607986,0.0102666635218104,0.008592852344377271,0.836905588716564,196,196,1968,1.3798481671349792
2023-03-31,-0.07255668367059827,-0.004588940073559136,-0.002237237163063222,-0.0023517029104959137,-0.004893546175840845,1.2709216326724655,194,194,1945,1.868073238153206
2023-04-30,0.0065418759153213135,-0.04741390725479466,-0.011111164880074008,-0.036302742374720656,-0.03911453470842589,1.4058961668526155,194,194,1941,2.038960849117081
2023-05-31,0.06875100947830787,0.08766685686104259,0.06595519617057416,0.021711660690468426,0.018767933885123794,1.4718634026723159,192,192,1925,2.01693447910272
2023-06-30,-0.008217003684417346,0.06502364915943029,0.0899616768674488,-0.024938027708018506,-0.027566542781731818,1.3142575368566551,192,192,1926,1.9527591859771112
2023-07-31,0.19983242707903093,-0.01975836302654807,-0.08421467965071419,0.06445631662416612,0.06171549174491085,1.3704124396276354,193,193,1936,1.89218139339745
2023-08-31,0.06855833604459495,-0.03196529964253543,-0.07446666364345521,0.04250136400091978,0.039694861393403155,1.4032513037583119,191,191,1911,1.8469246494195188
2023-09-30,-0.06016871735478694,-0.05619135935688619,-0.05208937857187099,-0.004101980785015204,-0.006590016551245563,1.2440178831151796,189,189,1896,1.818518639820184
2023-10-31,0.10093872269393017,0.10607343050598747,0.07477299493373506,0.031300435572252414,0.028814483080886508,1.2429762456829527,187,187,1872,1.7779114411597496
2023-11-30,-0.2809419419998407,0.046682188295096794,0.15330328687362105,-0.10662109857852425,-0.10933183276126647,1.355367091371106,187,187,1875,1.894060322509282
2023-12-31,0.29586349846132903,0.005694403096180268,-0.058333210520021134,0.0640276136162014,0.06174939533959736,1.1391091383020235,188,188,1885,1.776798958108196
2024-01-31,-0.10154567819934839,0.03175735974012675,0.05626419088523296,-0.02450683114510621,-0.028041834510740438,1.7675016828171122,176,176,1768,1.7617458091488611
2024-02-29,0.27298610806341134,0.05774354766437318,-0.003069900959559468,0.06081344862393265,0.05894730756756777,0.9330705281824401,176,176,1769,1.7765754466185737
2024-03-31,0.10824669901863009,-0.05535517077443318,-0.051899142353111535,-0.003456028421321644,-0.005511243610655181,1.0276075946667684,175,175,1753,1.778105819354514
2024-04-30,0.0200567710280826,0.03597193093895856,0.042161519563487654,-0.006189588624529091,-0.008369657979077377,1.0900346772741436,173,173,1738,1.7458493258533077
2024-05-31,-0.05002055707948134,-0.0218266115983907,-0.010187725541233381,-0.01163888605715732,-0.013813675728996583,1.087394835919632,172,172,1725,1.7343893549604568
2024-06-30,0.04939566636644202,0.036340497890010974,0.014934375630846972,0.021406122259164002,0.019334082214240246,1.0360200224618776,172,172,1725,1.7317072582396662
2024-07-31,0.07671870637153654,0.012422776191161573,-0.00911271835714866,0.021535494548310233,0.019509718252645733,1.0128881478322498,173,173,1733,1.728996944232039
2024-08-31,-0.01639220342618488,-0.008980026615957851,0.0237657288051761,-0.03274575542113395,-0.03466061566159077,0.9574301202284095,171,171,1718,1.729624174934175
2024-09-30,-0.06482895152820915,-0.014876405115157617,0.003962200449641981,-0.018838605564799597,-0.02056168132612555,0.8615378806629762,171,171,1717,1.728477386830383
2024-10-31,-0.08583099495228544,0.03204596199258829,0.10859375130461359,-0.0765477893120253,-0.07858229235600314,1.0172515219889227,173,173,1737,1.7299365717107018
2024-11-30,0.12111833143967002,-0.056369050996765833,-0.0662823507083031,0.009913299711537267,0.00805631490053125,0.9284924055030082,170,170,1704,1.6892228004362804
2024-12-31,,0.0,-0.0,0.0,-0.00168922280043628,0.84461140021814,1,1,2,0.0
2025-01-31,0.104278445117923,-0.005490609131536947,-0.04820407538918495,0.042713466257648,0.04104655676099836,0.8334547483248188,180,180,1809,1.6669094966496374
2025-02-28,-0.04074163935362806,-0.04221084174491111,-0.03151176350906343,-0.010699078235847682,-0.013212240048771043,1.25658090646168,179,179,1792,1.6581055162167704
2025-03-31,-0.07654908056939035,-0.02195804134236459,-0.016172965077267155,-0.005785076265097434,-0.008101621043319808,1.158272389111187,177,177,1770,1.6444959293493278
2025-04-30,0.031267693097495004,0.03641920461211845,0.0725883020759945,-0.036169097463876046,-0.038866735889745756,1.3488192129348533,175,175,1753,1.6686437334226398
2025-05-31,-0.10188076763477666,0.016682049396243803,0.061423626873799715,-0.044741577477555916,-0.04717289167670573,1.2156570995749063,176,176,1764,1.6503279056686342
2025-06-30,-0.07652576707686622,-0.00633584064697992,0.02981438474477698,-0.0361502253917569,-0.038256125745852125,1.0529501770476124,178,178,1785,1.6921764530447756
2025-07-31,0.0735135846761307,0.043745878179088954,0.0533094642579128,-0.00956358607882385,-0.011966765480043566,1.2015897006098584,178,178,1780,1.7194483727773664
2025-08-31,-0.029713660294161337,-0.007161763988513325,0.017762721171807994,-0.02492448516032132,-0.027324355815802295,1.1999353277404876,179,179,1796,1.7107642350254908
2025-09-30,-0.07706932540538536,-0.024100278446447486,0.007442055336768367,-0.03154233378321585,-0.03391148858556088,1.184577401172516,180,180,1807,1.7750602383003367
2025-10-31,0.14822738429370969,0.02403175418277847,0.005607867024282732,0.018423887158495737,0.01589161024679473,1.2661384558505029,179,179,1793,1.799361348682695
