eom,ic_pearson,ic_spearman,best_iteration,n_train,scoring_year,train_end_year,long_ret,short_ret,qspread,net_qspread,turnover,n_long,n_short,n_universe
1986-01-31,0.07778375523742423,0.07846081905069864,1,149779,1986,1985,0.08098947084549762,0.05526194774834122,0.025727523097156403,0.0237275230971564,1.0,211,211,2115
1986-02-28,0.07207902014246827,0.06523735569214587,1,149779,1986,1985,0.045944225878773594,0.02858008772169811,0.017364138157075482,0.0165716853268868,0.3962264150943396,212,212,2122
1986-03-31,-0.01338427142124714,-0.011754823450885807,1,149779,1986,1985,-0.001586411197247702,0.009454960771100916,-0.011041371968348618,-0.011807427014220178,0.3830275229357798,218,218,2182
1986-04-30,0.03153599257142277,0.03542498286200384,1,149779,1986,1985,0.029549257792694072,0.026081834640639262,0.0034674231520548104,0.00281445511552513,0.3264840182648402,219,219,2195
1986-05-31,0.07476220870946901,0.07352684009977288,1,149779,1986,1985,0.014130375244545452,-0.02265177360545454,0.036782148849999995,0.03611396703181818,0.3340909090909091,220,220,2205
1986-06-30,0.08697571364461569,0.054890957777077906,1,149779,1986,1985,-0.07201355633705357,-0.11013631217321428,0.038122755836160704,0.03732811297901785,0.39732142857142855,224,224,2248
1986-07-31,-0.007514300287945017,-0.031557036351969714,1,149779,1986,1985,0.016177683574887892,0.017235651329147984,-0.0010579677542600918,-0.002017609009865473,0.47982062780269064,223,223,2237
1986-08-31,0.021818912679331736,-0.016564356103359032,1,149779,1986,1985,-0.058193450912107626,-0.09319464738385651,0.03500119647174888,0.033978774947085205,0.5112107623318385,223,223,2233
1986-09-30,-0.04038641845564217,-0.03250619316444206,1,149779,1986,1985,0.04472290306964285,0.0399487136375,0.004774189432142847,0.0037072251464285617,0.5334821428571428,224,224,2245
1986-10-31,-0.012043783213734166,0.0024179273975118553,1,149779,1986,1985,-0.005011938536888888,-0.010560611881777779,0.0055486733448888905,0.004526451122666668,0.5111111111111111,225,225,2253
1986-11-30,0.031453424088527894,0.03708123445389377,1,149779,1986,1985,-0.03489974675822222,-0.03899513848133334,0.004095391723111116,0.0032065028342222277,0.4444444444444444,225,225,2256
1986-12-31,-0.1068388967939714,-0.08978249431210261,1,149779,1986,1985,0.1084587335061674,0.12947894892246697,-0.021020215416299573,-0.021998188984581512,0.48898678414096913,227,227,2279
1987-01-31,-0.11644775243595622,-0.10652076346417345,7,179922,1987,1986,0.06028970219393939,0.09902247061168833,-0.03873276841774893,-0.04001415369913421,0.6406926406926408,231,231,2319
1987-02-28,-0.003924232796970112,0.07908699253896728,7,179922,1987,1986,0.028044868689361704,0.01877420080638298,0.009270667882978725,0.008423859372340426,0.42340425531914894,235,235,2350
1987-03-31,0.05224351871603547,0.06821025826032569,7,179922,1987,1986,-0.015560792866390038,-0.03483891431161826,0.019278121445228218,0.018390154640248964,0.44398340248962653,241,241,2417
1987-04-30,0.043920062646806285,0.08894497891182722,7,179922,1987,1986,0.005477504330290456,-0.025798402951867225,0.03127590728215768,0.030553915580912864,0.36099585062240663,241,241,2419
1987-05-31,0.04673887966935278,0.08386939443236721,7,179922,1987,1986,0.034678989225619836,0.016793186416115703,0.017885802809504133,0.017323819338429754,0.2809917355371901,242,242,2428
1987-06-30,0.07405992501013703,0.13591709045229505,7,179922,1987,1986,0.05095417314857143,0.020073994808571426,0.030880178340000005,0.03016589262571429,0.35714285714285715,245,245,2459
1987-07-31,0.015663924923042784,-0.02806620200528296,7,179922,1987,1986,0.017433746556626505,0.016687358880722893,0.000746387675903612,-5.682517550201053e-05,0.40160642570281124,249,249,2491
1987-08-31,0.04633567029077788,0.07816216083982513,7,179922,1987,1986,-0.0055509128835999995,-0.0359517467788,0.030400833895200003,0.029508833895200003,0.446,250,250,2505
1987-09-30,0.10596038590096533,0.09890955835783731,7,179922,1987,1986,-0.28621951236166004,-0.30493385997944666,0.01871434761778662,0.017769683586166065,0.4723320158102767,253,253,2533
1987-10-31,0.050992565657782894,0.03460349038830725,7,179922,1987,1986,-0.05884142117711865,-0.07064485073093221,0.011803429553813562,0.010718683791101698,0.5423728813559321,236,236,2368
1987-11-30,0.033899260474916613,0.0599245561946904,7,179922,1987,1986,0.07762925220172413,0.05920774313706896,0.018421509064655173,0.01739995734051724,0.5107758620689655,232,232,2321
1987-12-31,0.0360625398273781,0.01728418520417219,7,179922,1987,1986,0.04473161359578059,0.035456739817299576,0.009274873778481012,0.008072342132911392,0.6012658227848101,237,237,2372
1988-01-31,-0.12547233865412719,-0.13864235009162076,0,213202,1988,1987,0.026371647684583333,0.06636794316291666,-0.03999629547833333,-0.04149212881166667,0.7479166666666666,240,240,2403
1988-02-29,-0.07949611876727816,-0.07989960057171126,0,213202,1988,1987,0.006337919420576132,0.04292062620123456,-0.036582706780658426,-0.037352254105761304,0.38477366255144035,243,243,2432
1988-03-31,0.01811104009946922,0.005534921014900678,0,213202,1988,1987,0.023976780389878546,0.01675809522834008,0.007218685161538466,0.005983867347773284,0.617408906882591,247,247,2474
1988-04-30,0.0037330111363494877,0.00494078905260508,0,213202,1988,1987,-0.018821670503658534,-0.013352679996341463,-0.00546899050731707,-0.006944600263414631,0.7378048780487805,246,246,2466
1988-05-31,-0.017176204249567673,-0.019310298803945067,0,213202,1988,1987,0.06564322565365854,0.06725247343780488,-0.0016092477841463393,-0.0023206298979674776,0.35569105691056907,246,246,2462
1988-06-30,0.04881618290046891,0.10035428283110966,0,213202,1988,1987,0.003955153267068272,-0.007406792204016064,0.011361945471084337,0.010747487639759036,0.3072289156626506,249,249,2498
1988-07-31,0.059652652912327124,0.1019950426685726,0,213202,1988,1987,-0.017660973389558233,-0.026437651745783133,0.0087766783562249,0.00802969040441767,0.37349397590361444,249,249,2494
1988-08-31,-0.016222717734557347,-0.015173774062434742,0,213202,1988,1987,0.033568251283805674,0.030044970025910934,0.00352328125789474,0.0026649816627530394,0.4291497975708502,247,247,2471
1988-09-30,0.06490761697734465,0.09490968085494489,0,213202,1988,1987,-0.00200345823,-0.006595821246799998,0.0045923630167999975,0.0036123630167999975,0.49,250,250,2501
1988-10-31,0.05510503687889817,0.0570687223511658,0,213202,1988,1987,-0.037299466438709676,-0.038585779040725805,0.0012863126020161292,0.000375022279435484,0.45564516129032256,248,248,2489
1988-11-30,-0.03156490281237427,-0.07657697734239821,0,213202,1988,1987,0.02027043237298387,0.018828362317338712,0.0014420700556451588,0.0005952958620967717,0.4233870967741935,248,248,2482
1988-12-31,-0.03067169938387371,-0.033463971562308605,0,213202,1988,1987,0.0593896343309237,0.05674216278875502,0.0026474715421686834,0.00173984102008033,0.4538152610441767,249,249,2490
1989-01-31,0.025218979284201207,0.017161556053407308,0,248148,1989,1988,0.0037509217620553363,-0.005884799211857707,0.009635720973913044,0.008287894886956523,0.6739130434782608,253,253,2538
1989-02-28,0.06204619281408532,0.028550820120382982,0,248148,1989,1988,0.029049175001976287,0.020383550669565216,0.008665624332411071,0.008191316032015814,0.23715415019762842,253,253,2532
1989-03-31,-0.018024287397655568,-0.014755965543117757,0,248148,1989,1988,0.04158134296456693,0.04109746823858268,0.00048387472598424713,2.3244804724404636e-05,0.23031496062992124,254,254,2549
1989-04-30,0.01783639274211903,0.02858256141996426,0,248148,1989,1988,0.030129632134509806,0.025238819870588236,0.00489081226392157,0.004522184812941178,0.1843137254901961,255,255,2554
1989-05-31,-0.007745503261678538,-0.03431260941129231,0,248148,1989,1988,-0.016722870486328124,-0.018036195240234372,0.0013133247539062476,0.0009851997539062475,0.1640625,256,256,2560
1989-06-30,0.03376574740099022,-0.02190236229686242,0,248148,1989,1988,0.03992566508196079,0.04195765464039215,-0.0020319895584313616,-0.002549636617254891,0.2588235294117647,255,255,2553
1989-07-31,0.016477831094580595,-0.01830029781961882,0,248148,1989,1988,0.019822454500781253,0.016404199418359376,0.003418255082421877,0.002945598832421877,0.236328125,256,256,2568
1989-08-31,-0.02553170946384423,-0.05646255103363956,0,248148,1989,1988,-0.013273854681568626,-0.0009680844713725515,-0.012305770210196075,-0.012721456484705879,0.207843137254902,255,255,2558
1989-09-30,-0.04417774294451163,-0.07989025160718269,0,248148,1989,1988,-0.07375637552421875,-0.055667312515625,-0.018089063008593753,-0.018530469258593755,0.220703125,256,256,2564
1989-10-31,-0.07433498134614698,-0.0883247939682753,0,248148,1989,1988,-0.016238908229249012,0.008114334579051384,-0.024353242808300396,-0.02496984359881423,0.308300395256917,253,253,2539
1989-11-30,-0.03479845818867807,-0.06568856391633876,0,248148,1989,1988,-0.018022632055731225,0.0060930753588932796,-0.024115707414624505,-0.024676972236758892,0.28063241106719367,253,253,2537
1989-12-31,-0.036061734804290424,-0.034002897840223215,0,248148,1989,1988,-0.08229192144387351,-0.0763000249541502,-0.005991896489723314,-0.006284386608300389,0.14624505928853754,253,253,2532
1990-01-31,-0.009973030047905642,0.001178082997658909,0,283891,1990,1989,0.014061747612048193,0.022096442705622492,-0.008034695093574299,-0.009588911961044179,0.7771084337349398,249,249,2492
1990-02-28,0.06581643220364662,0.04170843725121862,0,283891,1990,1989,0.03036835755040323,0.03220788778548387,-0.0018395302350806414,-0.0024080786221774156,0.28427419354838707,248,248,2482
1990-03-31,-0.003456542271946298,-0.012658191125581088,0,283891,1990,1989,-0.0284400186492,-0.04624103265,0.0178010140008,0.0172730140008,0.264,250,250,2503
1990-04-30,-0.002589807488486351,0.0029226877217321664,0,283891,1990,1989,0.05207720267782258,0.07428584358306452,-0.02220864090524194,-0.023079608647177424,0.43548387096774194,248,248,2480
1990-05-31,0.00023639896401330735,0.01400134539323917,0,283891,1990,1989,0.01240552793187251,0.007127538792828687,0.005277989139043822,0.004696315832270913,0.29083665338645415,251,251,2510
1990-06-30,-0.014185909338577518,-0.02562869935248659,0,283891,1990,1989,-0.0422686050718254,-0.018670976399999997,-0.023597628671825403,-0.024149215973412706,0.2757936507936508,252,252,2522
1990-07-31,-0.059996988972548314,-0.08578498393548072,0,283891,1990,1989,-0.12754198595702812,-0.10989130017028112,-0.017650685786747,-0.018534219923293186,0.44176706827309237,249,249,2495
1990-08-31,-0.07814044714982943,-0.07906598300397363,0,283891,1990,1989,-0.10027824937416667,-0.07644221755708334,-0.023836031817083325,-0.02472769848374999,0.4458333333333333,240,240,2409
1990-09-30,0.027844014781163613,0.018024541282807425,0,283891,1990,1989,-0.059332199484615385,-0.07201757068675214,0.01268537120213676,0.011753747270512828,0.4658119658119658,234,234,2340
1990-10-31,0.06787209032822615,0.07885155423966121,0,283891,1990,1989,0.07238783153849557,0.055952634769026545,0.016435196769469022,0.01531572774292035,0.5597345132743363,226,226,2267
1990-11-30,0.07689307721556354,0.0864474448544816,0,283891,1990,1989,0.051273403261233474,0.018848726386784143,0.03242467687444933,0.03121322312995594,0.605726872246696,227,227,2275
1990-12-31,0.11971931678574516,0.12680113721973402,0,283891,1990,1989,0.08415812571754384,0.05629762763377193,0.027860498083771917,0.02712365597850876,0.368421052631579,228,228,2281
1991-01-31,0.02131683859440677,0.009118299214734473,0,320342,1991,1990,0.10989258219181035,0.10274449880818966,0.00714808338362069,0.006018773038793104,0.5646551724137931,232,232,2325
1991-02-28,0.04755162615501311,0.05180877466627913,0,320342,1991,1990,0.04589096709176954,0.053069352764197525,-0.007178385672427984,-0.007927356865843622,0.37448559670781895,243,243,2432
1991-03-31,0.019116222346544375,-0.002840072540105787,0,320342,1991,1990,0.013587472870325202,0.004003904778861792,0.00958356809146341,0.008851860774390239,0.36585365853658536,246,246,2469
1991-04-30,0.041070466145303866,0.04263225295548421,0,320342,1991,1990,0.03490411537670682,0.029658937805622492,0.005245177571084326,0.004233129378313241,0.5060240963855422,249,249,2490
1991-05-31,-0.008130881989880883,-0.029023001953735927,0,320342,1991,1990,-0.028643365486399997,-0.0406116934956,0.011968328009200006,0.011220328009200005,0.374,250,250,2507
1991-06-30,0.0031721162073595137,0.005261875742432144,0,320342,1991,1990,0.026394701319574294,0.04019730008795181,-0.013802598768377517,-0.01477448631857832,0.4859437751004016,249,249,2495
1991-07-31,0.007154613478610603,-0.0019629628150041106,0,320342,1991,1990,0.02767634603027888,0.0271623870752988,0.0005139589549800795,-0.0004302641525896415,0.4721115537848605,251,251,2519
1991-08-31,-0.012988175005561146,-0.02058773088826605,0,320342,1991,1990,-0.010174697541666666,0.0014750351154761915,-0.011649732657142857,-0.01240370091111111,0.376984126984127,252,252,2527
1991-09-30,-0.02152464248760235,-0.01757114918819942,0,320342,1991,1990,0.010497814894466403,0.032519346641501974,-0.02202153174703557,-0.02295433807114624,0.46640316205533594,253,253,2538
1991-10-31,0.020906536818781976,0.007286087641515676,0,320342,1991,1990,-0.03943592512812499,-0.05473463224804687,0.01529870711992188,0.01469714461992188,0.30078125,256,256,2561
1991-11-30,-0.040780650842665425,-0.03796339838205466,0,320342,1991,1990,0.054001446227237355,0.08765484461712063,-0.03365339838988327,-0.03411254235875487,0.22957198443579763,257,257,2570
1991-12-31,0.006704278002247563,0.03374297122219389,0,320342,1991,1990,0.08325616787777779,0.06878787503448276,0.014468292843295025,0.013885917364367822,0.29118773946360155,261,261,2611
1992-01-31,0.09382309291780846,0.07408392221534256,60,358083,1992,1991,0.03391890541254612,0.003954539709963101,0.02996436570258302,0.02840348009372693,0.7804428044280443,271,271,2712
1992-02-29,0.06475873046587387,0.09282340299391466,60,358083,1992,1991,-0.016458949873188407,-0.03332566984311595,0.01686671996992754,0.01620729968007247,0.32971014492753625,276,276,2760
1992-03-31,0.16459748686894216,0.1342162699867005,60,358083,1992,1991,-0.008167155358139642,-0.07928168642357143,0.0711145310654318,0.07048595963686037,0.3142857142857143,280,280,2800
1992-04-30,0.02000780166270639,0.016879098154129236,60,358083,1992,1991,0.005789187023741008,-0.0043081113712230236,0.010097298394964031,0.009338305589208635,0.37949640287769787,278,278,2786
1992-05-31,0.007889331963945232,0.018221325711013543,60,358083,1992,1991,-0.049854379676785715,-0.04682450127,-0.003029878406785716,-0.0036405926925000016,0.3053571428571429,280,280,2805
1992-06-30,-0.03273789701163757,-0.043396554289369046,60,358083,1992,1991,0.03287280763297491,0.05854917927849461,-0.025676371645519697,-0.02629285910071683,0.30824372759856633,279,279,2797
1992-07-31,0.10055258681083586,0.06645122595041994,60,358083,1992,1991,-0.006668024025886525,-0.04630957505638299,0.039641551030496464,0.03892523897375887,0.35815602836879434,282,282,2821
1992-08-31,-0.03600976561432869,-0.04675352487009325,60,358083,1992,1991,0.00877648244516129,0.022271643511827956,-0.013495161066666666,-0.014086558916129031,0.2956989247311828,279,279,2799
1992-09-30,-0.04076122257270853,-0.044944997326393545,60,358083,1992,1991,0.024264942553736655,0.04018328974839857,-0.015918347194661914,-0.016544681714234868,0.31316725978647686,281,281,2818
1992-10-31,-0.07600466106179488,-0.03675756151823853,60,358083,1992,1991,0.07743118321443664,0.11399505869260564,-0.036563875478169,-0.037246974069718296,0.3415492957746479,284,284,2845
1992-11-30,0.04205350326972874,0.04930457312848231,60,358083,1992,1991,0.04049753111284723,0.025219079738194445,0.015278451374652783,0.01461872915243056,0.3298611111111111,288,288,2887
1992-12-31,0.04971010450582454,0.052259243257741804,60,358083,1992,1991,0.043041571130612244,0.027818866639455778,0.015222704491156466,0.014552636463945582,0.3350340136054422,294,294,2943
1993-01-31,0.0020182290048813833,-0.013697128375381512,0,398677,1993,1992,-0.012732743298316496,-0.02691473941616162,0.014181996117845123,0.012878965814814819,0.6515151515151516,297,297,2972
1993-02-28,0.012340650379440942,0.011865512007242673,0,398677,1993,1992,0.037213024803367,0.03746616527306398,-0.0002531404696969747,-0.0004989317154882205,0.12289562289562289,297,297,2978
1993-03-31,-0.004133410610587516,-0.02282895454281147,0,398677,1993,1992,-0.025009356969836066,-0.02580489842655738,0.0007955414567213138,0.00031685293213114984,0.239344262295082,305,305,3053
1993-04-30,-0.015353659478414687,-0.04059899010291314,0,398677,1993,1992,0.02318999166689082,0.04727566681737705,-0.02408567515048623,-0.024849609576715736,0.38196721311475407,305,305,3050
1993-05-31,0.02405436040709185,0.026626858384940968,0,398677,1993,1992,0.011223365858766234,0.0056894743568181826,0.005533891501948052,0.005072852540909091,0.2305194805194805,308,308,3087
1993-06-30,0.016437053637166996,0.040714978385471216,0,398677,1993,1992,0.01853269099012739,0.003791171396496815,0.014741519593630577,0.014292475007643315,0.22452229299363058,314,314,3142
1993-07-31,-0.009009899335655165,-0.0329113299786541,0,398677,1993,1992,0.05180264088829114,0.053722862193037964,-0.0019202213047468247,-0.0025373099123417613,0.30854430379746833,316,316,3161
1993-08-31,0.026901567972205897,0.042399329054354125,0,398677,1993,1992,0.030684968434374998,0.035589972400937496,-0.004905003966562498,-0.005476878966562499,0.2859375,320,320,3207
1993-09-30,-0.0036185968511326006,-0.019868756468780863,0,398677,1993,1992,0.017112639562769233,0.023838273880923078,-0.006725634318153845,-0.007264095856615384,0.2692307692307693,325,325,3254
1993-10-31,0.0026637586304010526,0.005204667399779674,0,398677,1993,1992,-0.02782357799063444,-0.036453164057099696,0.008629586066465255,0.008070673679758306,0.2794561933534743,331,331,3312
1993-11-30,0.010012068645197365,-0.015499575564039966,0,398677,1993,1992,0.019927545133433734,0.023879215910240965,-0.0039516707768072305,-0.004596249090060242,0.32228915662650603,332,332,3325
1993-12-31,0.003757224320385101,0.026997482364527346,0,398677,1993,1992,0.03182598053402367,0.032127512447337275,-0.000301531913313606,-0.0010825970020710025,0.3905325443786982,338,338,3385
1994-01-31,0.019648814153802794,0.04399736685923953,0,442581,1994,1993,-0.0053927407492711365,-0.010060707311294752,0.004667966562023616,0.0035134476115862984,0.5772594752186588,343,343,3432
1994-02-28,0.023789903851508545,0.03296079147180409,0,442581,1994,1993,-0.03563667809186047,-0.05832936704854651,0.02269268895668604,0.022230479654360456,0.23110465116279072,344,344,3444
1994-03-31,0.03609451262110453,0.013558531019919771,0,442581,1994,1993,0.006209174060755813,-0.002345011565988372,0.008554185626744185,0.008013487952325581,0.2703488372093023,344,344,3449
1994-04-30,0.02074903650915383,0.10100469727992455,0,442581,1994,1993,0.016326228001729108,-0.00610826536628242,0.022434493368011527,0.021275991927089337,0.579250720461095,347,347,3478
1994-05-31,0.044410891892146635,0.09357282324289523,0,442581,1994,1993,0.008437211781609194,-0.02697181766954023,0.035409029451149425,0.03508144324425287,0.16379310344827586,348,348,3482
1994-06-30,-0.0013205146300130568,-0.025788161829303612,0,442581,1994,1993,0.00820858208591954,0.02166672574597701,-0.013458143660057471,-0.013699522970402299,0.12068965517241376,348,348,3489
1994-07-31,-0.0007743373191868671,-0.021421133063819958,0,442581,1994,1993,0.03396826656045845,0.03754607435444126,-0.0035778077939828123,-0.004159469685100291,0.29083094555873923,349,349,3494
1994-08-31,0.03800313838682547,0.014645439693037086,0,442581,1994,1993,0.008736630471022728,0.004085651348863636,0.004650979122159092,0.004051547303977274,0.29971590909090906,352,352,3522
1994-09-30,-0.03471339909653188,-0.06366451269095631,0,442581,1994,1993,-0.01840503113276836,-0.009402108933333334,-0.009002922199435028,-0.009310831803954802,0.153954802259887,354,354,3542
1994-10-31,-0.0068911381727861185,-0.002843379748386282,0,442581,1994,1993,-0.04244094251299435,-0.0360005778,-0.006440364712994348,-0.006756748893785309,0.15819209039548027,354,354,3541
1994-11-30,-0.020043520444136008,-0.02711850680716238,0,442581,1994,1993,0.0005510965222222223,0.0010827423102564098,-0.0005316457880341875,-0.0008592811156695151,0.16381766381766383,351,351,3515
1994-12-31,0.07148243470136892,0.09348231094622328,0,442581,1994,1993,0.022600434275911175,0.009458864221776503,0.013141570054134672,0.012803461171613182,0.16905444126074498,349,349,3494
1995-01-31,0.02877081662879453,0.03140941019022894,168,490648,1995,1994,0.03935065426373937,0.03360373954220963,0.0057469147215297375,0.004018869395750701,0.8640226628895185,353,353,3534
1995-02-28,0.010764377633750958,0.020020314272646472,168,490648,1995,1994,0.020940465365915494,0.016714776216056337,0.0042256891498591576,0.0033947032343662,0.4154929577464789,355,355,3555
1995-03-31,0.06704399070484676,0.06468667116935539,168,490648,1995,1994,0.03712460958567416,0.00717820786011236,0.0299464017255618,0.02906718824241573,0.4396067415730337,356,356,3566
1995-04-30,0.004806685754132834,0.005975862752873747,168,490648,1995,1994,0.024696873333426184,0.021757186374930362,0.0029396869584958213,0.0018979042286908073,0.520891364902507,359,359,3596
1995-05-31,0.05058117200849317,0.0704197491219193,168,490648,1995,1994,0.06155141161495845,0.037467693943213295,0.024083717671745157,0.023277623488919673,0.40304709141274236,361,361,3612
1995-06-30,0.0839196586445146,0.07040103134587844,168,490648,1995,1994,0.07186169004630137,0.042432615130136984,0.029429074916164387,0.028508526970958906,0.4602739726027397,365,365,3651
1995-07-31,0.0254571757977765,0.00926407289538462,168,490648,1995,1994,0.03337261862756757,0.02088225593864865,0.012490362688918916,0.011495768094324323,0.49729729729729727,370,370,3700
1995-08-31,0.027841776493949873,0.04813125543725283,168,490648,1995,1994,0.023544464146791445,0.01943484398983957,0.004109620156951873,0.0032647003708556163,0.4224598930481283,374,374,3740
1995-09-30,0.09160057937923033,0.08505431480255542,168,490648,1995,1994,-0.03397607328475936,-0.0608133182751337,0.02683724499037434,0.02600836798502675,0.4144385026737968,374,374,3749
1995-10-31,0.048915656566038405,0.06712007141373248,168,490648,1995,1994,0.04390511505833334,0.030906429522043016,0.012998685536290324,0.0118427715577957,0.5779569892473118,372,372,3723
1995-11-30,-0.04821739967699085,-0.053578559101935944,168,490648,1995,1994,-0.003453900354933334,0.020902776529866666,-0.024356676884799998,-0.02535401021813333,0.49866666666666665,375,375,3753
1995-12-31,-0.004009570464769085,-0.003911313589419498,168,490648,1995,1994,0.010641611980901855,0.007010707073209549,0.0036309049076923058,0.0027555733427055682,0.43766578249336874,377,377,3773
1996-01-31,0.03183172764109713,0.032325824889373786,165,540674,1996,1995,0.035060735652631576,0.020764265551842107,0.01429647010078947,0.013122785890263153,0.5868421052631579,380,380,3808
1996-02-29,0.07462125561940336,0.05843622214581571,165,540674,1996,1995,0.03508115304315789,-0.0005504456323684203,0.03563159867552631,0.03466844078078947,0.4815789473684211,380,380,3809
1996-03-31,0.08299196727955639,0.06904070860420168,165,540674,1996,1995,0.08966173012083334,0.051163914346875006,0.03849781577395833,0.037630628273958334,0.43359375,384,384,3847
1996-04-30,-0.005250127727916002,0.0583053184673324,165,540674,1996,1995,0.06332668692276214,0.048000274908695656,0.015326412014066482,0.014218995134271085,0.5537084398976981,391,391,3916
1996-05-31,0.05327762031155724,0.025738236570310546,165,540674,1996,1995,-0.054829453220551376,-0.06900654881077693,0.014177095590225557,0.013219702106516283,0.47869674185463656,399,399,3990
1996-06-30,0.11033213318281894,0.06998293643759372,165,540674,1996,1995,-0.08108846107994987,-0.11804031664110277,0.03695185556115291,0.03603957485939852,0.456140350877193,399,399,3996
1996-07-31,-0.0023989347097558913,0.019352635072996855,165,540674,1996,1995,0.06067454770152284,0.0629857033251269,-0.0023111556236040595,-0.0034634398875634503,0.5761421319796954,394,394,3948
1996-08-31,0.05473832042753299,0.05280841152454275,165,540674,1996,1995,0.048324370220351756,0.019745930795226133,0.028578439425125623,0.02755331379698492,0.5125628140703518,398,398,3981
1996-09-30,0.07578349223473592,0.07158242600459301,165,540674,1996,1995,-0.016632264966999998,-0.04238116322425,0.025748898257250002,0.02482139825725,0.46375,400,400,4002
1996-10-31,0.07846384816725749,0.07908089284979852,165,540674,1996,1995,0.04442159347780548,0.015520756940149623,0.028900836537655857,0.027831011101246878,0.5349127182044888,401,401,4011
1996-11-30,0.09837370587611075,0.07292336585875282,165,540674,1996,1995,0.03347008322531018,-0.017841202466253106,0.051311285691563284,0.05034602514565758,0.4826302729528536,403,403,4034
1996-12-31,0.0371672806438261,0.03329922807443577,165,540674,1996,1995,0.046851195477667494,0.021298739546898263,0.02555245593076923,0.02448545841215881,0.533498759305211,403,403,4030
1997-01-31,0.020565521465117316,-0.014891628568480931,250,593540,1997,1996,-0.019717779478186273,-0.03312219845661765,0.013404418978431379,0.012259811135294124,0.5723039215686275,408,408,4083
1997-02-28,0.0744769168288509,0.07619105130547076,250,593540,1997,1996,-0.04821834185233416,-0.07777807681965603,0.029559734967321866,0.028596590004176903,0.4815724815724816,407,407,4076
1997-03-31,0.02397941890084656,0.029487613749441505,250,593540,1997,1996,-0.017625494627543425,-0.039118418398014894,0.02149292377047147,0.020470591264267996,0.5111662531017369,403,403,4035
1997-04-30,-0.05483988056534392,-0.03871521743370117,250,593540,1997,1996,0.13154408515614036,0.14228116553884712,-0.010737080382706765,-0.011927556573182957,0.5952380952380953,399,399,3995
1997-05-31,0.09032420214045343,0.07763344085341488,250,593540,1997,1996,0.0604266405562963,0.025500382650370374,0.03492625790592592,0.0339040356837037,0.5111111111111111,405,405,4057
1997-06-30,0.08850860099442905,0.08296944024902944,250,593540,1997,1996,0.07351075021650245,0.03515324747167488,0.038357502744827576,0.037313167769458117,0.5221674876847291,406,406,4062
1997-07-31,0.0623802251605514,0.07347080193095022,250,593540,1997,1996,0.05577641555049019,0.027946994646078433,0.027829420904411758,0.026750989531862737,0.5392156862745099,408,408,4087
1997-08-31,-0.007727551371742234,-0.007117892729908245,250,593540,1997,1996,0.08028903045523116,0.08331422825912409,-0.0030251978038929317,-0.003971669823357652,0.4732360097323601,411,411,4115
1997-09-30,0.08154918359072288,0.07157271351569922,250,593540,1997,1996,-0.027770295831578945,-0.05683607060263158,0.029065774771052634,0.028149506828468902,0.45813397129186606,418,418,4180
1997-10-31,0.10317583890454331,0.07574272225518694,250,593540,1997,1996,-0.008403659076019185,-0.04558109971918465,0.037177440643165464,0.03603115766954436,0.5731414868105515,417,417,4174
1997-11-30,0.0472347386251844,0.04541295779769466,250,593540,1997,1996,-0.01813427652698795,-0.03279156572168675,0.014657289194698796,0.013625963893493976,0.5156626506024096,415,415,4157
1997-12-31,0.13846898563593296,0.09484632109236216,250,593540,1997,1996,0.034882239012713936,-0.014940561187286063,0.0498228002,0.0487225557012225,0.550122249388753,409,409,4090
1998-01-31,0.07861510022322504,0.0989755163512789,130,648473,1998,1997,0.0915998175894349,0.05261786244963145,0.03898195513980345,0.03781242197027028,0.5847665847665848,407,407,4075
1998-02-28,0.05997725547429729,0.03181707147479324,130,648473,1998,1997,0.06905948738341464,0.04397284192219512,0.02508664546121952,0.02424518204658537,0.42073170731707316,410,410,4109
1998-03-31,0.06869032203300403,0.09233794284427932,130,648473,1998,1997,0.028165277805542174,-0.0023420301091566253,0.0305073079146988,0.029528994661686753,0.48915662650602404,415,415,4157
1998-04-30,-0.03312377337409295,-0.05283374847389372,130,648473,1998,1997,-0.061563751556220084,-0.059661401008851665,-0.0019023505473684185,-0.0029741208822966483,0.5358851674641147,418,418,4180
1998-05-31,-0.018335653389309918,-0.004109575524819585,130,648473,1998,1997,-0.020540869372705314,-0.02476647525072464,0.004225605878019324,0.003360871578502416,0.4323671497584541,414,414,4149
1998-06-30,0.019784374244759886,0.005714281288520391,130,648473,1998,1997,-0.05353414579607843,-0.06806458673161765,0.014530440935539221,0.013523087994362751,0.5036764705882353,408,408,4080
1998-07-31,0.016111701754837865,0.002159038340889675,130,648473,1998,1997,-0.205670045867581,-0.22791881711546133,0.022248771247880328,0.021161489452369106,0.543640897755611,401,401,4015
1998-08-31,0.055243602285987826,0.03818387314357675,130,648473,1998,1997,0.09706626678631579,0.06578689578078947,0.031279371005526316,0.030053055216052633,0.6131578947368421,380,380,3804
1998-09-30,0.12922949056160965,0.1482079193440033,130,648473,1998,1997,0.10482883158184211,0.027334886876315793,0.07749394470552631,0.0760860499686842,0.7039473684210527,380,380,3809
1998-10-31,-0.02091731596377432,0.05593210966722265,130,648473,1998,1997,0.08108730373994709,0.07415174084179894,0.006935562898148145,0.005615457078042325,0.66005291005291,378,378,3782
1998-11-30,0.04295622820140495,0.039170343472835586,130,648473,1998,1997,0.050511839172105256,0.028797246731578952,0.021714592440526304,0.02037511875631578,0.6697368421052632,380,380,3801
1998-12-31,0.03563549852976012,0.08802382210473995,130,648473,1998,1997,0.05651624464312168,0.021199621254232803,0.03531662338888888,0.034205512277777766,0.5555555555555556,378,378,3787
1999-01-31,0.04626994987537524,0.01215696467890341,67,703028,1999,1998,-0.05236915321015625,-0.08466567799270834,0.03229652478255209,0.031114233115885424,0.5911458333333334,384,384,3848
1999-02-28,-0.00777351998494636,-0.022725764803383848,67,703028,1999,1998,0.01337082703862434,0.00955705348888889,0.0038137735497354493,0.0027291174650793644,0.5423280423280423,378,378,3787
1999-03-31,0.010104104016099428,0.01783764409677988,67,703028,1999,1998,0.09266663553413979,0.07249060721532259,0.020176028318817193,0.018960974555376334,0.6075268817204301,372,372,3723
1999-04-30,0.14587809226765772,0.10481904018787261,67,703028,1999,1998,0.06781726360158731,-0.010765792543386244,0.07858305614497356,0.0771280296899471,0.7275132275132274,378,378,3782
1999-05-31,0.10677086098016544,0.1063484836011432,67,703028,1999,1998,0.08185465426806283,0.03893275855445026,0.04292189571361257,0.04167582241518326,0.6230366492146597,382,382,3823
1999-06-30,0.07735040111056138,0.06123928549901895,67,703028,1999,1998,0.002382936711256547,-0.028952390715183244,0.03133532742643979,0.03014684575104712,0.5942408376963351,382,382,3820
1999-07-31,0.022658412141372875,0.001607762892745072,67,703028,1999,1998,-0.022339093874803147,-0.03360136486377953,0.011262270988976381,0.010191404847244097,0.5354330708661417,381,381,3812
1999-08-31,0.005806563447890941,0.005227877388943103,67,703028,1999,1998,-0.009836716882180851,-0.015582949285904252,0.005746232403723401,0.0044962324037234,0.625,376,376,3762
1999-09-30,-0.03232012131577974,-0.00595150297752809,67,703028,1999,1998,0.009668960541509432,0.011934878736657682,-0.0022659181951482504,-0.0034977241250673877,0.6159029649595688,371,371,3711
1999-10-31,0.04723616222368372,0.08926183282150704,67,703028,1999,1998,0.08465609044577657,0.08959614110708448,-0.004940050661307913,-0.00608718962588557,0.5735694822888284,367,367,3677
1999-11-30,0.02969999502446951,0.07919019791694366,67,703028,1999,1998,0.08211888812581522,0.07175499705543478,0.010363891070380438,0.009176391070380438,0.59375,368,368,3683
1999-12-31,-0.006074152816397716,0.017562211579732652,67,703028,1999,1998,-0.007881628560158309,-0.00029485989498680425,-0.0075867686651715045,-0.00890339135646438,0.658311345646438,379,379,3792
2000-01-31,-0.264400724220318,-0.19333975972799303,53,755893,2000,1999,0.03681062259411765,0.21284766550187162,-0.17603704290775396,-0.17731779157085556,0.6403743315508021,374,374,3744
2000-02-29,0.25492118339952874,0.18624347395927804,53,755893,2000,1999,0.06143468750286459,-0.14941617571145832,0.21085086321432292,0.2097440923809896,0.5533854166666667,384,384,3846
2000-03-31,0.3047266964915998,0.2573225767116925,53,755893,2000,1999,-0.015007302117847768,-0.21021538018083988,0.19520807806299212,0.1939508602152231,0.6286089238845145,381,381,3819
2000-04-30,0.08608398438270222,0.08969570293544447,53,755893,2000,1999,-0.04830913482150537,-0.11281965622096775,0.06451052139946238,0.06301320957150539,0.7486559139784946,372,372,3724
2000-05-31,0.053263256087888386,-0.031642000193390085,53,755893,2000,1999,0.15344139804016618,0.11714227532493075,0.03629912271523543,0.03500272382326867,0.6481994459833795,361,361,3617
2000-06-30,0.0832490989218029,0.06937442173389387,53,755893,2000,1999,-0.009868230875956284,-0.0641964078021858,0.054328176926229516,0.05288008949453553,0.7240437158469946,366,366,3660
2000-07-31,-0.049343639800419455,-0.04124548364757726,53,755893,2000,1999,0.06991535589060774,0.10899569553895029,-0.03908033964834255,-0.04027094738314918,0.5953038674033149,362,362,3621
2000-08-31,0.08458706747855256,0.06524760557376037,53,755893,2000,1999,-0.02713759563589041,-0.09680112564246576,0.06966353000657535,0.06855942041753425,0.552054794520548,365,365,3655
2000-09-30,0.09443327113006604,0.09861584880194461,53,755893,2000,1999,-0.043168926276111116,-0.10780708506666667,0.06463815879055555,0.063432603235,0.6027777777777779,360,360,3602
2000-10-31,0.2649136950273603,0.1985408664064149,53,755893,2000,1999,-0.08404128224871796,-0.2687267229242165,0.18468544067549855,0.1835372925273504,0.5740740740740741,351,351,3513
2000-11-30,-0.028414644509516016,-0.007375952480368838,53,755893,2000,1999,0.03300741170865671,0.02587378067880597,0.007133631029850741,0.005790347447761189,0.6716417910447762,335,335,3358
2000-12-31,0.09960534434481855,0.12167850946682907,53,755893,2000,1999,0.1886747003513678,0.11707892882006078,0.07159577153130701,0.07024014843100307,0.6778115501519757,329,329,3296
2001-01-31,0.41388905002812865,0.3063439365868115,193,807490,2001,2000,-0.02428446406822157,-0.24496892315889213,0.22068445909067055,0.21929670398862974,0.6938775510204082,343,343,3432
2001-02-28,0.16273289272500008,0.17186439718934318,193,807490,2001,2000,-0.045796008024024025,-0.14170140642852852,0.09590539840450449,0.09475825125735735,0.5735735735735736,333,333,3338
2001-03-31,0.05255517277724363,-0.0777201716354943,193,807490,2001,2000,0.11485767920123076,0.12673219954676923,-0.011874520345538472,-0.013049904960923089,0.5876923076923077,325,325,3257
2001-04-30,0.12906063497774975,0.12938255777908597,193,807490,2001,2000,0.07231528035288755,0.008527526722492402,0.06378775363039514,0.06241693296170213,0.6854103343465046,329,329,3298
2001-05-31,0.0850719152415603,0.09035383033609638,193,807490,2001,2000,0.047088340047604794,0.009774800077245507,0.037313539970359286,0.03612791122784432,0.592814371257485,334,334,3342
2001-06-30,0.28640419511500514,0.2629101867626731,193,807490,2001,2000,0.04176233637957958,-0.10960211556486488,0.15136445194444445,0.15025033783033034,0.5570570570570571,333,333,3330
2001-07-31,0.131925083055318,0.12905621042695897,193,807490,2001,2000,-0.016241972014199395,-0.08127468509335348,0.06503271307915408,0.06400552274682779,0.5135951661631419,331,331,3310
2001-08-31,-0.024042944121709056,0.08378209837224429,193,807490,2001,2000,-0.1496127585239264,-0.1487542801865031,-0.0008584783374232796,-0.002060932325153341,0.6012269938650306,326,326,3262
2001-09-30,0.04958939572568282,-0.027529495079668325,193,807490,2001,2000,0.10389784041117309,0.09381938309647438,0.01007845731469871,0.008751534237775634,0.6634615384615384,312,312,3124
2001-10-31,-0.06108129728272967,-0.022727185112665273,193,807490,2001,2000,0.08754602438987341,0.09573914633797469,-0.008193121948101276,-0.009493754859493681,0.6503164556962024,316,316,3160
2001-11-30,0.02811630584206207,0.03891777011284419,193,807490,2001,2000,0.06400308722625,0.050889611794375,0.013113475431875007,0.011916600431875007,0.5984375,320,320,3202
2001-12-31,0.20841821001512925,0.2102218875023015,193,807490,2001,2000,0.039023432919135806,-0.05735812037037038,0.09638155328950618,0.09516550390679013,0.6080246913580247,324,324,3242
2002-01-31,0.24049316097340007,0.1933767342658156,75,856545,2002,2001,0.005069521861919506,-0.1059919587987616,0.1110614806606811,0.10985714629535602,0.6021671826625388,323,323,3238
2002-02-28,0.0689524543061374,0.022689662452316905,75,856545,2002,2001,0.09450522395377359,0.07491607488742137,0.019589149066352216,0.018752671078930833,0.41823899371069184,318,318,3181
2002-03-31,0.21014460413510308,0.2306369720431403,75,856545,2002,2001,0.041381494871913574,-0.06471635220061728,0.10609784707253085,0.10509476065277777,0.5015432098765432,324,324,3241
2002-04-30,0.11910006995155545,0.15175493739172055,75,856545,2002,2001,0.0073553216646875,-0.0508612337740625,0.05821655543875,0.05706343043875,0.5765625,320,320,3207
2002-05-31,0.06156862591401243,0.13997759224250028,75,856545,2002,2001,-0.0424112280401254,-0.08348342583166145,0.04107219779153605,0.04010668055015674,0.48275862068965514,319,319,3195
2002-06-30,0.15521665514121905,0.18113579576563837,75,856545,2002,2001,-0.09955926876421725,-0.1756423499549521,0.07608308119073484,0.07499042943354635,0.5463258785942492,313,313,3139
2002-07-31,0.08057409878836651,0.06918997405987942,75,856545,2002,2001,0.019352758089368767,-0.0050710969348837205,0.024423855024252487,0.02322451947607973,0.5996677740863787,301,301,3012
2002-08-31,-0.0667939681096297,0.004717963717160292,75,856545,2002,2001,-0.10377311678628763,-0.08207155445652173,-0.021701562329765903,-0.022875475373244164,0.5869565217391305,299,299,2998
2002-09-30,0.13231852414302317,0.08646901639750072,75,856545,2002,2001,0.07851397950753425,0.010351586107876716,0.06816239339965753,0.06710759887910958,0.5273972602739726,292,292,2920
2002-10-31,-0.012703148702372024,0.0068791126579178545,75,856545,2002,2001,0.11106780616598641,0.10984104551802722,0.0012267606479591936,0.0001315225527210983,0.5476190476190477,294,294,2945
2002-11-30,0.17319126239494803,0.12790454569749257,75,856545,2002,2001,-0.007531578157807308,-0.0739537496973422,0.06642217153953489,0.06541552702126247,0.5033222591362126,301,301,3016
2002-12-31,0.07476283548989855,0.10021896219408061,75,856545,2002,2001,-0.002083279737792643,-0.024824677824749165,0.02274139808695652,0.021761464976588627,0.4899665551839465,299,299,2997
2003-01-31,-0.00012889502812695936,0.014805110174102803,118,903912,2003,2002,-0.024383765041946306,-0.020205609107046985,-0.0041781559348993205,-0.005258692847650999,0.5402684563758389,298,298,2984
2003-02-28,0.011750429016635026,0.0031160485435660157,118,903912,2003,2002,0.010826387854237288,0.00714466405118644,0.0036817238030508485,0.0028376560064406788,0.42203389830508475,295,295,2954
2003-03-31,0.061541328261921116,0.050378825253558315,118,903912,2003,2002,0.11384540361734694,0.0861020155707483,0.027743388046598635,0.026787605733673465,0.47789115646258506,294,294,2945
2003-04-30,0.06687359715561889,0.008379710546693592,118,903912,2003,2002,0.12196627012433335,0.10581119043866667,0.01615507968566668,0.014898413019000013,0.6283333333333334,300,300,3002
2003-05-31,0.0477267969761554,0.05822916695884773,118,903912,2003,2002,0.04410594384498382,0.02675226699320388,0.01735367685177994,0.016298660670550167,0.5275080906148868,309,309,3098
2003-06-30,0.05989790238541309,0.03650017323000678,118,903912,2003,2002,0.07382154191789136,0.07090004281309904,0.0029214991047923217,0.001892745111182098,0.5143769968051118,313,313,3137
2003-07-31,0.0822012312056042,0.059335544379878695,118,903912,2003,2002,0.07334552093134797,0.041259432139184954,0.032086088792163014,0.031039066848589345,0.5235109717868338,319,319,3194
2003-08-31,0.04307739116063114,0.03920171326505203,118,903912,2003,2002,0.0029432438261682253,-0.010719219238629283,0.013662463064797509,0.012578350915264798,0.5420560747663552,321,321,3211
2003-09-30,0.10531366531410945,0.09999234080608156,118,903912,2003,2002,0.12377587157523219,0.07270359288018576,0.051072278695046436,0.04999797528947368,0.5371517027863777,323,323,3234
2003-10-31,0.020491425748752044,0.021309837448245963,118,903912,2003,2002,0.03996051722256098,0.033162652253963414,0.006797864968597564,0.005700303992987808,0.5487804878048781,328,328,3288
2003-11-30,0.017627041292064816,-0.03169589608820553,118,903912,2003,2002,0.03675702122138554,0.03335018941295181,0.0034068318084337357,0.0023435787963855433,0.5316265060240963,332,332,3328
2003-12-31,0.014531215085333327,0.034975901510021834,118,903912,2003,2002,0.05312263927844311,0.0451334136491018,0.00798922562934131,0.006917369341916162,0.5359281437125748,334,334,3341
2004-01-31,-0.12652448787571766,-0.09394143623106112,8,950329,2004,2003,-0.019882700744411765,0.020019518082647056,-0.03990221882705882,-0.04133457176823529,0.7161764705882353,340,340,3400
2004-02-29,-0.031428345512646665,-0.06507988870701362,8,950329,2004,2003,-0.005395169644247787,0.0014724540843657828,-0.00686762372861357,-0.007419246147492627,0.275811209439528,339,339,3395
2004-03-31,-0.10902910669438017,-0.07183010237017164,8,950329,2004,2003,-0.057914583433628326,-0.014037866663126843,-0.043876716770501485,-0.044454887861946915,0.28908554572271383,339,339,3396
2004-04-30,0.07415267848236853,-0.0018379743147508164,8,950329,2004,2003,0.02067098028862275,0.0009632755443113774,0.019707704744311372,0.01892626761856287,0.3907185628742515,334,334,3342
2004-05-31,0.06455373826965703,0.017240631966181294,8,950329,2004,2003,0.03318000350090361,0.008521772090361446,0.024658231410542165,0.02398052056716867,0.338855421686747,332,332,3326
2004-06-30,-0.14907834167426062,-0.13282031132996844,8,950329,2004,2003,-0.08788661026796407,-0.02817121822215569,-0.05971539204580838,-0.060424972884131734,0.35479041916167664,334,334,3342
2004-07-31,-0.08402114246151178,-0.12850078483468788,8,950329,2004,2003,-0.018372763943465046,0.004636589528267476,-0.02300935347173252,-0.023823943137386016,0.4072948328267477,329,329,3292
2004-08-31,0.12219919713413728,0.08469996608833207,8,950329,2004,2003,0.06989889874097859,0.029483626882262998,0.04041527185871559,0.03961404861712537,0.40061162079510704,327,327,3279
2004-09-30,0.035683831111107255,-0.002286591949663589,8,950329,2004,2003,0.032817900395744684,0.02167657683161094,0.011141323564133745,0.010317615357446814,0.41185410334346506,329,329,3297
2004-10-31,0.10228560818966254,0.06587744707315421,8,950329,2004,2003,0.09623734859606059,0.06651729748,0.02972005111606059,0.02888065717666665,0.41969696969696973,330,330,3302
2004-11-30,0.11658778248172144,0.013965887593381214,8,950329,2004,2003,0.06463692513482144,0.04139558017589286,0.023241344958928586,0.02231872591130954,0.4613095238095238,336,336,3362
2004-12-31,-0.003973411763187924,0.027120880318708986,8,950329,2004,2003,-0.0342607929535503,-0.033121636355029585,-0.0011391565985207144,-0.002065192101479294,0.4630177514792899,338,338,3388
2005-01-31,0.03417320217344529,0.024910569056343455,273,996130,2005,2004,0.019650483552678573,0.014699442380059522,0.004951041172619051,0.0036415173630952413,0.6547619047619048,336,336,3366
2005-02-28,-0.030197321118160172,-0.01729963969449256,273,996130,2005,2004,-0.02821218455384616,-0.02865167329378698,0.0004394887399408187,-0.0005693869997041516,0.5044378698224852,338,338,3380
2005-03-31,-0.06453116888887142,-0.08262993657223627,273,996130,2005,2004,-0.06451811687440477,-0.050221018507142855,-0.014297098367261916,-0.015475669795833345,0.5892857142857142,336,336,3363
2005-04-30,0.1691050555037711,0.131896008211182,273,996130,2005,2004,0.07466795393525835,0.031654392305775075,0.04301356162948328,0.041834230322492394,0.5896656534954408,329,329,3292
2005-05-31,0.014237291600259196,0.043062725181288106,273,996130,2005,2004,0.028784552732628393,0.026683556717824772,0.002100996014803621,0.001088911422658606,0.5060422960725075,331,331,3311
2005-06-30,0.052976292039010685,0.05083022641983407,273,996130,2005,2004,0.07500025520542168,0.05930755029608434,0.015692704909337343,0.014608367559939753,0.5421686746987951,332,332,3325
2005-07-31,0.018302318813115375,0.01183865189664957,273,996130,2005,2004,-0.014742940820535714,-0.013683819812797619,-0.0010591210077380946,-0.0022228114839285707,0.5818452380952381,336,336,3365
2005-08-31,0.09834365915893803,0.0904348110274826,273,996130,2005,2004,0.01722578254136905,-0.01117830414887351,0.02840408669024256,0.02730289621405208,0.5505952380952381,336,336,3362
2005-09-30,0.05341647045222259,0.05083684212458234,273,996130,2005,2004,-0.021362305208059703,-0.03715361289111045,0.01579130768305075,0.014674889772602989,0.5582089552238806,335,335,3354
2005-10-31,0.11113482814671787,0.09487290998071471,273,996130,2005,2004,0.05927452541381382,0.01697422888198198,0.04230029653183184,0.04123423046576577,0.5330330330330331,333,333,3339
2005-11-30,0.035018135462828844,0.03273213599919951,273,996130,2005,2004,0.007927553846407184,0.010736746459281438,-0.0028091926128742534,-0.003916977044011978,0.5538922155688623,334,334,3347
2005-12-31,0.05636800182130947,0.03609745529589958,273,996130,2005,2004,0.08342793113802396,0.06245490004790419,0.020973031090119776,0.019865246658982053,0.5538922155688623,334,334,3348
2006-01-31,-0.005066464869366319,-0.021919323554255642,22,1041675,2006,2005,0.009459382749107143,-0.0005657097252976172,0.01002509247440476,0.008670925807738093,0.6770833333333333,336,336,3367
2006-02-28,0.07784108338378103,0.058691570031594364,22,1041675,2006,2005,0.05844592665769232,0.0228805324,0.03556539425769232,0.03513640017485208,0.21449704142011833,338,338,3383
2006-03-31,0.025924469807050085,0.06407804642248786,22,1041675,2006,2005,0.015943039216272187,0.0053904495763313605,0.010552589639940827,0.010096968338165679,0.22781065088757396,338,338,3389
2006-04-30,0.01124277849618091,-0.03428641328026664,22,1041675,2006,2005,-0.028672575898230093,-0.044118386578466076,0.015445810680235983,0.014773244308554567,0.336283185840708,339,339,3396
2006-05-31,0.0037240768206779095,-0.004072491178927418,22,1041675,2006,2005,-0.004403306253550295,-0.0026423540692307687,-0.0017609521843195267,-0.002311248042307692,0.2751479289940828,338,338,3387
2006-06-30,0.005545747525022294,-0.045393503345166585,22,1041675,2006,2005,-0.02549598982113095,-0.02962371712202381,0.004127727300892857,0.0036426082532738093,0.24255952380952378,336,336,3366
2006-07-31,0.04278229011985221,-0.028582754802315372,22,1041675,2006,2005,0.031223042950750752,0.023814711036936935,0.007408331913813817,0.0067837072891891925,0.31231231231231227,333,333,3334
2006-08-31,0.08702363919761398,0.04554865056965284,22,1041675,2006,2005,0.029380413106325304,0.004933441815361445,0.02444697129096386,0.02389576647168675,0.2756024096385542,332,332,3326
2006-09-30,0.03128331786480937,0.024240561598940395,22,1041675,2006,2005,0.04640466171137724,0.043362109085029944,0.0030425526263472974,0.0025305765784431056,0.2559880239520958,334,334,3346
2006-10-31,-0.0012683831073560582,-0.015587491134495911,22,1041675,2006,2005,0.020396746227462688,0.033330851086521486,-0.012934104859058798,-0.013578880978461784,0.32238805970149254,335,335,3357
2006-11-30,0.07173934854403097,0.05221307415443755,22,1041675,2006,2005,0.02862496589255952,0.006224257858630952,0.02240070803392857,0.02190666041488095,0.24702380952380953,336,336,3364
2006-12-31,0.045057900092941826,0.03395135588664816,22,1041675,2006,2005,0.024554600327761193,0.013604531803880595,0.010950068523880597,0.010463501359701493,0.24328358208955225,335,335,3359
2007-01-31,0.040604519907546134,0.035732188406945475,151,1086504,2007,2006,0.00043979034119403116,-0.005047778240895522,0.005487568582089553,0.004439807388059702,0.5238805970149254,335,335,3350
2007-02-28,0.01689030848729797,0.05908805609025572,151,1086504,2007,2006,0.006734752546407186,-0.0019859906470059874,0.008720743193413174,0.007885413852095808,0.4176646706586827,334,334,3349
2007-03-31,0.03592014624857241,0.07064512721740278,151,1086504,2007,2006,0.02650736084144144,0.017761068256156157,0.008746292585285285,0.007773319612312312,0.48648648648648646,333,333,3339
2007-04-30,0.021089113417751125,0.008413627706772288,151,1086504,2007,2006,0.024141325466566263,0.024976823532831323,-0.0008354980662650599,-0.0019107992710843372,0.5376506024096386,332,332,3329
2007-05-31,0.029450596616335447,0.03550431578098552,151,1086504,2007,2006,-0.005862991630630632,-0.01231631701741742,0.006453325386786789,0.0054563283897897915,0.4984984984984985,333,333,3332
2007-06-30,0.042413593167095774,0.030764019241200567,151,1086504,2007,2006,-0.051925964954984895,-0.06297510321359516,0.011049138258610265,0.01012466695951661,0.46223564954682783,331,331,3318
2007-07-31,-0.06370613057165668,-0.08082215873187529,151,1086504,2007,2006,-0.0308166129325228,-0.0018381255820668697,-0.02897848735045593,-0.02992681561793313,0.4741641337386018,329,329,3296
2007-08-31,-0.03267164366824524,0.002595316241735488,151,1086504,2007,2006,0.015734510816,0.02000110507907692,-0.00426659426307692,-0.005198901955384612,0.4661538461538462,325,325,3255
2007-09-30,0.03261956013061688,0.04671295384897338,151,1086504,2007,2006,0.00750805722345679,0.0012101796870370364,0.006297877536419754,0.005452198524074074,0.4228395061728395,324,324,3243
2007-10-31,0.10279995480586052,0.008686386552254413,151,1086504,2007,2006,-0.09311888844272447,-0.09576234184303405,0.002643453400309581,0.0017549085086687143,0.44427244582043346,323,323,3233
2007-11-30,0.06632401863784085,0.08823811843359618,151,1086504,2007,2006,-0.0002312141382862069,-0.024094805722884013,0.023863591584597808,0.022951365879268652,0.4561128526645768,319,319,3191
2007-12-31,0.10624447049999931,0.039927627981104566,151,1086504,2007,2006,-0.018598345451257863,-0.05822070106069182,0.03962235560943396,0.03869153799937106,0.46540880503144655,318,318,3188
2008-01-31,0.08903399672702958,0.08476067953118091,67,1129984,2008,2007,-0.015440316203492066,-0.04693963843047619,0.03149932222698412,0.030531068258730153,0.48412698412698413,315,315,3155
2008-02-29,-0.015442967135552255,-0.03944922671609442,67,1129984,2008,2007,-0.034027893811821086,-0.031137945261022367,-0.002889948550798719,-0.0035544852920127764,0.3322683706070288,313,313,3133
2008-03-31,0.038308445743846516,0.004964664840630948,67,1129984,2008,2007,0.03557511896957929,0.03207533498446602,0.003499783985113268,0.0028557710401294492,0.3220064724919094,309,309,3093
2008-04-30,0.02886554462836167,0.0633287674472738,67,1129984,2008,2007,0.035585078510064934,0.016229229992857145,0.01935584851720779,0.018540913452272725,0.4074675324675325,308,308,3087
2008-05-31,0.00929082879105861,0.02372250831382207,67,1129984,2008,2007,-0.10611598635941559,-0.11671091964285712,0.010594933283441535,0.01000077743928569,0.29707792207792205,308,308,3089
2008-06-30,0.1447236490282291,0.06352888599101733,67,1129984,2008,2007,0.0794171837192053,0.009440111440397352,0.06997707227880795,0.06918899280860928,0.3940397350993377,302,302,3021
2008-07-31,0.09893942509333097,0.0890283442882361,67,1129984,2008,2007,0.0760287608654485,0.01384071353820598,0.06218804732724252,0.06131097091528239,0.43853820598006643,301,301,3016
2008-08-31,-0.02421313676848957,-0.049038257980351475,67,1129984,2008,2007,-0.10941517595,-0.083759098537,-0.025656077412999995,-0.026326077412999995,0.335,300,300,3005
2008-09-30,-0.10076420580852154,-0.06859832200088758,67,1129984,2008,2007,-0.2705220578426621,-0.22003261830872115,-0.050489439533940944,-0.05138363748615937,0.447098976109215,293,293,2931
2008-10-31,-0.13921239885733572,-0.1445598915237287,67,1129984,2008,2007,-0.17625457718624538,-0.1279493183951673,-0.04830525879107808,-0.04943908778736061,0.5669144981412639,269,269,2690
2008-11-30,0.24725998942318606,0.21785346362129693,67,1129984,2008,2007,0.14097888282239998,0.011329704805200002,0.12964917801719997,0.12866917801719996,0.49,250,250,2505
2008-12-31,0.05343097107160316,-0.014329329709906942,67,1129984,2008,2007,-0.05612602665776893,-0.06626840332788844,0.01014237667011951,0.00914237667011951,0.5,251,251,2514
2009-01-31,-0.0882462552447086,-0.10038437771917155,7,1171942,2009,2008,-0.14405242044504132,-0.09781060224214876,-0.04624181820289257,-0.04738644630206612,0.5723140495867768,242,242,2429
2009-02-28,0.14547147814752115,0.14063985033910653,7,1171942,2009,2008,0.11938919781608698,0.059401333706521744,0.059987864109565234,0.059022646718260886,0.4826086956521739,230,230,2307
2009-03-31,0.28849199245910645,0.2909391537827196,7,1171942,2009,2008,0.29751874952765955,0.11688979205787234,0.18062895746978722,0.179709808533617,0.4595744680851064,235,235,2357
2009-04-30,0.08167663339626818,0.09502885291855234,7,1171942,2009,2008,0.07530433792709164,0.04693961425298805,0.028364723674103587,0.027368707737848608,0.49800796812749,251,251,2518
2009-05-31,0.05836411581857785,0.010923990968645974,7,1171942,2009,2008,0.020968092910077517,0.006035129318992246,0.014932963591085271,0.014347692273255814,0.2926356589147287,258,258,2585
2009-06-30,0.14461765851863262,0.1482200509793149,7,1171942,2009,2008,0.12123358714423076,0.0698830032576923,0.05135058388653846,0.050796737732692304,0.27692307692307694,260,260,2600
2009-07-31,0.08841774407224742,0.08290458758358582,7,1171942,2009,2008,0.06576725933409092,0.030674523023484848,0.03509273631060607,0.03439576661363637,0.3484848484848485,264,264,2643
2009-08-31,0.06099082868078872,0.048237736035881,7,1171942,2009,2008,0.07038779563308549,0.053911775515241636,0.016476020117843854,0.016011336102973964,0.2323420074349442,269,269,2699
2009-09-30,0.016789035717760425,-0.0013150571172445423,7,1171942,2009,2008,-0.05241455639667896,-0.0646436075107011,0.012229051114022137,0.011701375837269368,0.2638376383763838,271,271,2718
2009-10-31,0.003352701908109005,0.0030071584119171144,7,1171942,2009,2008,0.028412382604150944,0.02759175684,0.0008206257641509458,9.609746226415324e-05,0.36226415094339626,265,265,2659
2009-11-30,0.06475609609507395,0.05835946944347291,7,1171942,2009,2008,0.08210810210867925,0.04958052693811321,0.03252757517056604,0.03197285818943396,0.27735849056603773,265,265,2656
2009-12-31,0.002612687296670115,-0.0018826722118814299,7,1171942,2009,2008,-0.01577877528507463,-0.0002445672630597032,-0.015534208022014925,-0.016011819962313434,0.23880597014925375,268,268,2689
2010-01-31,0.14859611693935773,0.1221173208000549,42,1212448,2010,2009,0.06843745891222222,0.02645409278259259,0.041983366129629635,0.0409463290925926,0.5185185185185185,270,270,2700
2010-02-28,0.12708418263003327,0.1653617980091627,42,1212448,2010,2009,0.10717160936309961,0.06391362610811807,0.043257983254981536,0.04273768805202951,0.2601476014760148,271,271,2714
2010-03-31,0.203013709934738,0.1808922029330612,42,1212448,2010,2009,0.11074506491366906,0.02966043811870504,0.08108462679496402,0.08053786420503596,0.2733812949640288,278,278,2787
2010-04-30,-0.08100753605869496,-0.10301939868782703,42,1212448,2010,2009,-0.09163768160950705,-0.06368756800422536,-0.0279501136052817,-0.028622648816549304,0.3362676056338028,284,284,2841
2010-05-31,-0.18084287569790566,-0.2086402922865808,42,1212448,2010,2009,-0.10347903480758122,-0.038662812388447654,-0.06481622241913357,-0.0654949227801444,0.33935018050541516,277,277,2778
2010-06-30,0.1584733535536923,0.15466568092156707,42,1212448,2010,2009,0.1023145945632353,0.03731314257977941,0.06500145198345589,0.06435071668933824,0.32536764705882354,272,272,2725
2010-07-31,-0.15225631687545194,-0.16749276473544353,42,1212448,2010,2009,-0.09225088875978103,-0.04018134771423358,-0.05206954104554745,-0.052835964403211685,0.38321167883211676,274,274,2744
2010-08-31,0.16051389057271526,0.16010095926208456,42,1212448,2010,2009,0.14340899937026025,0.08484861290594796,0.05856038646431229,0.057920981259851324,0.31970260223048325,269,269,2690
2010-09-30,0.028225037477111803,0.04114787518218379,42,1212448,2010,2009,0.0467963345810219,0.03543013885729927,0.011366195723722626,0.010720210322262773,0.32299270072992703,274,274,2745
2010-10-31,0.07536907922391463,0.08156754653250142,42,1212448,2010,2009,0.03829988032779784,0.0037494800061371836,0.03455040032166066,0.03379949779458485,0.3754512635379061,277,277,2774
2010-11-30,0.06009480292364994,0.04714827265875511,42,1212448,2010,2009,0.09228301144568345,0.06993959770539568,0.022343413740287768,0.021767874171942446,0.28776978417266186,278,278,2780
2010-12-31,-0.00026441946244173297,-0.009522007239135256,42,1212448,2010,2009,0.009967950359430603,0.009647808334875444,0.00032014202455515894,-0.00019943092918149586,0.2597864768683274,281,281,2812
2011-01-31,0.03165358716480352,0.002014175894238424,81,1252420,2011,2010,0.04879733911448763,0.039800239563250885,0.008997099551236745,0.008226781530035332,0.3851590106007067,283,283,2837
2011-02-28,-0.029036023519745345,-0.012766218122800516,81,1252420,2011,2010,0.0048566693233215545,0.01719138221448763,-0.012334712891166076,-0.012938953173851589,0.30212014134275617,283,283,2839
2011-03-31,-0.007068487037949842,-0.029755650022736436,81,1252420,2011,2010,0.02049839788327402,0.023065537916014234,-0.0025671400327402123,-0.0031365350505338065,0.2846975088967972,281,281,2818
2011-04-30,-0.05532356783837482,-0.06264452112731539,81,1252420,2011,2010,-0.02777200223957597,-0.007593031309187279,-0.02017897093038869,-0.02090688612473498,0.36395759717314485,283,283,2831
2011-05-31,0.06675491848048551,0.026025349328815044,81,1252420,2011,2010,-0.016289971509252668,-0.03516905197508897,0.0188790804658363,0.018309685448042706,0.2846975088967971,281,281,2815
2011-06-30,0.015428702966531914,0.010054508240823358,81,1252420,2011,2010,-0.028675456800719427,-0.03657567527733813,0.0079002184766187,0.007378635742805751,0.2607913669064748,278,278,2787
2011-07-31,-0.029906703554434793,-0.08220917681369631,81,1252420,2011,2010,-0.0897453470728261,-0.08817985429384059,-0.0015654927789855028,-0.0022466521992753575,0.3405797101449275,276,276,2769
2011-08-31,-0.07403963645513184,-0.07531381459099805,81,1252420,2011,2010,-0.12791071056592593,-0.10180183252740742,-0.02610887803851851,-0.026868137297777768,0.3796296296296296,270,270,2705
2011-09-30,0.2566099772074569,0.2294680440169935,81,1252420,2011,2010,0.21636848734296577,0.10187658506539925,0.11449190227756652,0.11365540037642584,0.4182509505703422,263,263,2633
2011-10-31,0.01609007188408047,0.019085651418732755,81,1252420,2011,2010,-0.018736345038148142,-0.027447979944444444,0.008711634906296301,0.007693116387777783,0.5092592592592593,270,270,2701
2011-11-30,0.03314628726203858,0.01543583832350624,81,1252420,2011,2010,0.006138230180149814,0.0031226585602996243,0.0030155716198501897,0.002453773867041201,0.2808988764044944,267,267,2677
2011-12-31,0.09386743422536872,0.060628891133101256,81,1252420,2011,2010,0.10308546342696628,0.08522088381310862,0.017864579613857665,0.017332744407865155,0.26591760299625467,267,267,2674
2012-01-31,0.07488985334587236,0.0695430920838426,93,1291852,2012,2011,0.04962863675477941,0.02421383735882353,0.02541479939595588,0.02466479939595588,0.375,272,272,2729
2012-02-29,0.13240287779868515,0.09905860926731333,93,1291852,2012,2011,0.03834557907627737,0.0019199368759124083,0.03642564220036496,0.035881846579927004,0.27189781021897813,274,274,2743
2012-03-31,-0.044072999512932864,-0.07200467202510194,93,1291852,2012,2011,-0.008670338649637682,-0.0056445867170289874,-0.0030257519326086944,-0.003576476570289854,0.2753623188405797,276,276,2764
2012-04-30,0.04150279883645947,0.04425070808956361,93,1291852,2012,2011,-0.056508348002527076,-0.0655231992465704,0.009014851244043318,0.008184526334296026,0.4151624548736462,277,277,2775
2012-05-31,-0.009157873980541237,-0.0012723299498549492,93,1291852,2012,2011,0.04222053780805861,0.045163128053479856,-0.0029425902454212477,-0.0036312349340659363,0.3443223443223443,273,273,2737
2012-06-30,-0.008268608213001143,-0.03689961921413464,93,1291852,2012,2011,-0.00648818102581818,-0.008735178215636364,0.0022469971898181843,0.0016869971898181842,0.28,275,275,2751
2012-07-31,0.06196653980477074,0.058404101367673905,93,1291852,2012,2011,0.0430144271160584,0.026558554180656932,0.016455872935401468,0.01574419410328468,0.35583941605839414,274,274,2740
2012-08-31,0.01713022035827053,0.008801623392961404,93,1291852,2012,2011,0.031047806220437953,0.035859981890145984,-0.0048121756697080305,-0.005450861801094892,0.3193430656934307,274,274,2746
2012-09-30,0.028138258613648607,0.01214447232819986,93,1291852,2012,2011,-0.011685913697833934,-0.023300884462454874,0.01161497076462094,0.011001252353068593,0.30685920577617326,277,277,2770
2012-10-31,0.04125102357641385,0.04888967880430727,93,1291852,2012,2011,0.018928861827173918,-0.0008653305818840582,0.019794192409057977,0.01905143878586957,0.3713768115942029,276,276,2768
2012-11-30,0.08162181067162907,0.07146617960360364,93,1291852,2012,2011,0.03923368850836363,0.01900087666909091,0.02023281183927272,0.019607357293818174,0.31272727272727274,275,275,2755
2012-12-31,0.06516286270793185,0.03535058443760797,93,1291852,2012,2011,0.08230935397345454,0.0636333378989091,0.018676016074545443,0.018170561529090898,0.25272727272727274,275,275,2750
2013-01-31,0.055821167898169745,0.04244070841036331,158,1331168,2013,2012,0.02302503824121864,0.004350453216129032,0.018674585025089608,0.017843043806451617,0.41577060931899645,279,279,2793
2013-02-28,0.03690820450954714,0.040609745466905725,158,1331168,2013,2012,0.04867218837697842,0.032504886926978414,0.016167301450000005,0.015624135982374105,0.2715827338129496,278,278,2789
2013-03-31,0.07512883501507492,-0.008603155346708271,158,1331168,2013,2012,0.019024559394642853,-0.003625462264642857,0.02265002165928571,0.022053593087857138,0.2982142857142857,280,280,2800
2013-04-30,0.15242074281728357,0.1681426072958702,158,1331168,2013,2012,0.051593092182857146,0.011222938602142858,0.04037015358071429,0.039484439295,0.44285714285714284,280,280,2800
2013-05-31,0.10032729517410229,0.1247230570982674,158,1331168,2013,2012,0.011294649949822065,-0.0010690442864768686,0.012363694236298933,0.011719566122419929,0.3220640569395018,281,281,2818
2013-06-30,0.1401654866120152,0.16364091885970442,158,1331168,2013,2012,0.07609672012989324,0.04305706703451957,0.03303965309537367,0.032423994732384345,0.30782918149466193,281,281,2818
2013-07-31,0.04892579561209644,0.0033949359048174575,158,1331168,2013,2012,-0.015305015152816903,-0.02948835067676056,0.014183335523943658,0.013348828481690136,0.41725352112676056,284,284,2840
2013-08-31,-0.010042013310223254,-0.03749295581536356,158,1331168,2013,2012,0.04887932806254417,0.04833733881519435,0.0005419892473498208,-5.165032862191059e-05,0.2968197879858657,283,283,2837
2013-09-30,0.0777186101106435,0.03689592507118224,158,1331168,2013,2012,0.029871459979370626,0.0015124209423076926,0.02835903903706293,0.027796101974125867,0.2814685314685315,286,286,2866
2013-10-31,0.15706430393548998,0.17625015449766465,158,1331168,2013,2012,0.055776228980769234,0.011758718036363637,0.0440175109444056,0.043248280175174826,0.38461538461538464,286,286,2863
2013-11-30,0.06349420189158607,0.02193973069747979,158,1331168,2013,2012,0.0433639811543554,0.02290830153658537,0.02045567961777003,0.0198285019174216,0.313588850174216,287,287,2873
2013-12-31,-0.0772908352301904,-0.08834313772874222,158,1331168,2013,2012,-0.009961740358333334,0.01909294819861111,-0.029054688556944444,-0.029603299668055555,0.2743055555555555,288,288,2887
2014-01-31,0.05222774786974027,0.02468757608125991,166,1370053,2014,2013,0.054661672905536335,0.03344412600346021,0.021217546902076126,0.020411318528373704,0.4031141868512111,289,289,2899
2014-02-28,0.09865393164494313,0.10081155932678079,166,1370053,2014,2013,0.02017094931862069,-0.010431733727586207,0.030602683046206898,0.030019924425517243,0.2913793103448276,290,290,2901
2014-03-31,0.030507682671650018,-0.04901368664569592,166,1370053,2014,2013,-0.02822448224896552,-0.028714225581724137,0.0004897433327586166,-8.267046034483166e-05,0.28620689655172415,290,290,2901
2014-04-30,0.018357949304517465,-0.03384356997008768,166,1370053,2014,2013,0.005245410011805556,-0.000741270599652778,0.005986680611458335,0.005163763944791668,0.41145833333333337,288,288,2889
2014-05-31,-0.041943490917320185,-0.0074566048121187415,166,1370053,2014,2013,0.049317082067474045,0.0502181445934256,-0.0009010625259515542,-0.0014892978200692012,0.2941176470588235,289,289,2891
2014-06-30,0.0759726414169968,0.06599184622096231,166,1370053,2014,2013,-0.02198128584467354,-0.048950725583848796,0.026969439739175257,0.026357755890378008,0.30584192439862545,291,291,2917
2014-07-31,0.03701340565795498,-0.0014866990884931763,166,1370053,2014,2013,0.04172418786735395,0.04461406413505154,-0.002889876267697593,-0.0036665085701030912,0.3883161512027491,291,291,2911
2014-08-31,0.03357242159796995,0.06041114808966381,166,1370053,2014,2013,-0.03273512437089041,-0.04273852950547945,0.010003405134589034,0.009438336641438349,0.28253424657534243,292,292,2923
2014-09-30,0.071631277191107,0.02742989969728213,166,1370053,2014,2013,0.037158623596896555,0.01530747025137931,0.021851153345517245,0.02123046369034483,0.3103448275862069,290,290,2905
2014-10-31,0.07080749081247634,0.062432188063128766,166,1370053,2014,2013,0.021901878256896552,-0.014772250735172413,0.03667412899206897,0.0358706807162069,0.40172413793103445,290,290,2907
2014-11-30,-0.02481668579907396,0.04290123724900928,166,1370053,2014,2013,0.006168321714776634,0.011181848971477663,-0.00501352725670103,-0.005676757497250858,0.33161512027491413,291,291,2910
2014-12-31,-0.051918775541633856,-0.04791901821243858,166,1370053,2014,2013,-0.037331702425259516,-0.03877781237785468,0.0014461099525951635,0.0008163521671280354,0.314878892733564,289,289,2898
2015-01-31,-0.006828182207858015,-0.009241977675962269,115,1409179,2015,2014,0.06967762166145836,0.07027087460868056,-0.0005932529472222059,-0.0014196418361110948,0.4131944444444444,288,288,2881
2015-02-28,0.01881884591771875,0.004555129935379749,115,1409179,2015,2014,0.0010317574767361106,-0.007620529703124999,0.00865228717986111,0.008075898290972222,0.2881944444444445,288,288,2880
2015-03-31,0.09825145686444338,0.03788703487469576,115,1409179,2015,2014,0.022064538028223,0.0051929213613240415,0.01687161666689896,0.016352452903832755,0.259581881533101,287,287,2877
2015-04-30,-0.04196659019931945,0.0436230181933222,115,1409179,2015,2014,0.008051978425694443,0.016401807345138887,-0.008349828919444444,-0.009131078919444445,0.390625,288,288,2880
2015-05-31,0.06555785127414271,0.10963992390543363,115,1409179,2015,2014,0.0025120928690555563,-0.016053910542361112,0.01856600341141667,0.018024336744750003,0.2708333333333333,288,288,2882
2015-06-30,-0.029778712492903977,-0.002878234611421286,115,1409179,2015,2014,-0.04246421032604167,-0.03273427651388889,-0.009729933812152779,-0.010264656034375002,0.2673611111111111,288,288,2884
2015-07-31,0.10171890679752034,0.10224363027629764,115,1409179,2015,2014,-0.02419836600596491,-0.0599714509831579,0.03577308497719299,0.034959049889473695,0.4070175438596491,285,285,2850
2015-08-31,-0.017044351875983976,0.06457727731066198,115,1409179,2015,2014,-0.07133733622791519,-0.07520703995618376,0.0038697037282685726,0.0033326012547703395,0.26855123674911663,283,283,2839
2015-09-30,0.047929207802206546,-0.011298727335845658,115,1409179,2015,2014,0.07214455250391459,0.05114636213629893,0.02099819036761566,0.020382532004626336,0.30782918149466193,281,281,2810
2015-10-31,0.012930772621946878,0.06636304091503127,115,1409179,2015,2014,0.0010598378269503542,0.009281455748936173,-0.008221617921985818,-0.009051405156028371,0.41489361702127664,282,282,2822
2015-11-30,0.00016727265207570644,-0.007874586973283417,115,1409179,2015,2014,-0.03934004212384341,-0.044146873472953735,0.0048068313491103215,0.004233877612455517,0.28647686832740216,281,281,2817
2015-12-31,0.06271638744045416,0.023376042463459566,115,1409179,2015,2014,-0.07764173596007194,-0.1080740573294964,0.03043232136942446,0.02983160194496403,0.3003597122302158,278,278,2783
2016-01-31,0.03891581117063251,-0.01828028768614456,53,1448076,2016,2015,0.023055116736263738,0.0010018502358974351,0.022053266500366302,0.02107158151868132,0.4908424908424909,273,273,2732
2016-02-29,0.04855990727033955,-0.08911880408567116,53,1448076,2016,2015,0.0940377980702206,0.09823988453529411,-0.004202086465073515,-0.004738851170955868,0.26838235294117646,272,272,2723
2016-03-31,0.045560525161097966,0.002465750204133771,53,1448076,2016,2015,0.06445061358430658,0.03934555629817518,0.025105057286131396,0.024583159475912417,0.26094890510948904,274,274,2741
2016-04-30,-0.007904564682591323,-0.004980271271661685,53,1448076,2016,2015,0.010563864335636362,0.016845819226545457,-0.006281954890909096,-0.006834682163636368,0.2763636363636363,275,275,2751
2016-05-31,0.011577356359528402,-0.015975132360183223,53,1448076,2016,2015,0.007130130674452555,0.0034541702948905116,0.003675960379562043,0.0033766903065693423,0.14963503649635035,274,274,2742
2016-06-30,0.018462952393436993,0.019588253092083383,53,1448076,2016,2015,0.055983099505474455,0.05254120327408759,0.003441896231386868,0.0030951809029197146,0.17335766423357662,274,274,2743
2016-07-31,-0.007416491313287501,-0.0005647840398062356,53,1448076,2016,2015,0.01350691709781818,0.011117334182545456,0.002389582915272725,0.0018841283698181797,0.2527272727272727,275,275,2757
2016-08-31,-0.041227838990508095,0.04584501526753951,53,1448076,2016,2015,0.02347988961721612,0.031589055535897435,-0.008109165918681317,-0.008468140277655675,0.17948717948717952,273,273,2737
2016-09-30,0.07685793318224558,0.03657157992389258,53,1448076,2016,2015,-0.01557341252014652,-0.04254844052234433,0.02697502800219781,0.026597738624908433,0.18864468864468864,273,273,2739
2016-10-31,0.09538323802294517,0.11975799481936959,53,1448076,2016,2015,0.10665611397536764,0.06732172701617646,0.039334386959191184,0.03884541637095589,0.24448529411764702,272,272,2728
2016-11-30,0.08956413984679047,0.04112375709894427,53,1448076,2016,2015,0.03406041489014599,0.014940674664963504,0.019119740225182487,0.0187073314660584,0.2062043795620438,274,274,2740
2016-12-31,-0.011489628440407185,-0.03170212845987093,53,1448076,2016,2015,0.026475862273626374,0.01876917745064945,0.0077066848229769246,0.0073293954456875475,0.18864468864468864,273,273,2737
2017-01-31,-0.0572647927448097,-0.07184002158905728,61,1485697,2017,2016,0.008474908521167883,0.02859475523540146,-0.02011984671423358,-0.021061452553649638,0.4708029197080292,274,274,2749
2017-02-28,0.033530016898313836,0.02183022474824105,61,1485697,2017,2016,0.00920413442810219,0.0038803185660583944,0.005323815862043796,0.004845713672262774,0.23905109489051096,274,274,2745
2017-03-31,0.05178223583213785,0.04279857771841993,61,1485697,2017,2016,0.010334184175091576,-0.004163663813553115,0.014497847988644692,0.01402532051611722,0.23626373626373626,273,273,2733
2017-04-30,0.004816702398365736,-0.012953942194864735,61,1485697,2017,2016,-0.020269854484558824,-0.021249285889338238,0.0009794314047794142,0.00034340199301470834,0.3180147058823529,272,272,2727
2017-05-31,-0.044773847674542046,-0.011564256852744141,61,1485697,2017,2016,0.030256363201476014,0.03129278182767528,-0.0010364186261992668,-0.0016305145671586764,0.2970479704797048,271,271,2713
2017-06-30,0.031912685359589396,0.03811594365953799,61,1485697,2017,2016,0.010778954522509225,0.006316149338745389,0.004462805183763837,0.003935129907011069,0.2638376383763838,271,271,2710
2017-07-31,-0.007278474875190816,-0.0028534158486850023,61,1485697,2017,2016,-0.010405211745555556,-0.015169918353703703,0.004764706608148147,0.004190632534074073,0.28703703703703703,270,270,2705
2017-08-31,0.10194071481563198,0.06043981140315196,61,1485697,2017,2016,0.06662820422574627,0.03650094868246268,0.030127255543283583,0.02961979285671642,0.2537313432835821,268,268,2684
2017-09-30,0.05545451035620642,0.09873862538362506,61,1485697,2017,2016,0.00299118623283582,-0.019533737348507465,0.022524923581343285,0.02201372955149254,0.2555970149253731,268,268,2683
2017-10-31,0.034924528337476286,0.011114620306568521,61,1485697,2017,2016,0.0493892275681648,0.02129793784007491,0.028091289728089892,0.027488293473408244,0.301498127340824,267,267,2672
2017-11-30,-0.1320558749314429,-0.025780680968466477,61,1485697,2017,2016,0.02420217525858209,0.03197472014701493,-0.007772544888432844,-0.0083023956347015,0.26492537313432835,268,268,2683
2017-12-31,0.09082577968779369,0.05650413073567686,61,1485697,2017,2016,0.02321561560797761,0.011236656355223881,0.01197895925275373,0.011452839849768656,0.2630597014925373,268,268,2681
2018-01-31,0.07517567791773608,0.08271780393437327,258,1522272,2018,2017,-0.03644455698283582,-0.055853295465671644,0.01940873848283582,0.018546798184328358,0.43097014925373134,268,268,2683
2018-02-28,0.029880582278582094,-0.015494529419446278,258,1522272,2018,2017,0.01377937062059925,0.007756531497003745,0.006022839123595505,0.005157670584269662,0.43258426966292135,267,267,2676
2018-03-31,0.043955576649713765,-0.0008635491711762894,258,1522272,2018,2017,0.033518164865037586,0.019727212289097743,0.013790952575939843,0.012933809718796986,0.4285714285714286,266,266,2660
2018-04-30,0.04221301317487735,0.00041985873483814677,258,1522272,2018,2017,0.05665474382584269,0.048485867756928834,0.00816887606891386,0.007195093297378279,0.4868913857677903,267,267,2670
2018-05-31,-0.0182831651861577,-0.039225648853025256,258,1522272,2018,2017,0.01634571503520599,0.025190376081647942,-0.008844661046441951,-0.009668631083895134,0.41198501872659177,267,267,2675
2018-06-30,0.040839739257385675,0.012235826167759256,258,1522272,2018,2017,0.010850040903370788,-0.0004628564565543088,0.011312897359925097,0.010537616461048692,0.38764044943820225,267,267,2671
2018-07-31,0.023737530421318584,0.009179321870584756,258,1522272,2018,2017,0.032549267820676686,0.023571935481203007,0.00897733233947368,0.008120189482330823,0.42857142857142855,266,266,2660
2018-08-31,0.024421922083326945,-0.015967803271466303,258,1522272,2018,2017,-0.016147192577592454,-0.019384913369056605,0.0032377207914641506,0.0024603623008981126,0.3886792452830189,265,265,2651
2018-09-30,0.06686235744914135,0.028452858152389147,258,1522272,2018,2017,-0.08728296743977272,-0.10570716268371212,0.0184241952439394,0.017636316456060612,0.3939393939393939,264,264,2646
2018-10-31,-0.05705119040037679,-0.09322045979008005,258,1522272,2018,2017,-0.010929575953846155,0.009041769331538463,-0.01997134528538462,-0.021017499131538466,0.523076923076923,260,260,2607
2018-11-30,-0.04130076105118059,0.0027973495196819183,258,1522272,2018,2017,-0.11863749238410853,-0.11237555168372093,-0.006261940700387603,-0.007230932948449618,0.4844961240310078,258,258,2580
2018-12-31,0.035038855522323484,-0.012142069985456964,258,1522272,2018,2017,0.1369161160702381,0.128167238634127,0.008748877436111108,0.007729036166269838,0.5099206349206349,252,252,2527
2019-01-31,-0.07891284202613863,-0.01654848645599172,236,1558016,2019,2018,0.05512125526862745,0.05476432991058824,0.0003569253580392104,-0.0008430746419607897,0.6000000000000001,255,255,2555
2019-02-28,-0.06264844648405228,-0.02339769263521531,236,1558016,2019,2018,-0.03162376269764706,-0.01383300651628941,-0.01779075618135765,-0.018688795397043923,0.4490196078431372,255,255,2557
2019-03-31,-0.021632582527980185,-0.0314045829005006,236,1558016,2019,2018,0.021624610681568627,0.03705292693764706,-0.01542831625607843,-0.016208708412941177,0.39019607843137255,255,255,2551
2019-04-30,-0.16355269237295306,-0.13405247572719045,236,1558016,2019,2018,-0.11294794838464566,-0.06141496706968503,-0.051532981314960626,-0.05252117029133858,0.4940944881889764,254,254,2548
2019-05-31,0.01770843350238729,0.014500070495651553,236,1558016,2019,2018,0.06297825826613546,0.0596184771756972,0.0033597810904382533,0.0024195420466135518,0.4701195219123506,251,251,2517
2019-06-30,-0.05442064343502735,-0.04171971985876436,236,1558016,2019,2018,-0.00983975921904762,-0.0033829174702380946,-0.006456841748809526,-0.007274302066269844,0.4087301587301587,252,252,2528
2019-07-31,-0.09233868649593416,-0.028545497134750696,236,1558016,2019,2018,-0.08873948898366533,-0.049025751412749,-0.039713737570916334,-0.0406858491247012,0.48605577689243024,251,251,2517
2019-08-31,0.05083305019491553,0.018708246265896834,236,1558016,2019,2018,0.04498863837791164,0.030863069943775096,0.01412556843413654,0.013165729076706822,0.47991967871485947,249,249,2495
2019-09-30,-0.036483457047068395,-0.021440356864331357,236,1558016,2019,2018,0.005955176387903223,0.012613014263306454,-0.006657837875403231,-0.0075731604560483915,0.4576612903225806,248,248,2485
2019-10-31,-0.1273192804238962,0.011029176955730524,236,1558016,2019,2018,0.03920149186032389,0.04016805622145749,-0.0009665643611336053,-0.001913932782186237,0.47368421052631576,247,247,2470
2019-11-30,0.06258634933571013,0.01878976021770528,236,1558016,2019,2018,0.05849617880122449,0.0348457439644898,0.023650434836734693,0.022821863408163265,0.4142857142857143,245,245,2454
2019-12-31,-0.25463251433086886,-0.22205874975046608,236,1558016,2019,2018,-0.09190469607570852,-0.023308039767611338,-0.06859665630809718,-0.06948329598421053,0.4433198380566802,247,247,2470
2020-01-31,-0.06802280833860684,-0.1314323209697893,75,1592372,2020,2019,-0.13119094523265304,-0.0772135976244898,-0.05397734760816324,-0.054863061893877525,0.44285714285714284,245,245,2450
2020-02-29,-0.1113264773355664,-0.08077441816933698,75,1592372,2020,2019,-0.34008074479917355,-0.26226200707024794,-0.07781873772892561,-0.07856253938181817,0.37190082644628103,242,242,2422
2020-03-31,-0.19585803984338818,-0.24112716016934777,75,1592372,2020,2019,0.1401998980611607,0.24014010397857147,-0.09994020591741076,-0.10151163448883933,0.7857142857142857,224,224,2247
2020-04-30,0.026948639992213717,0.0026047733576679863,75,1592372,2020,2019,0.050599675840086206,0.04577771250775862,0.004821963332327588,0.0032055840219827603,0.8081896551724138,232,232,2324
2020-05-31,0.12297062333733819,0.12301418134477864,75,1592372,2020,2019,0.06922363886437768,0.026730080829613728,0.042493558034763956,0.041489266189270395,0.502145922746781,233,233,2334
2020-06-30,-0.01290125383925629,0.028075477877711173,75,1592372,2020,2019,0.018747139813247857,-0.006739048732905982,0.025486188546153837,0.02464003469999999,0.4230769230769231,234,234,2346
2020-07-31,0.1560041356926244,0.10439015060273026,75,1592372,2020,2019,0.0932530226038298,0.042908832092765956,0.05034419051106384,0.04945482880893618,0.44468085106382976,235,235,2350
2020-08-31,-0.09341568218669212,-0.12547515034875953,75,1592372,2020,2019,-0.058786622972268915,-0.026175988925210083,-0.03261063404705883,-0.033320718080672274,0.3550420168067227,238,238,2386
2020-09-30,0.03533521615312367,0.04204821151393484,75,1592372,2020,2019,0.0218986277907173,0.012459880183544303,0.009438747607172998,0.00884381089831224,0.2974683544303797,237,237,2373
2020-10-31,0.2881150851021701,0.18804058641394147,75,1592372,2020,2019,0.31313892818771183,0.16708778875296615,0.14605113943474568,0.1452799529940677,0.3855932203389831,236,236,2364
2020-11-30,0.05385333882223842,0.031360242755097134,75,1592372,2020,2019,0.08320272437942387,0.05529993489917696,0.027902789480246916,0.02703859194938272,0.43209876543209874,243,243,2438
2020-12-31,0.0950943791676391,0.14318751706515404,75,1592372,2020,2019,0.06915532680122449,0.01323421555102041,0.05592111125020408,0.05519049900530612,0.3653061224489796,245,245,2454
2021-01-31,0.14081566082064326,0.08099825958995148,6,1625726,2021,2020,0.1480954015196,0.0949126621644,0.05318273935519999,0.052298739355199984,0.442,250,250,2505
2021-02-28,0.05883223678737587,0.10888056101804414,6,1625726,2021,2020,0.054237589710629926,0.017004588749999997,0.037233000960629925,0.03664244977952756,0.2952755905511811,254,254,2542
2021-03-31,0.08126532653584491,0.004299885969161269,6,1625726,2021,2020,0.041782956003906246,0.014647073689734376,0.02713588231417187,0.02630775731417187,0.4140625,256,256,2568
2021-04-30,0.25904485270455424,0.24167788635662674,6,1625726,2021,2020,0.09272753131583011,0.0014662682258687245,0.0912612630899614,0.0905624213911197,0.3494208494208494,259,259,2592
2021-05-31,-0.07139375510685782,-0.13216416737677444,6,1625726,2021,2020,0.018715983332183907,0.04020670064252874,-0.02149071731034483,-0.02195048742528736,0.22988505747126436,261,261,2616
2021-06-30,-0.024740822526845976,-0.1919892478105726,6,1625726,2021,2020,-0.03263731669581749,-0.029221550455893534,-0.00341576623992396,-0.003925271943346013,0.25475285171102663,263,263,2639
2021-07-31,-0.03580300087854049,0.05733804145411176,6,1625726,2021,2020,0.033476542992366416,0.0120418084740458,0.021434734518320616,0.020740078029770997,0.3473282442748092,262,262,2628
2021-08-31,0.25291408101565793,0.20762167641673682,6,1625726,2021,2020,0.033940232641221375,-0.03846546014923664,0.07240569279045801,0.0718904256148855,0.2576335877862595,262,262,2628
2021-09-30,-0.014935489511813288,-0.045361103687572964,6,1625726,2021,2020,0.035857904056870234,0.03723315341564885,-0.001375249358778613,-0.0018866997404580021,0.25572519083969464,262,262,2625
2021-10-31,0.09015839377060998,0.013138043135939553,6,1625726,2021,2020,-0.023237921514503816,-0.07098605467061068,0.04774813315610687,0.047122178957633584,0.3129770992366412,262,262,2626
2021-11-30,0.04525196310095822,0.0018998732235464692,6,1625726,2021,2020,0.035642308944061306,0.02824816602183908,0.007394142922222225,0.006742801926053642,0.3256704980842912,261,261,2614
2021-12-31,0.2682426158318196,0.23252969356551365,6,1625726,2021,2020,0.010132012955893535,-0.08674490555703422,0.09687691851292776,0.09635600596539924,0.26045627376425856,263,263,2636
2022-01-31,0.13812809413636457,0.08838435175582406,17,1659882,2022,2021,0.026460255752272725,-0.008784452283333332,0.03524470803560606,0.03445682924772727,0.3939393939393939,264,264,2640
2022-02-28,-0.0070090268579197255,0.002690869772977135,17,1659882,2022,2021,0.025702254025475282,0.01754334955323194,0.008158904472243343,0.0075923645482889705,0.2832699619771863,263,263,2639
2022-03-31,0.1584667235335172,0.08547947743432838,17,1659882,2022,2021,-0.04322643968219697,-0.10132488628712122,0.05809844660492425,0.05753784054431819,0.28030303030303033,264,264,2645
2022-04-30,0.12707907115171221,0.14298203202912638,17,1659882,2022,2021,0.033709355183206106,-0.021167807070610688,0.054877162253816794,0.05415578820801527,0.3606870229007634,262,262,2629
2022-05-31,-0.0739118621830755,-0.09573469137474848,17,1659882,2022,2021,-0.11581631106576923,-0.09421373841615384,-0.02160257264961539,-0.02228334188038462,0.34038461538461534,260,260,2609
2022-06-30,-0.007306678087225926,-0.07854477798386253,17,1659882,2022,2021,0.10033124187333334,0.09680645405882353,0.0035247878145098083,0.002791454481176475,0.3666666666666667,255,255,2556
2022-07-31,0.09539359016540395,0.15351597546245233,17,1659882,2022,2021,-0.0034696976542968735,-0.02400878334765625,0.020539085693359375,0.019734398193359374,0.40234375,256,256,2567
2022-08-31,0.05762238419438596,0.059865091648131884,17,1659882,2022,2021,-0.10507287017607843,-0.10828934751607842,0.0032164773399999957,0.002726281261568623,0.2450980392156863,255,255,2558
2022-09-30,0.13640379359291777,0.14533737483859785,17,1659882,2022,2021,0.13667470562857145,0.08094422747182539,0.05573047815674606,0.05523047815674606,0.25,252,252,2522
2022-10-31,-0.00577430932337242,-0.05198901238652816,17,1659882,2022,2021,0.04769050767609562,0.040582250181274905,0.007108257494820712,0.006327381000796808,0.3904382470119522,251,251,2513
2022-11-30,0.03072427687650495,-0.016963031775321366,17,1659882,2022,2021,-0.05664478569083665,-0.06112133703466136,0.004476551343824714,0.0038510533358565866,0.31274900398406374,251,251,2516
2022-12-31,0.1290096859142354,-0.00894870191920905,17,1659882,2022,2021,0.12766950776857144,0.09747187038489796,0.03019763738367348,0.02969151493469389,0.2530612244897959,245,245,2456
2023-01-31,0.04723730784076038,0.0683959193290786,21,1694301,2023,2022,-0.021551541370564517,-0.03240298389475807,0.010851442524193552,0.010157894137096779,0.34677419354838707,248,248,2482
2023-02-28,-0.07851746194437768,-0.15098020088295122,21,1694301,2023,2022,-0.07258116373836734,-0.0337690666722449,-0.038812097066122445,-0.03923250522938775,0.21020408163265308,245,245,2457
2023-03-31,-0.003927504533078823,-0.0571139473085536,21,1694301,2023,2022,-0.030200919851440335,-0.021214412724279836,-0.008986507127160499,-0.009517371324691363,0.26543209876543206,243,243,2431
2023-04-30,-0.04346698589479698,-0.053819821460466905,21,1694301,2023,2022,-0.04387791871652893,-0.03005034631404959,-0.013827572402479338,-0.014550712898347107,0.3615702479338843,242,242,2422
2023-05-31,0.08151119710560217,0.0830595976337468,21,1694301,2023,2022,0.09932776122375,0.06829292758375001,0.031034833639999995,0.030534833639999995,0.25,240,240,2406
2023-06-30,0.1532808858122381,0.11380705597397965,21,1694301,2023,2022,0.09869122535500001,0.049931235725,0.04875998963000001,0.04811832296333334,0.3208333333333333,240,240,2408
2023-07-31,0.08424449108053768,0.08616689422363655,21,1694301,2023,2022,-0.02447818565767635,-0.05410643613858922,0.029628250480912867,0.028947752555601662,0.34024896265560167,241,241,2417
2023-08-31,0.1536468574364431,0.1898665333333549,21,1694301,2023,2022,-0.021618841879411765,-0.07456839418445378,0.052949552305042016,0.05248736743109244,0.23109243697478993,238,238,2389
2023-09-30,-0.033515161255233857,-0.011035100626594855,21,1694301,2023,2022,-0.05505870848945148,-0.06089605168312235,0.005837343193670873,0.005284600577637117,0.27637130801687765,237,237,2370
2023-10-31,0.061820896767818434,-0.04954057614530982,21,1694301,2023,2022,0.09039456838111588,0.07506081902703864,0.015333749354077247,0.014574092701716732,0.3798283261802575,233,233,2336
2023-11-30,-0.043712491598500165,-0.08738365275240333,21,1694301,2023,2022,0.09617580726196581,0.1301636661888889,-0.033987858926923076,-0.03467161961068376,0.3418803418803419,234,234,2343
2023-12-31,0.08580435653589633,0.12831032928239158,21,1694301,2023,2022,-0.021263800008936167,-0.05228934530255319,0.031025545293617025,0.03033192827234043,0.3468085106382979,235,235,2355
2024-01-31,-0.1439491193404683,-0.10179562229247571,21,1726851,2024,2023,0.017135374079545455,0.07091982271681818,-0.053784448637272726,-0.05577990318272727,0.9977272727272728,220,220,2206
2024-02-29,0.1823348772080222,0.20993406769772924,21,1726851,2024,2023,0.04965334952850677,-0.011731362359728506,0.06138471188823528,0.06088697433167419,0.248868778280543,221,221,2212
2024-03-31,0.08524671923063834,0.08480199227131248,21,1726851,2024,2023,-0.06095418839954338,-0.10218625001232876,0.04123206161278538,0.04075260955799086,0.2397260273972603,219,219,2192
2024-04-30,0.07994132939765053,0.08063879295015289,21,1726851,2024,2023,0.03632457566682027,0.021377529713824884,0.014947045952995387,0.013965479132718889,0.49078341013824883,217,217,2171
2024-05-31,-0.05648556334896013,-0.10493712546417011,21,1726851,2024,2023,-0.0303917879227907,-0.008746521090232558,-0.021645266832558144,-0.022287127297674424,0.32093023255813957,215,215,2156
2024-06-30,0.1107727993428858,0.11199071203145503,21,1726851,2024,2023,0.08704302835348839,0.06457143614790697,0.02247159220558141,0.02195531313581397,0.25813953488372093,215,215,2157
2024-07-31,-0.02827761983101766,-0.03830885407386593,21,1726851,2024,2023,-0.020008768559259257,-0.026269422171759264,0.006260653612500007,0.005519912871759266,0.3703703703703704,216,216,2166
2024-08-31,-0.06392918321307202,-0.06193408695337075,21,1726851,2024,2023,-0.009287219342056076,0.013234071546261683,-0.02252129088831776,-0.02310540303785047,0.29205607476635514,214,214,2148
2024-09-30,-0.06299074892850398,-0.015100334417554529,21,1726851,2024,2023,-0.02909861011168224,0.017230547483644863,-0.0463291575953271,-0.04684784918411215,0.25934579439252337,214,214,2144
2024-10-31,-0.030140715515702278,0.0327825123445705,21,1726851,2024,2023,0.0907043972097222,0.0965522569902778,-0.005847859780555589,-0.0065469338546296635,0.34953703703703703,216,216,2168
2024-11-30,0.10181272420443703,0.08327858565401192,21,1726851,2024,2023,-0.05638790030235849,-0.10185268230471697,0.045464782002358484,0.04487987634198112,0.29245283018867924,212,212,2129
2024-12-31,,,21,1726851,2024,2023,0.0740870914,0.0935240669,-0.019436975499999995,-0.020436975499999996,0.5,1,1,3
2025-01-31,-0.03107998690311552,-0.07477469997448731,16,1751432,2025,2024,-0.05250509831091593,-0.03789984356283185,-0.014605254748084079,-0.016600829969323015,0.997787610619469,226,226,2262
2025-02-28,-0.0007715141579194943,-0.03431416172570933,16,1751432,2025,2024,-0.05572651680807174,-0.05056220601479821,-0.0051643107932735285,-0.00571139599506725,0.27354260089686094,223,223,2239
2025-03-31,-0.06117282744741128,-0.07709448301639765,16,1751432,2025,2024,-0.03662740798461539,-0.02660031820950226,-0.01002708977511313,-0.010597225521719465,0.2850678733031674,221,221,2213
2025-04-30,0.030981103137856226,-0.006303734918445599,16,1751432,2025,2024,0.055730997952054794,0.04103251425616438,0.014698483695890413,0.013661954015525116,0.5182648401826484,219,219,2190
2025-05-31,0.04361807332170007,0.0781150126300872,16,1751432,2025,2024,0.04838398555318182,0.03625591272409091,0.01212807282909091,0.011223527374545456,0.4522727272727273,220,220,2203
2025-06-30,0.024943020345351705,0.03861925928314762,16,1751432,2025,2024,0.0005204249297297294,0.0040161888234234245,-0.0034957638936936953,-0.004018286416216218,0.26126126126126126,222,222,2229
2025-07-31,0.10770992718419349,0.12515680350488143,16,1751432,2025,2024,0.08445312329864865,0.045760018324774776,0.038693104973873876,0.03797688875765766,0.3581081081081081,222,222,2223
2025-08-31,0.09998984057715062,0.03403534264078489,16,1751432,2025,2024,0.010288757624553568,-0.010627389376785715,0.020916147001339282,0.020259897001339282,0.328125,224,224,2244
2025-09-30,-0.009549908012428795,-0.03000070479679466,16,1751432,2025,2024,-0.04247576178844445,-0.03530496432711111,-0.007170797461333339,-0.007757464128000006,0.29333333333333333,225,225,2259
2025-10-31,0.12808536640310939,0.12331425638676226,16,1751432,2025,2024,0.032111999542410716,-0.017497635686160716,0.04960963522857143,0.04897570665714286,0.3169642857142857,224,224,2242
