eom,ic_pearson,ic_spearman,best_iteration,n_train,n_features,scoring_year,train_end_year,long_ret,short_ret,qspread,net_qspread,turnover,n_long,n_short,n_universe
1986-01-31,0.08827557685393027,0.09387997218199925,11,149779,64,1986,1985,0.08911242406375758,0.03486513767462758,0.05424728638913,0.052247286389129996,1.0,169,169,1692
1986-02-28,0.10941634287666117,0.11509577746708888,11,149779,64,1986,1985,0.060681448050360354,0.03328579064256622,0.027395657407794136,0.02590852045766255,0.7435684750657929,169,169,1698
1986-03-31,-0.03647557635842375,-0.03780515679660522,11,149779,64,1986,1985,-0.021691384824843764,0.006257640306629027,-0.02794902513147279,-0.029519856524521423,0.7854156965243165,174,174,1745
1986-04-30,0.01005900520975622,0.018950837523815885,11,149779,64,1986,1985,0.04691371981532864,0.045756761779112795,0.0011569580362158424,-0.0002721545424549639,0.7145562893354032,175,175,1756
1986-05-31,0.04994100575770739,0.05352957000669039,11,149779,64,1986,1985,0.011595143124212356,-0.016924541098962353,0.02851968422317471,0.027272731680690936,0.6234762712418875,176,176,1765
1986-06-30,0.1435142109577706,0.12434133818145765,11,149779,64,1986,1985,-0.0708063246265064,-0.1182303577850177,0.04742403315851129,0.046138193885921414,0.6429196362949383,179,179,1798
1986-07-31,-0.021340525721704914,-0.02094999638603382,11,149779,64,1986,1985,0.05132138165472486,0.06819947854090422,-0.01687809688617936,-0.0184718528457806,0.7968779798006183,178,178,1789
1986-08-31,0.01917699344447273,-0.009637849843398225,11,149779,64,1986,1985,-0.06714488320165632,-0.07286464595981448,0.0057197627581581645,0.004093670200352867,0.8130462789026489,178,178,1786
1986-09-30,-0.031383731087898235,0.022251426089209853,11,149779,64,1986,1985,0.05670767089020354,0.051364398919429684,0.005343271970773854,0.003541839057104261,0.9007164568347963,179,179,1797
1986-10-31,0.02143859075818361,0.03735759854623358,11,149779,64,1986,1985,0.007145361460292522,0.005444973278082955,0.0017003881822095675,-0.00018343237105133687,0.9419102766304521,180,180,1802
1986-11-30,0.06590428799786555,0.06301353229689102,11,149779,64,1986,1985,-0.03158408094247628,-0.0409628381183078,0.009378757175831524,0.007928486640779475,0.7251352675260248,180,180,1805
1986-12-31,-0.0907105605077253,-0.07246653664832954,11,149779,64,1986,1985,0.11452453166991816,0.13889814048598226,-0.024373608816064096,-0.026012707554371833,0.8195493691538681,182,182,1823
1987-01-31,-0.11124840655809745,-0.07839337398003234,11,179922,69,1987,1986,0.04252534058102747,0.09357649834534273,-0.051051157764315264,-0.05321908413890394,1.0839631872943354,185,185,1857
1987-02-28,-0.008112908350486472,0.07716239745736954,11,179922,69,1987,1986,0.012505113832070657,0.03470362757885022,-0.02219851374677956,-0.023726152207563904,0.7638192303921714,188,188,1880
1987-03-31,0.06351080127711127,0.08014248278909372,11,179922,69,1987,1986,0.0006452527111303671,-0.03597942248840258,0.03662467519953295,0.034713339283027514,0.9556679582527172,193,193,1933
1987-04-30,0.035258533001193866,0.04413770327926596,11,179922,69,1987,1986,0.006292882706503496,-0.019134106316704078,0.025426989023207572,0.023712613248907548,0.8571878871500127,193,193,1936
1987-05-31,0.01883407097927789,0.039736865233689016,11,179922,69,1987,1986,0.03572792736593351,0.02803616339398912,0.007691763971944394,0.006365343533341413,0.6632102193014907,194,194,1942
1987-06-30,0.05062908685964874,0.08764222070111106,11,179922,69,1987,1986,0.06509298792104881,0.04280743829278191,0.0222855496282669,0.020928313416798624,0.6786181057341373,196,196,1967
1987-07-31,0.014701059081603716,-0.009823411836252542,11,179922,69,1987,1986,0.02011344520434319,0.047676940217937065,-0.027563495013593876,-0.029344447660457674,0.8904763234318993,199,199,1993
1987-08-31,0.06881878066148255,0.1087079839287223,11,179922,69,1987,1986,-0.02025361116112734,-0.033149723774161956,0.012896112613034617,0.011373211532693713,0.7614505401704526,200,200,2004
1987-09-30,0.12075989059758592,0.13467310570589405,11,179922,69,1987,1986,-0.28682236305072584,-0.31998171363323713,0.03315935058251129,0.03157304804696557,0.793151267772863,202,202,2026
1987-10-31,0.11126075596018557,0.10605521874865753,11,179922,69,1987,1986,-0.06935294575144499,-0.07781474873233558,0.008461802980890595,0.006557102038171807,0.952350471359394,189,189,1894
1987-11-30,-0.02416010258387932,-0.015105324694849718,11,179922,69,1987,1986,0.0681580728531623,0.07193962973741033,-0.0037815568842480274,-0.0065391970466556395,1.378820081203806,185,185,1857
1987-12-31,-0.044404355383544626,-0.04008222442755853,11,179922,69,1987,1986,0.03667363240077001,0.04527794423961137,-0.00860431183884136,-0.010868567004401364,1.1321275827800013,189,189,1897
1988-01-31,-0.09119807478353105,-0.08647569984020823,0,213202,63,1988,1987,0.031979323051037276,0.07815332077006398,-0.04617399771902671,-0.049422699832499875,1.6243510567365835,192,192,1922
1988-02-29,-0.009836532528839474,-0.03132450158572407,0,213202,63,1988,1987,-0.005771971917580254,0.0004350706230789093,-0.006207042540659163,-0.008668036002361894,1.2304967308513657,194,194,1946
1988-03-31,0.0002046786757203531,-0.014278817364434622,0,213202,63,1988,1987,0.0161078144307658,0.008482482887295993,0.007625331543469806,0.00512114222361947,1.2520946599251683,198,198,1980
1988-04-30,0.058326953150603406,0.01884425729992449,0,213202,63,1988,1987,-0.020724615910009788,-0.0031444618500401497,-0.017580154059969638,-0.02093010649374615,1.674976216888255,197,197,1973
1988-05-31,0.0029133071391046835,-0.0012326939711514659,0,213202,63,1988,1987,0.06244849597934875,0.07055892213193676,-0.008110426152588016,-0.01032042504964148,1.1049994485267325,196,196,1969
1988-06-30,0.10306400812428883,0.1044605425003437,0,213202,63,1988,1987,-0.003732922101008348,-0.036146125138883115,0.03241320303787477,0.03087101823577375,0.7710924010505075,199,199,1998
1988-07-31,0.08092978061901843,0.06610262379270736,0,213202,63,1988,1987,-0.02490006252601009,-0.043156218278540534,0.018256155752530444,0.015969145024630517,1.1435053639499637,199,199,1995
1988-08-31,0.019235172668022694,0.019142935916223586,0,213202,63,1988,1987,0.03902906113182437,0.025781536267962025,0.013247524863862343,0.01137177373654659,0.937875563657877,197,197,1977
1988-09-30,0.059232339248561604,0.07008362690026972,0,213202,63,1988,1987,0.0027617923050854724,-0.02099154867959224,0.023753340984677712,0.021742459248111873,1.0054408682829186,200,200,2001
1988-10-31,0.07290450185493404,0.06353596132883223,0,213202,63,1988,1987,-0.03279296036981199,-0.030303191506284976,-0.0024897688635270136,-0.004300304809322142,0.9052679728975641,199,199,1991
1988-11-30,-0.05786333998706382,-0.045676303554081046,0,213202,63,1988,1987,0.02213915100150483,0.03411013362782407,-0.011970982626319241,-0.013593439351492353,0.811228362586556,198,198,1985
1988-12-31,0.04408395436684762,0.009664968664712758,0,213202,63,1988,1987,0.06262876057530413,0.05004608415832264,0.012582676416981492,0.010380907126845772,1.1008846450678598,199,199,1992
1989-01-31,-0.006894724795499623,0.034586193820756686,0,248148,63,1989,1988,-0.011013523251939526,-0.009202588183720972,-0.0018109350682185537,-0.00463958257455926,1.4143237531703532,203,203,2030
1989-02-28,0.06468742844994353,0.05418946078386866,0,248148,63,1989,1988,0.00978557605212785,0.010163230717062863,-0.00037765466493501314,-0.002133059063906439,0.8777021994857128,202,202,2025
1989-03-31,0.04550617955737933,0.010755490396986893,0,248148,63,1989,1988,0.04012777026276308,0.037814313854584676,0.002313456408178406,0.0006034883552802528,0.8549840264490767,204,204,2040
1989-04-30,-0.01158393268145304,-0.037486542976438275,0,248148,63,1989,1988,0.031154649632020682,0.03314118640529152,-0.001986536773270837,-0.003913008795222323,0.963236010975743,204,204,2043
1989-05-31,-0.036878624343906645,-0.0580408054316994,0,248148,63,1989,1988,-0.030420492841110463,-0.014584741290487034,-0.01583575155062343,-0.017241111443498807,0.7026799464376878,204,204,2048
1989-06-30,0.08161295960223433,0.0038306364140645584,0,248148,63,1989,1988,0.08432303316844739,0.058354199846828235,0.02596883332161915,0.025037163885545125,0.46583471803701415,204,204,2044
1989-07-31,0.02862829671298267,0.014146143582057813,0,248148,63,1989,1988,0.02495306487372656,0.013281915860943426,0.011671149012783134,0.009907000799292185,0.8820741067454747,205,205,2055
1989-08-31,-0.012389449928585131,-0.06683281326691351,0,248148,63,1989,1988,-0.017138977650047606,-0.018642029930409962,0.001503052280362356,3.7935103225117265e-05,0.7325585885686194,204,204,2046
1989-09-30,-0.06502936769758769,-0.10838795049742388,0,248148,63,1989,1988,-0.08959977835079308,-0.05275332342197857,-0.03684645492881451,-0.03866380835038442,0.9086767107849522,205,205,2051
1989-10-31,0.00883148457055879,-0.03451353802448622,0,248148,63,1989,1988,-0.0016423669923380662,0.009387950210135826,-0.011030317202473893,-0.012411729134184857,0.6907059658554822,203,203,2031
1989-11-30,-0.01076786561209989,-0.02480880686118154,0,248148,63,1989,1988,-0.008586658725261528,0.018012363803277753,-0.02659902252853928,-0.028462460354680103,0.9317189130704102,203,203,2030
1989-12-31,0.027145078781789914,0.014680653727628572,0,248148,63,1989,1988,-0.08162980250260196,-0.10872978279522229,0.027099980292620326,0.025233934136593427,0.9330230780134499,202,202,2025
1990-01-31,-0.004720901578305753,0.01727069758028469,0,283891,63,1990,1989,0.019882381416577038,0.008328749664516433,0.011553631752060605,0.008020960751737825,1.7663355001613896,199,199,1993
1990-02-28,-0.00286032771563433,0.04028039989026861,0,283891,63,1990,1989,0.022292486893640145,0.030931324404892116,-0.008638837511251971,-0.011425791380578582,1.3934769346633056,198,198,1986
1990-03-31,-0.027351464631517625,-0.03593055520931961,0,283891,63,1990,1989,-0.04389667112325343,-0.03260037279194003,-0.011296298331313404,-0.01266023830844509,0.6819699885658428,200,200,2002
1990-04-30,-0.04138292360986577,-0.004092997054767829,0,283891,63,1990,1989,0.06382421447537386,0.0822587465487367,-0.018434532073362847,-0.020791328514987037,1.1783982208120942,198,198,1984
1990-05-31,-0.011719169111259585,0.009503085039957646,0,283891,63,1990,1989,-0.006501340484833659,0.0022409823638261835,-0.008742322848659842,-0.010610712606376879,0.9341948788585179,200,200,2009
1990-06-30,0.012370965382285442,0.003675257538952273,0,283891,63,1990,1989,-0.050613426244087954,-0.02588675565264087,-0.024726670591447085,-0.025277292425938794,0.275310917245854,201,201,2017
1990-07-31,-0.03015352219727613,-0.06860986989973838,0,283891,63,1990,1989,-0.11822985210986778,-0.09386531231463197,-0.024364539795235812,-0.025856617785709215,0.7460389952367006,199,199,1996
1990-08-31,-0.034340767030747406,-0.06890513482515595,0,283891,63,1990,1989,-0.08158751081796009,-0.057462065004656684,-0.024125445813303406,-0.02581491147023699,0.8447328284667923,192,192,1928
1990-09-30,0.0078051574938112515,0.0015065089927916722,0,283891,63,1990,1989,-0.06587931671174489,-0.048746140442599936,-0.017133176269144956,-0.019627575326583237,1.2471995287191409,187,187,1872
1990-10-31,0.042845080283442076,0.07457152697195496,0,283891,63,1990,1989,0.07897767928185256,0.05139889389534387,0.027578785386508695,0.026116354761291347,0.7312153126086738,181,181,1813
1990-11-30,0.08332785758296686,0.09426066259281636,0,283891,63,1990,1989,0.05462256627107612,0.0294456885841344,0.025176877686941716,0.023815641890970674,0.6806178979855209,182,182,1820
1990-12-31,0.1302802162300064,0.14660991257163947,0,283891,63,1990,1989,0.07894870127402868,0.05016971732313173,0.028778983950896952,0.026714286512697374,1.0323487190997884,182,182,1825
1991-01-31,0.0658449288513321,0.0803903093529495,0,320342,69,1991,1990,0.09710239854013897,0.07832197487126683,0.018780423668872143,0.015520806122549793,1.6298087731611746,186,186,1860
1991-02-28,0.07208469340789964,0.09083750171392062,0,320342,69,1991,1990,0.06930131374012935,0.034307570475237484,0.034993743264891866,0.0316563599264429,1.6686916692244855,194,194,1946
1991-03-31,0.04857802019476988,0.020342853169964786,0,320342,69,1991,1990,0.011647406596708248,0.002015981634364075,0.009631424962344173,0.006377771283350665,1.626826839496754,197,197,1975
1991-04-30,0.08729598053745712,0.10760205976389818,0,320342,69,1991,1990,0.07132661889118998,0.026889843078157064,0.04443677581303292,0.04149110497156191,1.472835420735505,199,199,1993
1991-05-31,-0.041173198850562316,-0.06491009456510281,0,320342,69,1991,1990,-0.05285499490559714,-0.048114802660584766,-0.004740192245012376,-0.007379330785505615,1.31956927024662,200,200,2005
1991-06-30,0.06793552028254052,0.09032658714016129,0,320342,69,1991,1990,0.05662658339111125,0.04737592069364796,0.009250662697463288,0.008292718740932181,0.4789719782655535,199,199,1997
1991-07-31,0.04429395688821759,0.03619705630284068,0,320342,69,1991,1990,0.05459209747010157,0.02462374540833505,0.02996835206176652,0.027803066929989913,1.082642565888303,201,201,2016
1991-08-31,-0.02531865215161206,-0.05695037768520304,0,320342,69,1991,1990,0.00407149958725307,-0.005661802317013631,0.009733301904266701,0.008089987716732952,0.8216570937668747,202,202,2021
1991-09-30,-0.03450518484035809,-0.043294881521561614,0,320342,69,1991,1990,0.039181186832487655,0.047110416167942905,-0.00792922933545525,-0.010432226113440645,1.2514983889926974,203,203,2030
1991-10-31,0.008624392313930335,0.0021705872688516123,0,320342,69,1991,1990,-0.05994178189777762,-0.05409839734987072,-0.0058433845479069005,-0.008190091791942978,1.1733536220180387,204,204,2049
1991-11-30,-0.0677810960456193,-0.07090800828283009,0,320342,69,1991,1990,0.10294988191339728,0.15951329680358217,-0.05656341489018489,-0.058687438937266044,1.0620120235405774,205,205,2056
1991-12-31,0.0213911433530022,0.03921327991665425,0,320342,69,1991,1990,0.04186113499957626,0.0732934105000399,-0.03143227550046364,-0.033270436369475395,0.9190804345058798,208,208,2089
1992-01-31,0.10077481175996512,0.10462342648302075,14,358083,57,1992,1991,0.0523527346400479,0.0027295213360898074,0.049623213303958094,0.04670447563147681,1.4593688362406414,217,217,2172
1992-02-29,0.07109246046399893,0.09528690554980745,14,358083,57,1992,1991,-0.026293078002139036,-0.05631105542484159,0.030017977422702555,0.028813326292155536,0.6023255652735092,220,220,2208
1992-03-31,0.15064836734494255,0.11820289036291329,14,358083,57,1992,1991,-0.009471248923325539,-0.07469153587967292,0.06522028695634738,0.06390899391102893,0.6556465226592271,224,224,2240
1992-04-30,0.025582849841025185,0.010415003431476536,14,358083,57,1992,1991,-0.0018492972345928213,0.017110347072681782,-0.018959644307274603,-0.020373187996002174,0.7067718443637849,222,222,2229
1992-05-31,-0.01935064280392725,-0.005641443271271598,14,358083,57,1992,1991,-0.0367006652321097,-0.04908254420826054,0.01238187897615084,0.011333545972001426,0.5241665020747072,224,224,2244
1992-06-30,-0.014192594699413773,-0.03951797051355872,14,358083,57,1992,1991,0.03975419949774943,0.045176660981941535,-0.0054224614841921065,-0.006363281834823196,0.4704101753155449,223,223,2237
1992-07-31,0.009345194518587917,-0.0012415602365059234,14,358083,57,1992,1991,-0.03562244210641598,-0.03959573450055222,0.003973292394136241,0.002423323704986563,0.774984344574839,225,225,2257
1992-08-31,-0.0034426275990878234,-0.009399323819373907,14,358083,57,1992,1991,0.028418785839533698,0.02943632032296122,-0.0010175344834275207,-0.0020067304202831208,0.4945979684277999,223,223,2239
1992-09-30,-0.025265124408528912,-0.03416436112280198,14,358083,57,1992,1991,0.03462822358889296,0.050981373922337064,-0.016353150333444103,-0.017414083807909396,0.5304667372326464,225,225,2254
1992-10-31,-0.03051548381792947,-0.0012464085441515527,14,358083,57,1992,1991,0.07647379471864132,0.10349056137278556,-0.027016766654144236,-0.028265451678682194,0.6243425122689789,227,227,2277
1992-11-30,0.023226888819736793,0.0570863929618307,14,358083,57,1992,1991,0.042313947885556584,0.030443844726580037,0.011870103158976547,0.010912430913755551,0.4788361226104977,230,230,2309
1992-12-31,0.07906157463753573,0.09251159675934362,14,358083,57,1992,1991,0.05792456974178695,0.011955569894372624,0.04596899984741433,0.044649445171121745,0.659777338146291,235,235,2354
1993-01-31,0.056238998556340125,0.059825688055910944,2,398677,53,1993,1992,0.004132798203620549,-0.02120678673969461,0.02533958494331516,0.022887176671896468,1.2262041357093465,237,237,2377
1993-02-28,0.024903175179616877,0.02281469779922108,2,398677,53,1993,1992,0.03424777736215894,0.01977085687408732,0.014476920488071622,0.013328983954043517,0.5739682670140525,238,238,2382
1993-03-31,-0.027517789022296037,-0.028518988188883463,2,398677,53,1993,1992,-0.03978452605469329,-0.02111445662923286,-0.01867006942546043,-0.019788030207287487,0.5589803909135271,244,244,2442
1993-04-30,-0.03870327464135458,-0.023441455672066586,2,398677,53,1993,1992,0.010870244005580695,0.04745055603294598,-0.03658031202736528,-0.0382676297257447,0.8436588491897075,244,244,2440
1993-05-31,0.015116637338893851,0.02757430851664833,2,398677,53,1993,1992,0.02607188662691881,0.0002197080845987385,0.025852178542320074,0.024603344138479758,0.6244172019201573,246,246,2469
1993-06-30,0.007892236686517711,0.019439807022033857,2,398677,53,1993,1992,0.009357259384962194,-0.012318485932349367,0.021675745317311562,0.020430055431226224,0.6228449430426687,251,251,2515
1993-07-31,-0.06260524836104385,-0.040901048335332466,2,398677,53,1993,1992,0.024894237590543395,0.042983835278461675,-0.01808959768791828,-0.01970886142042137,0.8096318662515439,252,252,2529
1993-08-31,-0.031994079107412025,-0.026803504509282886,2,398677,53,1993,1992,0.012310142998935951,0.017622072547348794,-0.005311929548412843,-0.006493593030072841,0.5908317408299988,256,256,2566
1993-09-30,-0.019018551371964856,-0.0336433151537785,2,398677,53,1993,1992,-0.0028438308481727502,0.028103055540658842,-0.030946886388831592,-0.03195119428814199,0.5021539496552012,260,260,2603
1993-10-31,0.03142716258062216,0.05783338904758339,2,398677,53,1993,1992,-0.02025667647752814,-0.023964455901433188,0.003707779423905048,0.002410704103517481,0.6485376601937833,264,264,2649
1993-11-30,0.01018422411528245,0.03167724857258925,2,398677,53,1993,1992,0.03482577625482861,0.02745771415185094,0.007368062102977673,0.00636952687407864,0.49926761444951695,266,266,2660
1993-12-31,0.06478199548754901,0.03741339911858475,2,398677,53,1993,1992,0.03768684827133843,0.03538601468004366,0.0023008335912947722,0.0011714415985316152,0.5646959963815785,270,270,2708
1994-01-31,0.07715777611854681,0.07411878066006695,5,442581,49,1994,1993,0.013808981793963568,-0.024487086442025373,0.03829606823598894,0.03573368929647532,1.2811894697568074,274,274,2745
1994-02-28,0.047913503346452044,0.03359442322711034,5,442581,49,1994,1993,-0.0425348045901818,-0.07331747351184963,0.030782668921667825,0.029881293079564487,0.4506879210516684,275,275,2755
1994-03-31,0.02176821601688239,0.010394896820877646,5,442581,49,1994,1993,0.013174444413664811,-0.013968604603504738,0.02714304901716955,0.026068543730028784,0.5372526435703824,275,275,2759
1994-04-30,-0.014664379826476321,-0.027405561969506043,5,442581,49,1994,1993,-0.0016245793397160315,0.003828344189371854,-0.005452923529087886,-0.007293334684536627,0.9202055777243707,278,278,2782
1994-05-31,0.05605289485250902,0.00653348515711656,5,442581,49,1994,1993,-0.024899909997734372,-0.03234247567628401,0.007442565678549638,0.006695976997470979,0.37329434053932936,278,278,2785
1994-06-30,0.05306926479262249,0.05412762897450789,5,442581,49,1994,1993,0.023541170240349414,0.015790816440905346,0.007750353799444068,0.006906678967938974,0.4218374157525468,279,279,2791
1994-07-31,0.03941798934898862,0.08341711398198264,5,442581,49,1994,1993,0.05504966164569978,0.039695269959381566,0.015354391686318213,0.01401241614867736,0.6709877688204262,279,279,2796
1994-08-31,0.01660275741045405,0.017646014812694923,5,442581,49,1994,1993,-0.012505059406807417,-0.006745049661972447,-0.00576000974483497,-0.006497255787172483,0.3686230211687565,281,281,2817
1994-09-30,0.06380638910761682,0.09204853039187569,5,442581,49,1994,1993,0.014198087070224177,-0.009714018648065216,0.023912105718289393,0.02306891704233987,0.4215943379747613,283,283,2833
1994-10-31,0.08195632707124437,0.09188300038858302,5,442581,49,1994,1993,-0.034850892082897676,-0.05624199605544491,0.021391103972547232,0.019954647017733067,0.7182284774070824,283,283,2833
1994-11-30,0.010460469916305164,0.0020953826001916275,5,442581,49,1994,1993,0.026978319159111707,0.008060866041931031,0.018917453117180676,0.017865894466102684,0.5257793255389956,281,281,2812
1994-12-31,0.07036760789107903,0.07035054423287322,5,442581,49,1994,1993,0.0016219699090852405,-0.016783585689076046,0.01840555559816129,0.017451781183965363,0.47688720709796206,279,279,2795
1995-01-31,0.015902312773436855,0.03259236921448518,64,490648,50,1995,1994,0.04425875441833445,0.03883252075624903,0.005426233662085417,0.0030716849490124345,1.1772743565364912,282,282,2827
1995-02-28,0.0019921363638742127,0.013007139373380577,64,490648,50,1995,1994,0.019553676296786494,0.021570086842153585,-0.0020164105453670915,-0.003065972677185499,0.5247810659092035,284,284,2844
1995-03-31,0.05932208635760808,0.08733116446155624,64,490648,50,1995,1994,0.028833933429224166,0.00727420147305461,0.021559731956169555,0.020571393813732727,0.4941690712184137,285,285,2853
1995-04-30,0.004916794419109341,-0.005565773737052024,64,490648,50,1995,1994,0.02114580894977629,0.01439018054970993,0.006755628400066362,0.004722901753147436,1.016363323459463,287,287,2877
1995-05-31,0.02413877957475214,0.06046626409613639,64,490648,50,1995,1994,0.04687917304834406,0.03565880559445109,0.011220367453892974,0.010139246402442272,0.5405605257253507,288,288,2889
1995-06-30,0.0696406937336465,0.0760609077908932,64,490648,50,1995,1994,0.061169539391541974,0.04679276233659847,0.014376777054943501,0.013228633978714141,0.5740715381146799,292,292,2922
1995-07-31,0.00022539265433455357,-0.003964664995767201,64,490648,50,1995,1994,0.014982802283461877,0.018576770551160342,-0.0035939682676984653,-0.005484131477994476,0.9450816051480053,296,296,2961
1995-08-31,0.0329922043592429,0.042556582259474555,64,490648,50,1995,1994,0.027310944921475927,0.018962178749975217,0.00834876617150071,0.0072496750745993715,0.5495455484506692,299,299,2992
1995-09-30,0.053234976670084554,0.055195562863724075,64,490648,50,1995,1994,-0.030432668889693634,-0.058963939780356536,0.028531270890662902,0.0274171699763918,0.5570504571355523,299,299,2999
1995-10-31,0.03246381519813066,0.04489459387134914,64,490648,50,1995,1994,0.04358150998127977,0.05315172222731329,-0.009570212246033521,-0.011182765770879535,0.8062767624230063,298,298,2981
1995-11-30,-0.07396631284177983,-0.07932981325082472,64,490648,50,1995,1994,-0.00938529687966028,0.042200476958490496,-0.05158577383815077,-0.052522136769327835,0.46818146558853146,300,300,3005
1995-12-31,-0.05011799413331086,-0.02976365496083129,64,490648,50,1995,1994,0.0035028772371461826,0.025442791241629334,-0.02193991400448315,-0.022978640554573753,0.5193632750453009,302,302,3021
1996-01-31,0.04163198139004506,0.044435243589697866,34,540674,46,1996,1995,0.022992116361380318,0.008239649273088158,0.01475246708829216,0.01277132273143081,0.9905721784306751,304,304,3046
1996-02-29,0.03115128025983481,0.028852614467422214,34,540674,46,1996,1995,0.01643515814492639,0.015891817078404813,0.0005433410665215757,-0.0006088080157985985,0.576074541160087,304,304,3048
1996-03-31,0.03234844182032666,0.017698207762767468,34,540674,46,1996,1995,0.07548966448234622,0.0399296457096823,0.03556001877266392,0.03432941455336187,0.6153021096510238,308,308,3082
1996-04-30,0.0011543126674347373,0.025501323294536287,34,540674,46,1996,1995,0.03487217344879799,0.024029504241272023,0.010842669207525968,0.008901741075063752,0.9704640662311084,313,313,3136
1996-05-31,0.07979859605760363,0.07921855195414529,34,540674,46,1996,1995,-0.031235865647664333,-0.05603014944872236,0.024794283801058026,0.023643838132726483,0.5752228341657716,319,319,3192
1996-06-30,0.08616019178225448,0.054353518227068125,34,540674,46,1996,1995,-0.07371678664428,-0.11393994300441498,0.04022315636013499,0.03905491674568301,0.5841198072259876,319,319,3197
1996-07-31,0.006932576616193821,0.012697662314835009,34,540674,46,1996,1995,0.054169636214284424,0.05006127938551692,0.0041083568287675065,0.0023652020016556095,0.8715774135559485,315,315,3158
1996-08-31,0.013729083733857863,0.03327787292795333,34,540674,46,1996,1995,0.04233502066310699,0.0401534813927808,0.0021815392703261882,0.0009907308626187009,0.5954042038537437,318,318,3185
1996-09-30,0.11907567961088057,0.11323722135782059,34,540674,46,1996,1995,0.009409974681413757,-0.046632837388786444,0.056042812070200204,0.05494295652914805,0.549927770526074,320,320,3201
1996-10-31,0.0919225654999399,0.08006989109187786,34,540674,46,1996,1995,0.057901629965952356,0.02173331885149296,0.036168311114459395,0.03443309984919453,0.8676056326324314,320,320,3209
1996-11-30,0.07254907669092837,0.051595586091563,34,540674,46,1996,1995,0.018911491126837158,-0.0026425026583049,0.021553993785142056,0.020196641045483677,0.6786763698291902,322,322,3229
1996-12-31,-0.008487447037667174,0.0158468758384682,34,540674,46,1996,1995,0.034009203891592066,0.031905136540213284,0.0021040673513787814,0.0007669281229156666,0.6685696142315574,322,322,3225
1997-01-31,0.06790090442681226,0.06009701387023684,26,593540,46,1997,1996,0.0025392998536517236,-0.04142842548230202,0.04396772533595374,0.04205494577196488,0.956389781994432,326,326,3266
1997-02-28,0.1472948121593777,0.1420443628699558,26,593540,46,1997,1996,-0.029036021536630575,-0.09662375287468086,0.0675877313380503,0.06649293409463083,0.5473986217097302,326,326,3261
1997-03-31,0.09748870860996786,0.09505634806622612,26,593540,46,1997,1996,0.018945921277799555,-0.03945198031279536,0.05839790159059491,0.057113515184752855,0.6421932029210278,322,322,3228
1997-04-30,-0.09098246735045064,-0.044296765407588035,26,593540,46,1997,1996,0.11121116382068161,0.1442655492567189,-0.03305438543603728,-0.03487527548765284,0.910445025807778,319,319,3199
1997-05-31,0.03942302864086823,0.03973948794936978,26,593540,46,1997,1996,0.050882945160091175,0.05392145198807342,-0.0030385068279822416,-0.0041171039269437045,0.5392985494807312,324,324,3245
1997-06-30,0.0515546927025653,0.08754584812337161,26,593540,46,1997,1996,0.08721964107079272,0.03281858104498629,0.05440106002580643,0.053228958454775877,0.5860507855152765,325,325,3251
1997-07-31,0.02169380737560861,0.06596496398072473,26,593540,46,1997,1996,0.019877445994744107,0.022371030915190444,-0.0024935849204463373,-0.004017102710803938,0.7617588951788006,326,326,3269
1997-08-31,-0.039833996573519125,-0.020746644051516435,26,593540,46,1997,1996,0.05485254828558288,0.08396209118231632,-0.02910954289673344,-0.030207776424610644,0.549116763938603,329,329,3293
1997-09-30,0.07972394651997253,0.08327278698814357,26,593540,46,1997,1996,-0.049992519848978165,-0.06059631418238916,0.010603794333410993,0.009502047617085993,0.5508733581624996,334,334,3344
1997-10-31,0.10268992714393951,0.06222655396423127,26,593540,46,1997,1996,0.0023677195303289603,-0.03151380281333965,0.03388152234366861,0.032237275072594,0.822123635537303,333,333,3339
1997-11-30,0.01961678209504703,0.0056914515912243726,26,593540,46,1997,1996,0.008152399714135075,-0.004218221052379846,0.012370620766514922,0.011237653984431368,0.5664833910417764,332,332,3325
1997-12-31,0.032735614078384614,0.034753893324061834,26,593540,46,1997,1996,0.026299538548815345,-0.0012121993760430634,0.027511737924858407,0.026280866783446967,0.6154355707057191,327,327,3273
1998-01-31,0.015413559552079131,0.06518251139221255,70,648473,48,1998,1997,0.09307447243315942,0.05941933843256597,0.033655134000593445,0.031727903660424564,0.9636151700844416,326,326,3263
1998-02-28,0.020656519044143607,0.02671826846788367,70,648473,48,1998,1997,0.043356047990730395,0.056766460553778944,-0.013410412563048549,-0.014373132350684978,0.48135989381821415,328,328,3289
1998-03-31,0.03540553963129875,0.0780277190820253,70,648473,48,1998,1997,0.01812831500299851,-0.011256135191006225,0.029384450194004735,0.028473443836533,0.45550317873586765,332,332,3326
1998-04-30,0.030711369695809083,0.006766828772251243,70,648473,48,1998,1997,-0.05663936734185694,-0.05859248184838206,0.0019531145065251193,-8.998722871681646e-05,1.021550867620968,334,334,3344
1998-05-31,0.026601873794492723,0.025734321730773318,70,648473,48,1998,1997,0.0035597044839776335,0.003589467413719167,-2.9762929741533346e-05,-0.0010537334593301803,0.5119852647943235,331,331,3319
1998-06-30,0.03454106604408325,0.04272099831949785,70,648473,48,1998,1997,-0.049198908186957706,-0.0811395777106597,0.031940669523701996,0.030696171582789325,0.6222489704563363,326,326,3265
1998-07-31,0.06980620092775346,0.04883245653243079,70,648473,48,1998,1997,-0.19313804816697072,-0.20194028760379718,0.008802239436826453,0.007070982576895723,0.8656284299653652,321,321,3212
1998-08-31,-0.001113120483599564,-0.026655155434117346,70,648473,48,1998,1997,0.06705456097877494,0.07383675854887958,-0.006782197570104648,-0.008153206911290869,0.6855046705931102,304,304,3045
1998-09-30,0.0911689941112328,0.07497334676068744,70,648473,48,1998,1997,0.11052592747133871,0.021600766900562306,0.0889251605707764,0.08751926448399062,0.7029480433928871,304,304,3047
1998-10-31,0.05662206656416325,0.10953279195166139,70,648473,48,1998,1997,0.08714432263213037,0.037217924818755375,0.049926397813375,0.04817359753349371,0.8764001399406434,303,303,3032
1998-11-30,0.029882271451261593,0.035776787250944436,70,648473,48,1998,1997,0.06726685050992537,0.04605827360059605,0.02120857690932932,0.01999452295612982,0.6070269765997516,304,304,3043
1998-12-31,0.03217853013801091,0.056796373598371704,70,648473,48,1998,1997,0.039953330081911896,0.02362336406297029,0.016329966018941607,0.015135014574676876,0.5974757221323654,304,304,3041
1999-01-31,0.03250551381340624,0.025300365924078493,65,703028,46,1999,1998,-0.05584374698359347,-0.05937122726236597,0.0035274802787724976,0.00144664008331749,1.0404200977275038,307,307,3079
1999-02-28,-0.07341862531776687,-0.06087221298222854,65,703028,46,1999,1998,0.017666296509685087,0.0525225072603667,-0.03485621075068161,-0.03622507020975093,0.6844297295346571,303,303,3037
1999-03-31,0.003469756379479822,-0.030647852179482196,65,703028,46,1999,1998,0.08610203510197384,0.10733513342042103,-0.02123309831844719,-0.022415391356256434,0.5911465189046206,298,298,2987
1999-04-30,0.13322727798729195,0.10627747612900641,65,703028,46,1999,1998,0.033380782618146115,-0.033626851725376605,0.06700763434352272,0.06496161640418033,1.0230089696711997,302,302,3027
1999-05-31,0.04838704697868335,0.060109070502606485,65,703028,46,1999,1998,0.07340838629602575,0.03956271945608446,0.033845666839941294,0.03268550927656706,0.580078781687117,306,306,3060
1999-06-30,0.04418277299841728,0.04557628045415374,65,703028,46,1999,1998,-0.024949219209295402,-0.04164284561885026,0.01669362640955486,0.015719299161754397,0.48716362390022994,305,305,3056
1999-07-31,0.02760287426396094,-0.008568907098808736,65,703028,46,1999,1998,-0.01439333828513417,-0.02958593720840715,0.015192598923272979,0.013563622191089832,0.8144883660915736,305,305,3051
1999-08-31,-0.02631345580833991,-0.009382899884731533,65,703028,46,1999,1998,-0.011540370185814854,-0.003574703398878087,-0.007965666786936767,-0.009643356827467312,0.8388450202652722,301,301,3012
1999-09-30,-0.0491404731867435,0.00614550854308377,65,703028,46,1999,1998,0.030195420563360827,0.058628864931852695,-0.028433444368491868,-0.02969976901020135,0.6331623208547412,297,297,2974
1999-10-31,0.04023272651337239,0.06188726618674706,65,703028,46,1999,1998,0.08942592577074221,0.09286995021909761,-0.0034440244483553983,-0.005051464377822934,0.8037199647337676,295,295,2954
1999-11-30,-0.020086163763512865,0.03569751365461368,65,703028,46,1999,1998,0.11389835512879201,0.10206328479275523,0.011835070336036785,0.010550760287582051,0.642155024227367,297,297,2972
1999-12-31,-0.017647035395760995,-0.004917982409956931,65,703028,46,1999,1998,-0.06669774533646322,-0.004203376175033118,-0.0624943691614301,-0.0636115775242211,0.5586041813954981,303,303,3037
2000-01-31,-0.12156850152032352,-0.0834124061399596,29,755893,35,2000,1999,-0.023673792625800626,0.15391330737292302,-0.17758709999872366,-0.17946632040708307,0.9396102041797136,305,305,3054
2000-02-29,0.19640090085303324,0.15737051634226432,29,755893,35,2000,1999,0.12301000378530402,-0.14141816594198048,0.2644281697272845,0.26335820949113325,0.5349801180756285,308,308,3081
2000-03-31,0.260895809821117,0.20975990121605953,29,755893,35,2000,1999,0.012654189824517926,-0.216963139126359,0.22961732895087694,0.2283459517270976,0.6356886118896699,305,305,3056
2000-04-30,0.11813105266053835,0.0696401888164635,29,755893,35,2000,1999,-0.015921796196603992,-0.11555794854975848,0.09963615235315448,0.09813032088256028,0.7529157352971038,298,298,2981
2000-05-31,-0.1744402339134655,-0.05394084034775835,29,755893,35,2000,1999,0.01987100039365576,0.22557772603352572,-0.20570672563986997,-0.20679846479449265,0.5458695773113363,292,292,2925
2000-06-30,0.10692569773989251,0.08669501317872223,29,755893,35,2000,1999,0.007568063072564449,-0.05712470747466393,0.06469277054722838,0.06354138774614078,0.5756914005438041,292,292,2929
2000-07-31,-0.004460652043960494,-0.002347889926194242,29,755893,35,2000,1999,0.0828954532050829,0.0844805387606426,-0.0015850855555596954,-0.0031135871467426555,0.7642507955914799,290,290,2901
2000-08-31,0.09168902692573751,0.053554271538995384,29,755893,35,2000,1999,-0.02862692061995807,-0.09566769799008645,0.06704077737012838,0.06594759944849138,0.5465889608184998,292,292,2926
2000-09-30,0.16101339483960359,0.12426406722232262,29,755893,35,2000,1999,0.016030819134448544,-0.13407148468363977,0.1501023038180883,0.14894886630060417,0.576718758742071,288,288,2881
2000-10-31,0.19824843256572178,0.1063589051802659,29,755893,35,2000,1999,-0.0630100132449688,-0.2403071976856261,0.1772971844406573,0.17572704364135844,0.7850703996494349,281,281,2813
2000-11-30,-0.014318737570777755,4.299385915950174e-05,29,755893,35,2000,1999,0.061352440641512226,0.01995279246575441,0.041399648175757815,0.03993584696383492,0.7319006059614492,268,268,2688
2000-12-31,0.010812315110307141,0.057892398981550346,29,755893,35,2000,1999,0.1320174450439351,0.15397420632437794,-0.021956761280442855,-0.02353218787640133,0.7877132979792371,264,264,2642
2001-01-31,0.30564631158388483,0.2611469253028686,26,807490,30,2001,2000,-0.04559182366822224,-0.2099491920190708,0.16435736835084858,0.1622950664849972,1.0311509329256912,274,274,2746
2001-02-28,0.28331099494875345,0.24283872813084614,26,807490,30,2001,2000,-0.029975405120767223,-0.1989875419824461,0.16901213686167887,0.16703098258531354,0.9905771381826722,267,267,2672
2001-03-31,-0.16050115599612516,-0.14801286863140892,26,807490,30,2001,2000,0.06202995169169256,0.17405094538636312,-0.11202099369467056,-0.11400825984244925,0.99363307388935,261,261,2613
2001-04-30,0.06150173692888747,0.07962095986866943,26,807490,30,2001,2000,0.04344770700308146,-0.0008290480050585037,0.04427675500813996,0.04213974450512558,1.0685052515071918,263,263,2639
2001-05-31,0.032194151777555885,0.05375824056522248,26,807490,30,2001,2000,0.029162552106120267,-0.0018199824847622528,0.03098253459088252,0.029286949386931743,0.8477926019753879,267,267,2676
2001-06-30,0.27921952615299683,0.2721957716021938,26,807490,30,2001,2000,0.017718407797257234,-0.11091647066290658,0.1286348784601638,0.12685128640836063,0.8917960259015808,266,266,2664
2001-07-31,0.1883168859113816,0.16895771542129107,26,807490,30,2001,2000,-0.01351811600066396,-0.10889121357947162,0.09537309757880766,0.09336050146819541,1.0062980553061243,264,264,2648
2001-08-31,0.2004496261888012,0.2107230667089613,26,807490,30,2001,2000,-0.08147123239309702,-0.17816412697714717,0.09669289458405016,0.09520621387575595,0.7433403541471025,261,261,2610
2001-09-30,-0.09158221107790493,-0.08595230599174265,26,807490,30,2001,2000,0.051137319827661676,0.09490797304901316,-0.043770653221351485,-0.045237565597512984,0.7334561880807486,250,250,2505
2001-10-31,-0.07634789009666856,-0.07205610821881324,26,807490,30,2001,2000,0.07915240731790818,0.12145867738927849,-0.042306270071370305,-0.04388411231709227,0.7889211228609827,252,252,2529
2001-11-30,-0.006759586346913156,-0.0015978301642591787,26,807490,30,2001,2000,0.0712264815989684,0.01568767223166471,0.05553880936730368,0.05393153474475309,0.8036373112752981,256,256,2561
2001-12-31,0.2566279544056736,0.24555775719925102,26,807490,30,2001,2000,0.0436226463186002,-0.08502180858074382,0.128644454899344,0.12678997565618835,0.9272396215778279,259,259,2593
2002-01-31,0.2482152008949235,0.21561998443434613,296,856545,28,2002,2001,0.02343289853087986,-0.10830677339513217,0.13173967192601205,0.1291925790972957,1.273546414358179,259,259,2590
2002-02-28,0.011073864920769644,-0.00245957396892342,296,856545,28,2002,2001,0.0886236253207847,0.07594271547109972,0.01268090984968498,0.011801075354757338,0.43991724746382077,254,254,2545
2002-03-31,0.26736597261289813,0.2772344510319669,296,856545,28,2002,2001,0.058462921531783875,-0.11071859933695279,0.16918152086873667,0.16835324522068898,0.41413782402384597,259,259,2593
2002-04-30,0.17590501697594854,0.17851948127883951,296,856545,28,2002,2001,-0.01615216098909978,-0.05284836803393961,0.03669620704483983,0.034824029410412044,0.9360888172138908,256,256,2567
2002-05-31,0.1835729187066154,0.19123536161296378,296,856545,28,2002,2001,-0.038172996199696586,-0.12476251663963633,0.08658952043993975,0.08576177288369707,0.4138737781213404,255,255,2556
2002-06-30,0.14784249221897286,0.17369257133260113,296,856545,28,2002,2001,-0.10382604675950838,-0.13313975004971684,0.029313703290208465,0.02835621382431784,0.47874473294531106,251,251,2512
2002-07-31,0.051114865384980404,0.07028138704062081,296,856545,28,2002,2001,0.009669807352254417,-0.010442771839678937,0.020112579191933357,0.01824074312636146,0.9359180327859481,240,240,2409
2002-08-31,0.11287905414777533,0.1069550007965105,296,856545,28,2002,2001,-0.07605610118349213,-0.0924360745686797,0.01637997338518757,0.015416068815026074,0.48195228508074744,239,239,2398
2002-09-30,-0.03564643456307904,-0.01247852190223352,296,856545,28,2002,2001,0.03062752806526496,0.0678090672298128,-0.03718153916454783,-0.038157803896465406,0.4881323659587878,233,233,2336
2002-10-31,-0.013820184143463197,-0.006104979713450324,296,856545,28,2002,2001,0.09441084108591782,0.08297356083887311,0.011437280247044712,0.009982840992414109,0.7272196273153011,235,235,2357
2002-11-30,0.16913944270694928,0.14449089414907687,296,856545,28,2002,2001,-0.034764932715670806,-0.08555353447779382,0.05078860176212301,0.049762669479330536,0.51296614139624,241,241,2413
2002-12-31,0.12616376869084855,0.12273436377153714,296,856545,28,2002,2001,-0.021359600158113754,-0.017619874061419162,-0.003739726096694592,-0.004579772887006706,0.4200233951560571,239,239,2397
2003-01-31,0.00492620973241313,-0.0038714812714877116,57,903912,34,2003,2002,-0.03342869180055044,-0.016788823277962554,-0.016639868522587888,-0.018691760324107812,1.0259459007599614,238,238,2387
2003-02-28,0.025261369148309964,0.01090595530555638,57,903912,34,2003,2002,0.018437444101385182,0.006373569555753201,0.012063874545631981,0.011293963228756315,0.3849556584378333,236,236,2364
2003-03-31,-0.011177800477433017,-0.012764660251930345,57,903912,34,2003,2002,0.08716010623289736,0.07800457937835788,0.009155526854539478,0.008410055874710458,0.37273548991451,235,235,2356
2003-04-30,-0.016600379760819784,-0.040934212892176365,57,903912,34,2003,2002,0.10437070173579674,0.08835217716378772,0.016018524572009016,0.014562635424557626,0.7279445737256948,240,240,2403
2003-05-31,0.09241294072941009,0.08169984911302453,57,903912,34,2003,2002,0.03403348124563923,0.00015418692706589904,0.03387929431857333,0.0330625180780914,0.40838812024096477,247,247,2479
2003-06-30,0.07900760059525615,0.06375196469189011,57,903912,34,2003,2002,0.0584326461110823,0.04477437496964139,0.013658271141440914,0.012798830939793079,0.4297201008239173,251,251,2511
2003-07-31,0.08447871207556776,0.0584443516488947,57,903912,34,2003,2002,0.05865724695778019,0.040397444719359174,0.018259802238421018,0.01680444069954605,0.7276807694374843,255,255,2555
2003-08-31,0.07855339371169802,0.09429498042506788,57,903912,34,2003,2002,0.0025762127963356645,-0.028877279451344242,0.031453492247679904,0.0305689221070113,0.4422850703343006,256,256,2569
2003-09-30,0.11076466280265329,0.11560328537532287,57,903912,34,2003,2002,0.09863771309044331,0.06473431732401114,0.03390339576643217,0.0329800863676802,0.46165469937598647,258,258,2588
2003-10-31,0.04156730661552635,0.02139547852416499,57,903912,34,2003,2002,0.03290294834175573,0.03228950639754094,0.000613441944214789,-0.0009134413846327448,0.7634416644237668,263,263,2631
2003-11-30,0.03267489829176088,0.010157351155346935,57,903912,34,2003,2002,0.037762104036735245,0.040572737005211364,-0.002810632968476119,-0.003690030822947195,0.43969892723553805,266,266,2662
2003-12-31,0.02587406179743889,0.05269276874075076,57,903912,34,2003,2002,0.032057832436821046,0.010181809787984226,0.02187602264883682,0.021060403081069486,0.4078097838836666,267,267,2674
2004-01-31,-0.0384593167870751,-0.04020210250753021,48,950329,31,2004,2003,-0.00760088883347359,0.025382301783948125,-0.032983190617421713,-0.0354027409843732,1.2097751834757462,272,272,2720
2004-02-29,-0.015621514463280414,-0.05296040312303508,48,950329,31,2004,2003,0.014979232584668553,0.017487108079065058,-0.0025078754943965043,-0.0031052677003081583,0.29869610295582694,271,271,2717
2004-03-31,0.0009697531323281615,0.0331348679152343,48,950329,31,2004,2003,-0.0542372220238474,-0.07012838539555814,0.015891163371710745,0.015362178761544474,0.2644923050831359,271,271,2717
2004-04-30,0.02597236475157774,0.009528797767031388,48,950329,31,2004,2003,0.032747649662307546,0.023280378917183528,0.009467270745124018,0.00786853323446601,0.7993687553290043,267,267,2674
2004-05-31,0.07158685570618732,0.057925407611184886,48,950329,31,2004,2003,0.040636670896985624,0.021905792852507593,0.018730878044478032,0.018056613538210316,0.3371322531338583,266,266,2661
2004-06-30,-0.09522434759206534,-0.1331296267788604,48,950329,31,2004,2003,-0.07231957318880099,-0.024992857569866533,-0.04732671561893445,-0.047912752644163455,0.29301851261450107,267,267,2675
2004-07-31,-0.13370146991475482,-0.17054694201863643,48,950329,31,2004,2003,-0.019918787253177538,0.039650841038598346,-0.05956962829177588,-0.06104853701108762,0.7394543596558687,263,263,2633
2004-08-31,0.08255656590444872,0.07443404692337036,48,950329,31,2004,2003,0.04641296970989217,0.03076268208256898,0.015650287627323192,0.015089178683984423,0.2805544716693849,262,262,2624
2004-09-30,0.026147412831858473,0.0019819183077600415,48,950329,31,2004,2003,0.032244956909239494,0.026556085042560053,0.005688871866679442,0.005256321291144656,0.21627528776739302,263,263,2637
2004-10-31,0.06891082025692116,0.052925213646243016,48,950329,31,2004,2003,0.08925147866853886,0.06039566690516848,0.028855811763370376,0.027535190631272695,0.6603105660488402,264,264,2645
2004-11-30,0.06715667782809408,0.06432459352135657,48,950329,31,2004,2003,0.048500310314639056,0.040383249135631766,0.00811706117900729,0.007466267985901605,0.3253965965528426,269,269,2691
2004-12-31,-0.00716371730811723,0.01526856280239951,48,950329,31,2004,2003,-0.04330279144685033,-0.03965026020483882,-0.0036525312420115086,-0.004220278778085749,0.28387376803711994,271,271,2711
2005-01-31,0.06396188686780797,0.068258564217167,187,996130,29,2005,2004,0.03224191974279223,0.016494603607999883,0.015747316134792348,0.01349004216889083,1.1286369829507588,269,269,2693
2005-02-28,0.03625905189452921,0.027673033401881528,187,996130,29,2005,2004,-0.018792127029556113,-0.03587164591642047,0.017079518886864355,0.016402260634119772,0.3386291263722906,270,270,2704
2005-03-31,-0.06036691049902515,-0.08319163973217229,187,996130,29,2005,2004,-0.04943790469242663,-0.03300131013110226,-0.016436594561324368,-0.017099811256701652,0.3316083476886429,269,269,2690
2005-04-30,0.07159441306105598,0.09136358255388936,187,996130,29,2005,2004,0.05969430919237786,0.04574955627255144,0.013944752919826421,0.011995256838689372,0.974748040568524,263,263,2634
2005-05-31,0.03410971906527487,0.040965534222786815,187,996130,29,2005,2004,0.028863967290993043,0.02800282537897663,0.0008611419120164131,0.00012635148482351144,0.36739521359645083,264,264,2649
2005-06-30,0.031215331165179837,0.02571066134301675,187,996130,29,2005,2004,0.06512188873676437,0.04379367955781445,0.021328209178949925,0.02066128160180356,0.3334637885731836,266,266,2661
2005-07-31,0.04478308864525554,0.031815533136768354,187,996130,29,2005,2004,-0.0011642890204628057,-0.01908456600608018,0.01792027698561737,0.016347554982617356,0.7863610015000086,269,269,2692
2005-08-31,0.08546432700100706,0.1066392786323734,187,996130,29,2005,2004,0.023301380553641896,-0.006918202161124733,0.03021958271476663,0.02954752806480995,0.33602732497833954,268,268,2689
2005-09-30,0.03369623691846428,0.004646570429447062,187,996130,29,2005,2004,-0.0248697072764758,-0.026155525398744252,0.0012858181222684534,0.0007155310157857561,0.28514355324134866,268,268,2683
2005-10-31,0.08591551665377582,0.08355408389651271,187,996130,29,2005,2004,0.058931461661349833,0.02979543347353272,0.029136028187817114,0.027620168288063563,0.7579299498767749,267,267,2673
2005-11-30,0.02805359840951122,0.06812876506944264,187,996130,29,2005,2004,0.006269016401284,-0.006661824765979392,0.012930841167263393,0.012202408874372324,0.36421614644553435,267,267,2677
2005-12-31,0.057485885170882815,0.05505459846122202,187,996130,29,2005,2004,0.0714468805389003,0.04268949149778278,0.02875738904111752,0.028290388830956595,0.23350010508046354,267,267,2678
2006-01-31,-0.0029228589857362903,-0.001278774009201139,177,1041675,30,2006,2005,-0.013741448429128689,-0.007152113853901428,-0.006589334575227261,-0.008429874510601317,0.920269967687028,269,269,2693
2006-02-28,0.03666805787210245,0.03195879118756533,177,1041675,30,2006,2005,0.021582155637110058,0.030849775425035923,-0.009267619787925865,-0.010050762838326956,0.39157152520054606,270,270,2706
2006-03-31,0.01598394780527919,0.047257835819663585,177,1041675,30,2006,2005,0.013923995564388473,-0.002372345838404795,0.01629634140279327,0.015513895669252048,0.39122286677061074,271,271,2711
2006-04-30,-0.043739814370819766,-0.09631910402434739,177,1041675,30,2006,2005,-0.04924678016803637,-0.0398351386093393,-0.009411641558697073,-0.011204954867027703,0.8966566541653148,271,271,2717
2006-05-31,-0.009774008713264573,-0.006236913024325816,177,1041675,30,2006,2005,-0.0009298560070479514,-0.014545161858212727,0.013615305851164775,0.012807673076084557,0.40381638754010907,270,270,2709
2006-06-30,-0.036526954705341015,-0.07444942134603935,177,1041675,30,2006,2005,-0.028578910514634796,-0.01523168712245955,-0.013347223392175245,-0.014064418816137436,0.3585977119810949,269,269,2693
2006-07-31,0.023285705985197483,-0.010690245158316595,177,1041675,30,2006,2005,0.019517438881281712,0.02106531123412441,-0.0015478723528426983,-0.003095565828055853,0.7738467376065772,266,266,2667
2006-08-31,0.08225068994406486,0.07958572546884748,177,1041675,30,2006,2005,0.018282409835041827,-0.0019587879237140597,0.020241197758755887,0.019465206673596035,0.38799554257992597,266,266,2661
2006-09-30,0.02738445984634098,0.04602900600859899,177,1041675,30,2006,2005,0.0418072475965254,0.04563624113401488,-0.0038289935374894793,-0.004558006085740918,0.36450627412571895,267,267,2677
2006-10-31,0.025340816699987483,0.035077716804278854,177,1041675,30,2006,2005,0.032045615641823025,0.02861452571293164,0.0034310899288913857,0.0019413080858554645,0.7448909215179605,268,268,2687
2006-11-30,0.040703060158626236,0.01640650846625892,177,1041675,30,2006,2005,-0.0008470357491237412,-0.0013074088084642412,0.0004603730593405,-0.0003499133928714205,0.4051432261059602,269,269,2691
2006-12-31,0.062048678279395184,0.06865332232209416,177,1041675,30,2006,2005,0.03142447025490408,0.012566404510947805,0.018858065743956275,0.01812532653950507,0.3663696022256022,268,268,2687
2007-01-31,0.0944825382085804,0.07937331609650713,181,1086504,28,2007,2006,-0.0027590045147398274,-0.011809027919717049,0.009050023404977221,0.007280690443712401,0.8846664806324098,268,268,2681
2007-02-28,0.03504059498912088,0.05820784252079496,181,1086504,28,2007,2006,0.00855760279724297,-0.005334618090959134,0.013892220888202104,0.01338160276444255,0.25530906187977664,267,267,2679
2007-03-31,0.057838930795893966,0.10253602306687952,181,1086504,28,2007,2006,0.028430534678469895,0.017058754135234937,0.011371780543234958,0.010877135967824688,0.24732228770513506,267,267,2672
2007-04-30,0.057498279449652454,0.06790697278832954,181,1086504,28,2007,2006,0.04077901320795587,0.02177763921682299,0.01900137399113288,0.017402068573549083,0.7996527087918981,266,266,2665
2007-05-31,0.018972097800482833,0.04514110176902135,181,1086504,28,2007,2006,-0.01667174743970623,-0.02604130015923841,0.00936955271953218,0.008726984617593156,0.3212840509695122,266,266,2665
2007-06-30,0.009255478341227488,-0.0007181072413617119,181,1086504,28,2007,2006,-0.06408174965424843,-0.05106243766800361,-0.013019311986244814,-0.013430981705076091,0.20583485941563912,265,265,2654
2007-07-31,-0.05253772086545711,-0.08660624070286914,181,1086504,28,2007,2006,-0.021589478840992903,-0.002621941301839679,-0.01896753753915322,-0.020698612973785183,0.8655377173159807,263,263,2637
2007-08-31,-0.11990682228015531,-0.0812978715825933,181,1086504,28,2007,2006,0.007851145137141968,0.05375748908623312,-0.045906343949091155,-0.046581418872647225,0.33753746177803434,260,260,2604
2007-09-30,-0.01964100095177323,-0.003381731966575773,181,1086504,28,2007,2006,0.03586722454290149,0.030147218743478373,0.005720005799423118,0.00525355153118013,0.23322713412149437,259,259,2595
2007-10-31,0.012605601813598193,0.004457256778371768,181,1086504,28,2007,2006,-0.08000559109122389,-0.09030577165598339,0.010300180564759495,0.008909487077587805,0.695346743585845,258,258,2587
2007-11-30,-0.0017532880495385872,0.011385970839372426,181,1086504,28,2007,2006,-0.0269580220890315,-0.008236575042821116,-0.018721447046210385,-0.01948574478714002,0.38214887046481644,255,255,2553
2007-12-31,0.027928647402739423,0.0047708357354292975,181,1086504,28,2007,2006,-0.04197726091023188,-0.045373359408094616,0.0033960984978627373,0.002928778202506943,0.23366014767789722,255,255,2550
2008-01-31,0.030083487355137162,0.03908054293895427,55,1129984,27,2008,2007,-0.035057916056528804,-0.03943582223032323,0.004377906173794424,0.002527712878711874,0.925096647541275,252,252,2524
2008-02-29,-0.0066209469426835995,-0.018863827345918602,55,1129984,27,2008,2007,-0.04642670578725388,-0.03445181799505109,-0.011974887792202786,-0.012846344610513453,0.43572840915533373,250,250,2507
2008-03-31,0.01440990695396449,-0.006288174548810803,55,1129984,27,2008,2007,0.05695052390568742,0.03500913798638621,0.021941385919301205,0.021126232783025705,0.40757656813774934,247,247,2475
2008-04-30,0.03427554481619856,0.07190663930143826,55,1129984,27,2008,2007,0.04400520832279198,0.023665922772446203,0.020339285550345775,0.01880805052961353,0.7656175103661218,247,247,2470
2008-05-31,0.02263869055001139,0.03438538909941671,55,1129984,27,2008,2007,-0.10856961551990472,-0.11232437072215593,0.0037547552022512004,0.003012835773253546,0.37095971449882725,247,247,2472
2008-06-30,0.05053737604198776,0.06102751883276492,55,1129984,27,2008,2007,0.015608032847692915,0.0014476460547046266,0.014160386792988288,0.013318723858845267,0.42083146707151076,241,241,2417
2008-07-31,0.09518830360223154,0.07822192743673502,55,1129984,27,2008,2007,0.03173999313297328,0.015341933543053146,0.016398059589920133,0.014737402484757318,0.8303285525814079,241,241,2413
2008-08-31,-0.052613897283354014,-0.07987908898885884,55,1129984,27,2008,2007,-0.1160879659530184,-0.09067652304634453,-0.025411442906673867,-0.026021539175634784,0.3050481344804584,240,240,2404
2008-09-30,-0.0348606824141543,-0.05407569343280476,55,1129984,27,2008,2007,-0.22303572384979065,-0.2165734948793463,-0.00646222897044435,-0.00727232191032624,0.40504646994094484,234,234,2345
2008-10-31,-0.08285277654129837,-0.0839652902237993,55,1129984,27,2008,2007,-0.14171999792809065,-0.11980082331796534,-0.02191917461012531,-0.023703284691232243,0.8920550405534662,215,215,2152
2008-11-30,0.11286885677945702,0.12437892468096182,55,1129984,27,2008,2007,0.09915711038544388,0.037482464743113036,0.06167464564233084,0.060482934902886316,0.5958553697222642,200,200,2006
2008-12-31,0.03464081431077164,0.04284623446070753,55,1129984,27,2008,2007,-0.08430302989622077,-0.12575302932258842,0.04144999942636765,0.040603264828202465,0.4233672990825936,201,201,2012
2009-01-31,-0.013650712199366463,-0.017133893990536882,34,1171942,27,2009,2008,-0.10439037806573419,-0.10990529592786091,0.005514917862126725,0.003839485416546283,0.8377162227902213,194,194,1943
2009-02-28,0.08272562362527612,0.1096611785143985,34,1171942,27,2009,2008,0.10721432383634574,0.08482695481882535,0.022387369017520392,0.021333129487877363,0.5271197648215155,184,184,1845
2009-03-31,0.24283456638109646,0.2553016232045528,34,1171942,27,2009,2008,0.228344076011956,0.0865082556673065,0.1418358203446495,0.14098233837187457,0.42674098638747016,189,189,1895
2009-04-30,0.09973723297652208,0.11857511870176601,34,1171942,27,2009,2008,0.08159840339891317,0.0461325798014741,0.035465823597439064,0.03355334807255686,0.9562377624411009,201,201,2015
2009-05-31,0.07169932567106906,0.031432207620321936,34,1171942,27,2009,2008,-0.002798090448502249,-0.02973189676691626,0.02693380631841401,0.02620681496994241,0.3634956742358012,206,206,2068
2009-06-30,0.14791303255148308,0.14471231019914255,34,1171942,27,2009,2008,0.12391656024297189,0.09304230133999787,0.030874258902974017,0.03034835747502522,0.262950713974399,208,208,2080
2009-07-31,0.11756608293963945,0.11270322955667891,34,1171942,27,2009,2008,0.06706882651040597,0.040094341897164834,0.02697448461324113,0.025569754758324424,0.7023649274583544,211,211,2117
2009-08-31,0.11941086988163324,0.10769462510676825,34,1171942,27,2009,2008,0.08331550165230839,0.05774123638912326,0.025574265263185125,0.024941975227598112,0.31614501779350657,215,215,2159
2009-09-30,0.05326012084716817,0.03019521058562814,34,1171942,27,2009,2008,-0.047904962523190604,-0.07254985593969691,0.02464489341650631,0.023919351053962534,0.362771181271888,217,217,2174
2009-10-31,0.0337607139914786,0.01836219674681278,34,1171942,27,2009,2008,0.05558211108847333,0.07318106710216181,-0.01759895601368848,-0.0189788649928088,0.6899544895601593,212,212,2127
2009-11-30,0.10842472296410031,0.09398996118513314,34,1171942,27,2009,2008,0.08143647369643969,0.049913091176831695,0.031523382519608,0.030800036181896005,0.3616731688559968,212,212,2125
2009-12-31,0.003692797361912458,0.0036618162868312554,34,1171942,27,2009,2008,-0.02056989122663138,-0.015861955918063966,-0.004707935308567415,-0.005233932332710066,0.26299851207132596,215,215,2151
2010-01-31,0.09641488162176641,0.07798121774362216,84,1212448,24,2010,2009,0.07783204861947943,0.048163428508775835,0.029668620110703592,0.027826488341288102,0.9210658847077451,216,216,2160
2010-02-28,0.03582846035628973,0.05842120574401616,84,1212448,24,2010,2009,0.09017117037818106,0.06801996786182635,0.022151202516354718,0.021534859349636077,0.30817158335931993,217,217,2172
2010-03-31,0.0783806900743674,0.05168482668407594,84,1212448,24,2010,2009,0.04380133774439541,0.042497494616079386,0.0013038431283160234,0.0006220147314759274,0.340914198420048,222,222,2229
2010-04-30,0.0015018585044726158,-0.014523848039561646,84,1212448,24,2010,2009,-0.07471922685854915,-0.08587260512878414,0.011153378270234993,0.009535192701455435,0.8090927843897786,227,227,2273
2010-05-31,-0.13684165978029483,-0.16014796978294438,84,1212448,24,2010,2009,-0.09066964843784439,-0.048634094947440025,-0.042035553490404366,-0.04268569118940573,0.32506884950068193,222,222,2223
2010-06-30,0.11571630760573479,0.09972602805985208,84,1212448,24,2010,2009,0.07665653896765706,0.06097938832049536,0.0156771506471617,0.015186287688837273,0.2454314791622132,218,218,2180
2010-07-31,-0.13180054754476836,-0.15158470083957012,84,1212448,24,2010,2009,-0.08128885284056944,-0.024210269339804264,-0.05707858350076518,-0.05865090638077487,0.7861614400048442,219,219,2196
2010-08-31,0.18746557288330662,0.24125915886536822,84,1212448,24,2010,2009,0.14998086150346285,0.07737321976992545,0.0726076417335374,0.0720490690466165,0.279286343460452,215,215,2153
2010-09-30,0.012077796461308252,0.055642922536928985,84,1212448,24,2010,2009,0.050230187835646575,0.03683823840976967,0.013391949425876903,0.012807554704747764,0.29219736056456924,219,219,2196
2010-10-31,0.054164979330010216,0.07964500895209009,84,1212448,24,2010,2009,0.040463133438952664,0.016053293213831584,0.02440984022512108,0.023197977795484735,0.6059312148181717,222,222,2220
2010-11-30,0.041387518119085365,0.043763852234758906,84,1212448,24,2010,2009,0.07447963338112665,0.06657904011427843,0.007900593266848221,0.0072629716081465566,0.31881082935083255,222,222,2225
2010-12-31,0.008745496247472853,-0.004640200202989958,84,1212448,24,2010,2009,0.004271187685264452,0.00296574477503065,0.001305442910233802,0.0007893617143576613,0.2580405979380703,224,224,2249
2011-01-31,0.014918338751892439,0.020709578368875933,67,1252420,23,2011,2010,0.05106249645868561,0.052977373734722055,-0.001914877276036446,-0.0032719496739702786,0.6785361989669164,226,226,2269
2011-02-28,-0.045984651165845596,-0.014891441665053925,67,1252420,23,2011,2010,0.012109390697965659,0.020590278125573628,-0.00848088742760797,-0.009054554883796063,0.2868337280940471,227,227,2271
2011-03-31,0.0003760539668013601,-0.0006700723732183213,67,1252420,23,2011,2010,0.04884268721790586,0.021835441923045096,0.027007245294860767,0.026592806083043964,0.20721960590840122,225,225,2254
2011-04-30,0.02043688554951151,0.004495096024904204,67,1252420,23,2011,2010,-0.004020886778770377,-0.021705777223390253,0.017684890444619877,0.016123251914008912,0.7808192653054833,226,226,2265
2011-05-31,0.034203130303475694,0.018605541252066593,67,1252420,23,2011,2010,-0.021703951079789875,-0.029011508686770104,0.007307557606980229,0.006776992862324714,0.2652823723277575,225,225,2253
2011-06-30,-0.005122083039890811,-0.028906940473420614,67,1252420,23,2011,2010,-0.04996386488814555,-0.020643297815513592,-0.029320567072631955,-0.029725361061014453,0.20239699419124949,222,222,2229
2011-07-31,-0.028083015562569723,-0.06677762532637915,67,1252420,23,2011,2010,-0.08024230334839122,-0.06591219207867155,-0.01433011126971967,-0.01582431549368407,0.7471021119822017,221,221,2215
2011-08-31,0.017435360739829497,0.009845291260483661,67,1252420,23,2011,2010,-0.10796383602709875,-0.12367163090533217,0.015707794878233428,0.01506065458431145,0.3235701469609888,216,216,2165
2011-09-30,0.08452900410247015,0.12781178980192878,67,1252420,23,2011,2010,0.1744910551117487,0.14889572164467407,0.025595333467074627,0.024934287740738005,0.33052286316831114,210,210,2107
2011-10-31,-0.005530953702244844,-0.009964088115629273,67,1252420,23,2011,2010,-0.031307484617653335,-0.009494729166352385,-0.02181275545130095,-0.02345602666550274,0.8216356071008946,216,216,2161
2011-11-30,0.03911612188422655,0.005117247358429891,67,1252420,23,2011,2010,-0.0004534637937567889,-0.015637558664752936,0.015184094870996147,0.0145359051411581,0.3240948649190234,214,214,2141
2011-12-31,0.11592775340579739,0.12107265509927682,67,1252420,23,2011,2010,0.10209932573749239,0.07359748074235731,0.028501844995135084,0.02806682607159883,0.21750946176812727,214,214,2140
2012-01-31,0.07165891603287872,0.0739489446313785,63,1291852,24,2012,2011,0.056611668738089316,0.0320685179690511,0.024543150769038215,0.022897119412500576,0.8230156782688192,218,218,2183
2012-02-29,0.08743309253278803,0.07710026294892604,63,1291852,24,2012,2011,0.014678953449056889,0.007423493759257518,0.007255459689799371,0.006674482726007861,0.2904884818957547,219,219,2194
2012-03-31,-0.0667688123266495,-0.12444996330702197,63,1291852,24,2012,2011,-0.023584982744741585,0.01410461331624481,-0.037689596060986395,-0.03820962224562261,0.26001309231810743,221,221,2211
2012-04-30,0.001782596802596036,-0.017429456079407244,63,1291852,24,2012,2011,-0.08814744880369824,-0.06375225073300919,-0.024395198070689045,-0.02592397361793796,0.7643877736244571,222,222,2220
2012-05-31,0.03818224668000328,0.006012163847610774,63,1291852,24,2012,2011,0.03075181331449842,0.03251041526347495,-0.0017586019489765313,-0.002459676606123467,0.35053732857346787,219,219,2190
2012-06-30,-0.040638230054935776,-0.037246237041227724,63,1291852,24,2012,2011,-0.02280264764415159,0.012441322068144103,-0.035243969712295695,-0.03573728636067672,0.2466583241905117,220,220,2201
2012-07-31,0.04663167415892335,0.0363638645141937,63,1291852,24,2012,2011,0.04629900344108043,0.032450764760335565,0.013848238680744862,0.012364425765300422,0.7419064577222199,219,219,2193
2012-08-31,0.00022516663813806014,0.0038428986028573773,63,1291852,24,2012,2011,0.014137371556283758,0.020734904426171326,-0.006597532869887568,-0.007117560733295732,0.26001393170408194,219,219,2197
2012-09-30,-0.00810188245063405,-0.019863339529464268,63,1291852,24,2012,2011,-0.007887112301982042,-0.01508958636465458,0.007202474062672538,0.006682406491701941,0.260033785485298,221,221,2216
2012-10-31,0.09694511306200616,0.10345563576685698,63,1291852,24,2012,2011,0.03232115025185492,-0.0020902328364082487,0.034411383088263164,0.03287672359102289,0.7673297486201394,221,221,2214
2012-11-30,0.0709752375819178,0.07131792225950197,63,1291852,24,2012,2011,0.03914107106805221,0.01865549825875313,0.02048557280929908,0.020028558472292856,0.22850716850311217,220,220,2204
2012-12-31,0.042192094249281865,0.016552440005898856,63,1291852,24,2012,2011,0.08555368884719561,0.059346863830516315,0.026206825016679293,0.02575401704855084,0.22640398406422618,220,220,2200
2013-01-31,0.01596972585166057,0.0294907863331752,74,1331168,23,2013,2012,0.021555798292002364,-0.0012245376385339101,0.022780335930536275,0.021050358039636625,0.864988945449825,223,223,2234
2013-02-28,0.020844531933218557,0.041329810264287795,74,1331168,23,2013,2012,0.05817640459980793,0.03898404689401298,0.019192357705794943,0.018639831937984973,0.2762628839049857,223,223,2232
2013-03-31,0.07242002340978644,0.015323875024520995,74,1331168,23,2013,2012,0.01820822284435857,0.017866819649264593,0.00034140319509397624,-0.00012106730393895401,0.23123524951646512,224,224,2240
2013-04-30,0.14762056233206453,0.16843408723327327,74,1331168,23,2013,2012,0.06272492363835305,0.01325388963473468,0.049471034003618373,0.04778482541927267,0.8431042921728531,224,224,2240
2013-05-31,0.04671148572056156,0.07884614645791581,74,1331168,23,2013,2012,-0.01374489957222653,-0.003263239042418881,-0.01048166052980765,-0.011096786014208423,0.30756274220038704,225,225,2254
2013-06-30,0.1128415748248035,0.1522187794712193,74,1331168,23,2013,2012,0.07868080914379197,0.05037658181806171,0.028304227325730257,0.02782140970375519,0.24140881098753303,225,225,2254
2013-07-31,0.018624190562180933,0.006821789343032875,74,1331168,23,2013,2012,-0.029081316375995075,-0.016631855774650785,-0.01244946060134429,-0.013890919658099063,0.7207295283773865,227,227,2273
2013-08-31,-0.015129053344215295,-0.027665454724525654,74,1331168,23,2013,2012,0.03640272816734971,0.048713025066245655,-0.012310296898895942,-0.012785814125378667,0.23775861324136266,226,226,2269
2013-09-30,0.12757861755007915,0.0847164068427309,74,1331168,23,2013,2012,0.04917196840894865,0.009239078690964738,0.03993288971798391,0.03954194899403288,0.1954703619755152,229,229,2293
2013-10-31,0.09294783136953019,0.1204936363944644,74,1331168,23,2013,2012,0.04602896903482215,0.008336229294926523,0.03769273973989563,0.03630870399401214,0.6920178729417412,229,229,2290
2013-11-30,0.00945725277482326,0.03613173275690134,74,1331168,23,2013,2012,0.024218853514663456,0.03254347269505905,-0.008324619180395593,-0.008883239349209485,0.27931008440694616,229,229,2298
2013-12-31,-0.08115845923308396,-0.04759002795558355,74,1331168,23,2013,2012,-0.026569750238960493,0.016759446084627778,-0.04332919632358827,-0.043861494666609456,0.26614917151059514,231,231,2310
2014-01-31,-0.008679913129647868,-0.014891373240182668,71,1370053,24,2014,2013,0.05545715848355588,0.051365099800297964,0.004092058683257918,0.0025470387206150183,0.7725099813214499,232,232,2320
2014-02-28,0.14402124018973134,0.13478019208535014,71,1370053,24,2014,2013,0.020974848029602734,-0.040575452626166617,0.06155030065576935,0.06095231093563337,0.29899486006799103,232,232,2321
2014-03-31,0.10089169349056266,0.04078821923108449,71,1370053,24,2014,2013,-0.014044325961673083,-0.04045168987730004,0.026407363915626952,0.025927789058295337,0.23978742866580727,232,232,2321
2014-04-30,0.03590119274111544,0.0129501569625028,71,1370053,24,2014,2013,0.011708375954001564,0.01935578793547759,-0.007647411981476027,-0.009203371612233533,0.7779798153787527,231,231,2311
2014-05-31,-0.07825625994655656,-0.057475159976065004,71,1370053,24,2014,2013,0.046798115142115744,0.057010845240331495,-0.010212730098215751,-0.010727483710442954,0.25737680611360114,231,231,2313
2014-06-30,0.07132152008616562,0.054523274319983855,71,1370053,24,2014,2013,-0.025649549829262073,-0.041715745691509674,0.0160661958622476,0.015571811781884624,0.24719204018148877,233,233,2333
2014-07-31,0.05611234112287931,0.03635260708275706,71,1370053,24,2014,2013,0.052310379019452666,0.05471632832974466,-0.002405949310291991,-0.00393794822388133,0.7659994567946695,232,232,2329
2014-08-31,0.035680089515152946,0.04277221805334145,71,1370053,24,2014,2013,-0.04313114491851433,-0.047358389307823254,0.004227244389308923,0.0036870277346834337,0.27010832731274487,233,233,2338
2014-09-30,0.04095542343794916,0.0245838608890663,71,1370053,24,2014,2013,0.014444510653474327,0.014447285524819536,-2.7748713452083185e-06,-0.0005507720997791194,0.27399861421695554,232,232,2325
2014-10-31,0.07113220424531397,0.04947047544975905,71,1370053,24,2014,2013,0.018382134112143834,-0.0012563918793508824,0.019638525991494717,0.018100244531204616,0.76914073014505,232,232,2325
2014-11-30,0.011397153542513087,0.018564307508817934,71,1370053,24,2014,2013,-0.0003589843935797592,0.009468042379352566,-0.009827026772932325,-0.010385103918327048,0.27903857269736126,232,232,2329
2014-12-31,-0.033580227277867566,-0.07662455630487967,71,1370053,24,2014,2013,-0.03378474688476465,-0.013576465763315075,-0.020208281121449574,-0.02065594409098062,0.22383148476552428,231,231,2318
2015-01-31,0.013906268046374024,0.05079582661045487,105,1409179,23,2015,2014,0.06626961858809742,0.06605380191487381,0.00021581667322360942,-0.0019027510221903327,1.059283847706971,230,230,2305
2015-02-28,-0.04102652196053271,-0.03586868417501087,105,1409179,23,2015,2014,-0.0042699071854119496,0.00616293858383719,-0.01043284576924914,-0.010988081285671775,0.27761775821131723,230,230,2304
2015-03-31,0.10726897327244224,0.10071739807716264,105,1409179,23,2015,2014,0.027615815983165093,-0.015345728389192084,0.04296154437235718,0.04242765263028212,0.26694587103752787,230,230,2301
2015-04-30,-0.029116672151120744,-0.01848134568180396,105,1409179,23,2015,2014,0.018633911669729393,0.024601204083918943,-0.00596729241418955,-0.007794981642600521,0.9138446142054855,230,230,2305
2015-05-31,-0.014308885055717284,-0.005161239950938846,105,1409179,23,2015,2014,-0.030698688206571387,-0.010212381967490173,-0.020486306239081216,-0.021089888574381772,0.3017911676502787,230,230,2305
2015-06-30,-0.09060950349992267,-0.08140920969319164,105,1409179,23,2015,2014,-0.03829225818146868,0.0006661337926984262,-0.03895839197416711,-0.03954893145429826,0.29526974006557594,230,230,2307
2015-07-31,0.07499916105333199,0.041312068557706035,105,1409179,23,2015,2014,-0.04932798835641193,-0.06743532060939064,0.01810733225297871,0.01621150440105909,0.947913925959811,228,228,2281
2015-08-31,0.0067316970394228895,-0.01625819875085476,105,1409179,23,2015,2014,-0.05946681161227246,-0.07309333398949176,0.0136265223772193,0.013179547631458321,0.22348737288048937,227,227,2272
2015-09-30,0.05108762028597411,0.03167605868076502,105,1409179,23,2015,2014,0.06086111957525065,0.06089302404930648,-3.190447405582858e-05,-0.0004602441745623735,0.21416985025327245,224,224,2248
2015-10-31,-0.05559305792055222,-0.03664003331838952,105,1409179,23,2015,2014,-0.006915733065035868,0.009445894371641065,-0.016361627436676934,-0.01824936701014889,0.9438697867359778,225,225,2257
2015-11-30,-0.029015192464449235,-0.04474385581890732,105,1409179,23,2015,2014,-0.058723885829987485,-0.031785493020267536,-0.02693839280971995,-0.027691082772534535,0.3763449814072931,225,225,2253
2015-12-31,0.0403441543473524,0.0001899491454658968,105,1409179,23,2015,2014,-0.09610395993575463,-0.09415538756238137,-0.0019485723733732585,-0.0024823797288556645,0.26690367774120294,222,222,2227
2016-01-31,0.1063824736249034,0.10834095094426754,95,1448076,24,2016,2015,0.03076342941713185,-0.0045059824553959574,0.03526941187252781,0.03376543522296476,0.7519883247815231,218,218,2185
2016-02-29,0.05930562522061032,0.031139539897072868,95,1448076,24,2016,2015,0.10576549011798345,0.07922839024587952,0.026537099872103925,0.025989883955893543,0.27360795810519056,218,218,2180
2016-03-31,0.04032706130120201,-0.004625823594212241,95,1448076,24,2016,2015,0.0058379566130850324,0.028896455181679687,-0.023058498568594654,-0.023582380059294316,0.26194074534983014,219,219,2193
2016-04-30,-0.0652051540289783,-0.06105057775293447,95,1448076,24,2016,2015,-0.009713850042220406,0.029610451078902728,-0.03932430112112313,-0.041024428678646196,0.8500637787615308,220,220,2201
2016-05-31,-0.023813980445441252,-0.049028925339880305,95,1448076,24,2016,2015,-0.028416745075956134,0.01141503099442957,-0.039831776070385704,-0.04032260776629097,0.24541584795263566,219,219,2193
2016-06-30,0.07971573956781539,0.0889028611629971,95,1448076,24,2016,2015,0.0755782317320719,0.04084157424269839,0.03473665748937351,0.03431626633808488,0.21019557564431793,219,219,2194
2016-07-31,0.0549589038028918,0.0196916642552737,95,1448076,24,2016,2015,0.014803841252387163,-0.000679442008344734,0.015483283260731897,0.013818794192206696,0.8322445342626008,220,220,2206
2016-08-31,-0.01121042477439114,0.04350853189539297,95,1448076,24,2016,2015,0.013877400796818927,0.006465209077526329,0.007412191719292598,0.006896431695450251,0.2578800119211734,219,219,2191
2016-09-30,0.011515996844208006,-0.0024513210834051706,95,1448076,24,2016,2015,-0.01397752824447887,-0.03169278344570923,0.017715255201230358,0.017256200761446783,0.22952721989178698,219,219,2191
2016-10-31,0.09540483871669103,0.11672678923611216,95,1448076,24,2016,2015,0.11265045081089284,0.04336486732765238,0.06928558348324046,0.06763803415490853,0.8237746641659627,218,218,2183
2016-11-30,0.013220176353220078,-0.040313014349922335,95,1448076,24,2016,2015,0.01657106255893605,0.025587353092313646,-0.009016290533377595,-0.009802885600338871,0.39329753348063845,219,219,2192
2016-12-31,0.017489100237814897,0.04055835161183641,95,1448076,24,2016,2015,0.03998376289659666,0.024158180505091643,0.015825582391505014,0.015435668086406281,0.19495715254936638,218,218,2189
2017-01-31,-0.07873684242606271,-0.08974199386644519,47,1485697,22,2017,2016,0.006127099868505039,0.026930247349738028,-0.02080314748123299,-0.022725024452043503,0.9609384854052565,220,220,2200
2017-02-28,0.0438123471401381,0.04434758019526089,47,1485697,22,2017,2016,-0.00885188036388737,-0.013088490525635042,0.004236610161747673,0.003689722657575201,0.2734437520862357,219,219,2196
2017-03-31,0.04241890568890971,0.022643105166822938,47,1485697,22,2017,2016,-0.0005114127759347949,0.0011007517484076489,-0.0016121645243424437,-0.0019277666133310663,0.15780104449431126,218,218,2186
2017-04-30,-0.023583755703643485,-0.006584448104410932,47,1485697,22,2017,2016,-0.024477236609958514,-0.011671415580934416,-0.012805821029024098,-0.01424785528079065,0.7210171258832763,218,218,2181
2017-05-31,-0.0015122576102988988,-0.03335846004855883,47,1485697,22,2017,2016,0.024377217843855492,0.021777161548099236,0.002600056295756256,0.0020509844883916696,0.2745359036822932,217,217,2170
2017-06-30,0.01702799314826117,0.024995548007425077,47,1485697,22,2017,2016,0.018235124094792908,0.01020664487277137,0.008028479222021538,0.007669359204366944,0.17956000882729695,216,216,2169
2017-07-31,-0.03208560866131151,-0.0032543074814109186,47,1485697,22,2017,2016,-0.02088504920009553,-0.0032107463378878397,-0.01767430286220769,-0.019503059501432572,0.9143783196124412,216,216,2165
2017-08-31,0.09775447372129883,0.09138873745651846,47,1485697,22,2017,2016,0.062237483443165556,0.02497115961556803,0.03726632382759752,0.03678333811963171,0.24149285398290293,214,214,2147
2017-09-30,-0.046462528750525506,0.0004199542335814978,47,1485697,22,2017,2016,-0.0045785130897912606,0.0016590882749500655,-0.006237601364741326,-0.006675877979592405,0.21913830742553916,214,214,2146
2017-10-31,0.11472578355028443,0.04778632063752423,47,1485697,22,2017,2016,0.05572366438526981,0.009280215948973332,0.046443448436296476,0.04485956222423272,0.7919431060318769,213,213,2137
2017-11-30,0.09368189556171425,0.13740253879043027,47,1485697,22,2017,2016,0.02977722011787208,-0.003008734532201827,0.03278595465007391,0.032240886675342195,0.2725339873658582,214,214,2147
2017-12-31,0.060063936743438406,0.11101170431677075,47,1485697,22,2017,2016,0.05092517037442098,0.022719066098179672,0.028206104276241307,0.02777925870403623,0.21342278610253895,214,214,2145
2018-01-31,-0.01152320686386725,-0.019147784169752404,20,1522272,20,2018,2017,-0.041372482478172906,-0.04033859745904504,-0.0010338850191278642,-0.002837713902219774,0.901914441545955,214,214,2146
2018-02-28,-0.007910693415853251,-0.06426341684617373,20,1522272,20,2018,2017,-0.007588640191909151,-0.0005202392254489649,-0.007068400966460186,-0.007560477438750433,0.24603823614512343,214,214,2141
2018-03-31,0.025776119465678458,0.014329283844437343,20,1522272,20,2018,2017,0.017493723056429662,0.00920005805888892,0.008293664997540742,0.007870764890782929,0.21145005337890688,212,212,2128
2018-04-30,0.0018328940462602522,-0.0364660832367212,20,1522272,20,2018,2017,0.03333870674349795,0.03570393090855794,-0.0023652241650599856,-0.0037175629117856593,0.6761693733628369,213,213,2136
2018-05-31,0.0317440089310864,-0.01577380364789221,20,1522272,20,2018,2017,0.007686825987811754,-0.0013578611489623625,0.009044687136774116,0.008552395869889238,0.2461456334424385,214,214,2141
2018-06-30,0.04246946157521583,0.05605846793949946,20,1522272,20,2018,2017,0.015082821395962282,0.004254900673276137,0.010827920722686145,0.010472318242417015,0.17780124013456522,213,213,2137
2018-07-31,-0.02689019776939901,-0.03975723410792918,20,1522272,20,2018,2017,0.0005048906836769501,0.03318373700865006,-0.03267884632497311,-0.03417991248962949,0.7505330823281892,212,212,2128
2018-08-31,0.020567849458994054,0.023834939816701064,20,1522272,20,2018,2017,-0.015707453932865257,-0.013213351336513687,-0.0024941025963515703,-0.0029642865774795954,0.2350919905640126,212,212,2121
2018-09-30,0.053342593508407095,0.005320515568234367,20,1522272,20,2018,2017,-0.07977024919151335,-0.09013108146915105,0.010360832277637705,0.009940865576197909,0.20998335071989815,211,211,2117
2018-10-31,-0.05564577961798481,-0.04796580665315868,20,1522272,20,2018,2017,0.00937980452150872,0.016943872562069036,-0.007564068040560316,-0.008842724732391768,0.6393283459157268,208,208,2085
2018-11-30,-0.06065950840950558,-0.07989708702935552,20,1522272,20,2018,2017,-0.11897268658536725,-0.10059445223089886,-0.018378234354468392,-0.018881082590087177,0.251424117809393,206,206,2064
2018-12-31,0.08958346958885514,0.11401724374359537,20,1522272,20,2018,2017,0.12970363892458486,0.11174045510673489,0.017963183817849976,0.01729973160598947,0.331726105930254,202,202,2021
2019-01-31,-0.020116242530828145,-0.0243567433601317,22,1558016,16,2019,2018,0.033039767441330525,0.039064399954013236,-0.006024632512682711,-0.007442860779070926,0.7091141331941075,204,204,2045
2019-02-28,-0.09683259689914088,-0.0934256252701234,22,1558016,16,2019,2018,-0.027852932158133684,-0.005447678176746924,-0.02240525398138676,-0.022812621806847403,0.2036839127303209,204,204,2045
2019-03-31,-0.0026535002184784576,0.01571562232237498,22,1558016,16,2019,2018,0.042548869655078064,0.024485395392922733,0.01806347426215533,0.01769969732390188,0.18188846912672532,204,204,2041
2019-04-30,-0.2666886840850838,-0.2633077380071631,22,1558016,16,2019,2018,-0.14924299336605423,-0.04815748219076035,-0.10108551117529388,-0.10217942953238553,0.5469591785458207,203,203,2038
2019-05-31,0.08275064377418373,0.1360348956373013,22,1558016,16,2019,2018,0.09874715524580982,0.04484136307947678,0.05390579216633304,0.05331711139825513,0.2943403840389546,201,201,2013
2019-06-30,-0.062410980005751904,-0.08083113995397109,22,1558016,16,2019,2018,-0.008802086445476316,0.0151003856803314,-0.023902472125807716,-0.024402542366726985,0.2500351204596343,202,202,2022
2019-07-31,-0.21918884681933568,-0.22117433978226675,22,1558016,16,2019,2018,-0.10549349469330274,-0.03790462674897445,-0.06758886794432829,-0.06854771627937509,0.4794241675233947,201,201,2014
2019-08-31,0.2059350831300723,0.1949545458044207,22,1558016,16,2019,2018,0.06361953222917807,0.008448041898752019,0.05517149033042605,0.05464019992028222,0.26564520507191675,199,199,1996
2019-09-30,-0.0943078469184243,-0.04768222812074285,22,1558016,16,2019,2018,0.00543634517814991,0.027325954573118413,-0.021889609394968503,-0.02233958902013614,0.224989812583818,198,198,1989
2019-10-31,-0.03071914416950345,0.0435100046753666,22,1558016,16,2019,2018,0.029232561023510115,0.04486892965145777,-0.015636368627947657,-0.016446056759185923,0.40484406561913355,197,197,1979
2019-11-30,0.08441120882905485,0.08423068724260227,22,1558016,16,2019,2018,0.057967924117956864,0.02780038216107429,0.030167541956882572,0.029696098315694114,0.2357218205942293,196,196,1965
2019-12-31,-0.2316356396256319,-0.21935910319989602,22,1558016,16,2019,2018,-0.0656774996459172,-0.012173862276457656,-0.05350363736945954,-0.05404862765903999,0.27249514479022746,197,197,1976
2020-01-31,-0.09889637371574798,-0.13152087490579778,21,1592372,14,2020,2019,-0.12474388404022244,-0.08545216813290087,-0.03929171590732157,-0.04044797467452585,0.5781293836021384,196,196,1961
2020-02-29,-0.1365845641052609,-0.13114808815298748,21,1592372,14,2020,2019,-0.3133640195006363,-0.24149227640522827,-0.07187174309540803,-0.07239936930370955,0.2638131041507625,193,193,1937
2020-03-31,0.22406331059318557,0.17657342403409435,21,1592372,14,2020,2019,0.2243453383919219,0.136432917035905,0.0879124213560169,0.08677590122417779,0.5682600659195558,180,180,1802
2020-04-30,0.051416246486219765,-0.014164630002959464,21,1592372,14,2020,2019,0.027783760601157045,0.059046442296674294,-0.03126268169551725,-0.032384503803454534,0.5609110539686437,186,186,1861
2020-05-31,0.0668945728886164,0.0767970968146577,21,1592372,14,2020,2019,0.06497181720618875,0.02623702088668096,0.03873479631950778,0.03822548326884159,0.25465652533309624,186,186,1869
2020-06-30,-0.03348372497844175,-0.061843394012854415,21,1592372,14,2020,2019,0.02102621050286867,0.04542169066412119,-0.02439548016125252,-0.024894362998977276,0.249441418862378,187,187,1879
2020-07-31,0.12427656358689053,0.1440349237346265,21,1592372,14,2020,2019,0.07888469356009514,0.05232741022182932,0.026557283338265826,0.025424758685210415,0.5662623265277047,188,188,1881
2020-08-31,-0.08302947164385253,-0.11298590357080422,21,1592372,14,2020,2019,-0.06038912512439977,-0.008178594926644628,-0.052210530197755144,-0.05279458210121288,0.2920259517288658,190,190,1909
2020-09-30,0.04809085490623364,0.07052253234783515,21,1592372,14,2020,2019,0.011438369207114487,0.0064385910639902,0.0049997781431242875,0.0044716711155389265,0.2640535137926804,189,189,1898
2020-10-31,0.22338562887389915,0.20487239186033004,21,1592372,14,2020,2019,0.24554558819092034,0.11906843268907841,0.12647715550184194,0.12524397714232866,0.6165891797566442,189,189,1893
2020-11-30,0.017301683326030493,0.027971948218926426,21,1592372,14,2020,2019,0.07469723390730525,0.07072155770330009,0.003975676204005157,0.0030997409132264894,0.43796764538933414,195,195,1953
2020-12-31,0.10389041205311168,0.15089804073920973,21,1592372,14,2020,2019,0.050265273497086316,0.003858807003469132,0.04640646649361718,0.045895287566510255,0.25558946355346207,196,196,1967
2021-01-31,0.1572426297943804,0.13554399579402532,27,1625726,12,2021,2020,0.13102804081808106,0.08443964933802356,0.0465883914800575,0.04540371482147189,0.5923383292928066,200,200,2005
2021-02-28,0.18204526143066602,0.19092256336031665,27,1625726,12,2021,2020,0.07332138083559708,-0.003988717883247357,0.07731009871884444,0.07671827154483357,0.29591358700543174,203,203,2033
2021-03-31,-0.004296676076819749,-0.06100296848183792,27,1625726,12,2021,2020,0.03464673396991765,0.027622749527322417,0.007023984442595235,0.0064992322129001755,0.26237611484752965,205,205,2054
2021-04-30,0.23174068105007373,0.2226885871401899,27,1625726,12,2021,2020,0.06827521138541595,-0.00033917690698469574,0.06861438829240064,0.06752043929741414,0.5469744974932531,207,207,2075
2021-05-31,-0.0023351946529707977,-0.06133299498442043,27,1625726,12,2021,2020,-0.005905135852159133,0.0037362168304400315,-0.009641352682599164,-0.010091879083381897,0.22526320039136694,209,209,2094
2021-06-30,-0.023212085089311302,-0.0646497794726959,27,1625726,12,2021,2020,-0.02552959521560973,-0.030829773932414883,0.005300178716805153,0.004764538551454059,0.2678200826755469,211,211,2112
2021-07-31,0.009791428032271668,-0.006430303389477733,27,1625726,12,2021,2020,0.03422542813901007,0.028441988148008066,0.005783439991002004,0.004555042925300529,0.6141985328507376,210,210,2105
2021-08-31,0.1372722666005367,0.13360556176172747,27,1625726,12,2021,2020,7.37470669656948e-05,-0.034989690654906806,0.0350634377218725,0.03459842757464781,0.23250507361234735,210,210,2102
2021-09-30,-0.09675824136235994,-0.106464247673861,27,1625726,12,2021,2020,0.0254283469173831,0.05974580484061106,-0.03431745792322796,-0.03484461953100797,0.2635808038900014,210,210,2101
2021-10-31,0.08044823724503448,0.07621325673974917,27,1625726,12,2021,2020,-0.016433134258080496,-0.062178354953347684,0.04574522069526719,0.04450556848666811,0.6198261042995381,210,210,2101
2021-11-30,0.03841080418379157,-0.02699457838366164,27,1625726,12,2021,2020,0.05205334634328895,0.036086285300885174,0.01596706104240378,0.015387578353469307,0.28974134446723643,209,209,2092
2021-12-31,0.22033893844688401,0.27469445566500533,27,1625726,12,2021,2020,0.009299655927886548,-0.06858049034510295,0.0778801462729895,0.07742241820193342,0.22886403552804113,210,210,2109
2022-01-31,0.062351371748064294,0.07908244338590525,49,1659882,13,2022,2021,0.006255506286197766,-0.003502661284584185,0.009758167570781951,0.008574783129737803,0.5916922205220746,211,211,2112
2022-02-28,-0.03529204656549972,-0.07613867880859676,49,1659882,13,2022,2021,0.020281577245960372,0.033348658911781286,-0.013067081665820914,-0.013500203826064854,0.21656108012196998,211,211,2111
2022-03-31,0.07814668946793084,0.08210709986043542,49,1659882,13,2022,2021,-0.062217332060777036,-0.09810274904178248,0.03588541698100545,0.03535617086748222,0.264623056761615,211,211,2116
2022-04-30,0.10594542768494125,0.15931366275013556,49,1659882,13,2022,2021,0.033023486038082764,-0.018293291079687763,0.05131677711777052,0.050189999584021316,0.5633887668746048,210,210,2103
2022-05-31,-0.11482354956290436,-0.09990035187427815,49,1659882,13,2022,2021,-0.14257049850370207,-0.09830147541363013,-0.04426902309007194,-0.044865583107001006,0.2982800084645342,208,208,2088
2022-06-30,0.005159393060032726,-0.02041248853988393,49,1659882,13,2022,2021,0.10250857581769937,0.0918173844393607,0.010691191378338669,0.010005791771599652,0.34269980336950834,204,204,2047
2022-07-31,0.02614331539239951,0.07000459912562826,49,1659882,13,2022,2021,-0.01669250195043825,-0.01883310305365192,0.002140601103213669,0.0010696930429030993,0.5354540301552849,205,205,2055
2022-08-31,-0.025407637012777227,0.003507488118528973,49,1659882,13,2022,2021,-0.11384600957859711,-0.11390213185499187,5.6122276394759973e-05,-0.0004813704705250217,0.26874637345989083,204,204,2046
2022-09-30,0.12169724195087929,0.1612020460894255,49,1659882,13,2022,2021,0.1380269757905856,0.06481231081107672,0.07321466497950888,0.07264927182356073,0.28269657797406783,201,201,2017
2022-10-31,0.04945277654737929,0.045367400919418696,49,1659882,13,2022,2021,0.060097731176758706,0.01553426444415366,0.04456346673260504,0.043301500132588065,0.6309833000084871,201,201,2010
2022-11-30,-0.00663081673484824,0.007797924125959031,49,1659882,13,2022,2021,-0.07865150046334404,-0.07555264108551768,-0.003098859377826363,-0.003669236490901364,0.28518855653750064,201,201,2014
2022-12-31,0.1666946389138507,0.14039688986416593,49,1659882,13,2022,2021,0.12447929760682962,0.08090844701435265,0.043570850592476965,0.04313987669961409,0.21548694643143806,196,196,1965
2023-01-31,0.02801059949355743,0.025295891532520043,41,1694301,13,2023,2022,-0.033103467546522033,-0.030653836366562014,-0.00244963117996002,-0.003723520696279972,0.6369447581599762,198,198,1985
2023-02-28,-0.13442378092586085,-0.16010936653225613,41,1694301,13,2023,2022,-0.06457901580161769,-0.01956164275914694,-0.04501737304247075,-0.04554610348656574,0.2643652220474931,196,196,1968
2023-03-31,-0.0400720865911944,-0.08526031303871412,41,1694301,13,2023,2022,-0.016083712285520246,0.008263744718369173,-0.02434745700388942,-0.024980737581148025,0.3166402886293029,194,194,1945
2023-04-30,-0.060482322808503304,-0.0851230298675374,41,1694301,13,2023,2022,-0.050438391716820366,-0.02899027063465986,-0.021448121082160505,-0.02273089113056731,0.6413850242034035,194,194,1941
2023-05-31,0.11898199205834807,0.13414272166495492,41,1694301,13,2023,2022,0.12384065279497468,0.05451599182684243,0.06932466096813225,0.06873818648534838,0.29323724139193336,192,192,1925
2023-06-30,0.20586643974545515,0.2584561733863492,41,1694301,13,2023,2022,0.092858868917197,0.036828310321070756,0.05603055859612624,0.05547340244920782,0.2785780734592075,192,192,1926
2023-07-31,0.06573916373096861,0.005239892160943135,41,1694301,13,2023,2022,-0.016573720308813517,-0.04002061650204319,0.02344689619322967,0.022396349874290795,0.5252731594694382,193,193,1936
2023-08-31,0.12896887899459014,0.13030054207220312,41,1694301,13,2023,2022,-0.00944520144134992,-0.06403185911082915,0.054586657669479226,0.05403049987698452,0.2780788962473518,191,191,1911
2023-09-30,-0.03449917750201151,-0.020440456990557125,41,1694301,13,2023,2022,-0.05366234224498095,-0.05864837192258415,0.004986029677603206,0.00446286689576008,0.26158139092156263,189,189,1896
2023-10-31,0.016868542805356237,-0.013629078597613944,41,1694301,13,2023,2022,0.07858113686543118,0.10334410410214645,-0.02476296723671527,-0.026078407871662986,0.6577203174738582,187,187,1872
2023-11-30,0.05957530761064694,0.04581717368888715,41,1694301,13,2023,2022,0.08379620932303414,0.08462035856466293,-0.0008241492416287965,-0.001538710092985155,0.3572804256781792,187,187,1875
2023-12-31,0.05140928717476292,0.04059743944659702,41,1694301,13,2023,2022,-0.02386809649325791,-0.026039234722706514,0.0021711382294486055,0.0015411690670928254,0.3149845811778901,188,188,1885
2024-01-31,-0.06736097669030525,-0.04876851922985715,57,1726851,14,2024,2023,0.0223881499376679,0.06954400802132796,-0.04715585808366006,-0.051155858083660063,2.0,176,176,1768
2024-02-29,0.11486078391366755,0.1715364481640314,57,1726851,14,2024,2023,0.06554285318008606,0.0007444809196889548,0.0647983722603971,0.06415321659785485,0.32257783127112505,176,176,1769
2024-03-31,0.05239932251808259,0.05141379737703308,57,1726851,14,2024,2023,-0.05389510407111894,-0.05686261408961073,0.002967510018491784,0.0024066385507616975,0.2804357338650432,175,175,1753
2024-04-30,0.06161661625714603,0.059493399022014185,57,1726851,14,2024,2023,0.03443976279834413,0.03172637359885755,0.0027133891994865836,0.001498272553563764,0.6075583229614098,173,173,1738
2024-05-31,-0.07670585230687431,-0.1384014408001343,57,1726851,14,2024,2023,-0.0350208726707839,0.0039692537263129705,-0.03899012639709687,-0.03954588590093566,0.2778797519193961,172,172,1725
2024-06-30,0.07268479033056303,0.04997271833553088,57,1726851,14,2024,2023,0.04157871867298366,0.015594709504794899,0.025984009168188764,0.02555652744497289,0.21374086160793637,172,172,1725
2024-07-31,-0.08976042442856252,-0.108813327958726,57,1726851,14,2024,2023,-0.01366912746404312,0.010522504434644666,-0.024191631898687786,-0.02513101954535675,0.469693823334482,173,173,1733
2024-08-31,-0.012544188457947374,-0.012064937520605985,57,1726851,14,2024,2023,0.00863450338043122,0.035588304165617576,-0.026953800785186357,-0.027384183817657393,0.21519151623551702,171,171,1718
2024-09-30,-0.1044241899104976,-0.06931926552037364,57,1726851,14,2024,2023,-0.008724735651892508,0.0015027809070743362,-0.010227516558966844,-0.010631400372914733,0.20194190697394454,171,171,1717
2024-10-31,-0.02653834057466187,-0.0039947637636162025,57,1726851,14,2024,2023,0.08028892125000234,0.1166322348437338,-0.03634331359373147,-0.03733613509464813,0.49641075045833116,173,173,1737
2024-11-30,0.11175152744954243,0.1281601027883974,57,1726851,14,2024,2023,-0.05718671404235731,-0.061102217021857544,0.003915502979500232,0.0030247002882196486,0.44540134564029177,170,170,1704
2024-12-31,,,57,1726851,14,2024,2023,0.0935240669,0.0286461758,0.0648778911,0.0608778911,2.0,1,1,2
2025-01-31,-0.02944161547087774,-0.06323096086059575,57,1751432,14,2025,2024,-0.038904487122775555,-0.02106387984974402,-0.017840607273031536,-0.021840607273031536,2.0,180,180,1809
2025-02-28,-0.003395717466768301,0.019026838489572963,57,1751432,14,2025,2024,-0.04338121186690923,-0.06292794437349918,0.019546732506589948,0.01888811982886517,0.3293063388623885,179,179,1792
2025-03-31,-0.08633955961084275,-0.11861377650637912,57,1751432,14,2025,2024,-0.05077045063183962,-0.0008002092279750123,-0.04997024140386461,-0.05056917762064033,0.299468108387862,177,177,1770
2025-04-30,0.0746375230439627,0.07484299480042694,57,1751432,14,2025,2024,0.05355243470013762,0.06493575611940744,-0.011383321419269822,-0.012849184620629407,0.7329316006797926,175,175,1753
2025-05-31,0.08207840060416469,0.10482418218231934,57,1751432,14,2025,2024,0.052790891267545936,0.04239640974333701,0.010394481524208923,0.009727603326005176,0.33343909910187375,176,176,1764
2025-06-30,-0.0025273044912388584,0.02962316879376378,57,1751432,14,2025,2024,0.0207746560801158,0.013717438833384908,0.00705721724673089,0.006622138607742481,0.21753931949420457,178,178,1785
2025-07-31,0.08944235689509901,0.14683362527556584,57,1751432,14,2025,2024,0.08302707816207466,0.02524593032147029,0.05778114784060437,0.057088015055991925,0.3465663923062218,178,178,1780
2025-08-31,-0.011860921800181824,-0.062086682563019274,57,1751432,14,2025,2024,-0.004458252259601276,0.0232886247736884,-0.027746877033289673,-0.028406799603218253,0.3299612849642898,179,179,1796
2025-09-30,-0.03841150928344022,-0.0340286053789873,57,1751432,14,2025,2024,-0.015150095112033787,-0.009137079929685567,-0.00601301518234822,-0.006569133909229032,0.2780593634404059,180,180,1807
2025-10-31,0.050425365653699504,0.05990189260947769,57,1751432,14,2025,2024,0.038749458280597865,-0.0011858361418434983,0.03993529442244136,0.03904979183114261,0.4427512956493749,179,179,1793
