eom,ic_pearson,ic_spearman,best_iteration,n_train,scoring_year,train_end_year,long_ret,short_ret,qspread,net_qspread,turnover,n_long,n_short,n_universe,gross_exposure
1986-01-31,0.09728086238757219,0.11154097769765708,1,149779,1986,1985,0.08707549434918543,0.03427156883016025,0.052803925519025185,0.050803925519025184,1.0,169,169,1692,2.0
1986-02-28,0.08084639363812204,0.08741523836474895,1,149779,1986,1985,0.04999912093421134,0.03981300778942947,0.01018611314478187,0.008092234374355585,1.0469393852131428,169,169,1698,2.0
1986-03-31,-0.02378547497799567,-0.017649113340287195,1,149779,1986,1985,-0.004431330070998095,0.015472194731432675,-0.01990352480243077,-0.022048615022991106,1.072545110280168,174,174,1745,2.0
1986-04-30,0.036596230792836866,0.030828769531066433,1,149779,1986,1985,0.025147972131126375,0.040842573125701866,-0.01569460099457549,-0.017373262131894867,0.8393305686596884,175,175,1756,2.0
1986-05-31,0.07810449707023767,0.08777404679130626,1,149779,1986,1985,-0.0035174698974220426,-0.027535173031065886,0.024017703133643844,0.0220832535109031,0.9672248113703706,176,176,1765,2.0
1986-06-30,0.1347659573310864,0.11627989269109054,1,149779,1986,1985,-0.060105176591701316,-0.10332146108232412,0.04321628449062281,0.04102660222169444,1.0948411344641804,179,179,1798,2.0
1986-07-31,-0.037966335268424474,-0.06478354737809754,1,149779,1986,1985,0.030452545278503607,0.059644661663272557,-0.02919211638476895,-0.03106447242366345,0.93617801944725,178,178,1789,2.0
1986-08-31,0.026731377323891612,-0.023498386710265565,1,149779,1986,1985,-0.072570166728475,-0.08196867378479993,0.009398507056324931,0.007373650765751789,1.012428145286571,178,178,1786,2.0
1986-09-30,-0.09794273416971928,-0.08218951667574732,1,149779,1986,1985,0.02316395558608407,0.07993117045777036,-0.05676721487168629,-0.059337482245623116,1.2851336869684136,179,179,1797,2.0
1986-10-31,-0.015203390219352663,0.01176230076392291,1,149779,1986,1985,-0.006384671550524807,-0.001681415216559133,-0.004703256333965674,-0.006894158292012256,1.0954509790232905,180,180,1802,2.0
1986-11-30,0.02015573521464679,0.025140113489890942,1,149779,1986,1985,-0.036313446124509555,-0.027704767408285896,-0.008608678716223658,-0.010712772980010799,1.0520471318935702,180,180,1805,1.9999999999999996
1986-12-31,-0.12270691091005864,-0.11319780318710809,1,149779,1986,1985,0.11899748908118621,0.15187173131227044,-0.03287424223108423,-0.0351477004056851,1.1367290873004328,182,182,1823,2.0000000000000004
1987-01-31,-0.11792254662445775,-0.09209552158478966,11,179922,1987,1986,0.05520344406550202,0.09177217661666445,-0.036568732551162435,-0.03967811330831262,1.5546903785750925,185,185,1857,2.0
1987-02-28,0.014337617389763265,0.08582647721808064,11,179922,1987,1986,0.006826187468816625,0.016945016396898542,-0.010118828928081917,-0.012322944152625023,1.1020576122715533,188,188,1880,2.0
1987-03-31,0.05111079756108661,0.04883698112184616,11,179922,1987,1986,-0.0013768370190808715,-0.03146353414693624,0.03008669712785537,0.02770843922426272,1.189128951796326,193,193,1933,1.9999999999999998
1987-04-30,0.040641265182705236,0.07696428023669805,11,179922,1987,1986,0.01978780353600127,-0.027065128476896374,0.04685293201289764,0.044737390560426235,1.0577707262357032,193,193,1936,2.0
1987-05-31,0.023897334697618542,0.029604268058635873,11,179922,1987,1986,0.021256505402586275,0.02929606853459202,-0.008039563132005746,-0.009787164210015093,0.8738005390046734,194,194,1942,2.0
1987-06-30,0.06098377337463429,0.10776327708679113,11,179922,1987,1986,0.05651527160564052,0.04329927562321345,0.013215995982427071,0.01124220862831248,0.9868936770572957,196,196,1967,2.0
1987-07-31,0.0073873934345025215,-0.03986507165622553,11,179922,1987,1986,0.012134304319342626,0.04020844279317774,-0.028074138473835115,-0.03019917001960583,1.062515772885358,199,199,1993,2.0
1987-08-31,0.0641605571095477,0.09192095550782385,11,179922,1987,1986,-0.013192985971489334,-0.02334141785599652,0.010148431884507186,0.007991844230861756,1.0782938268227145,200,200,2004,2.0
1987-09-30,0.10577474522986387,0.07742982604092714,11,179922,1987,1986,-0.2770905809867964,-0.31255473435991643,0.03546415337312003,0.03299809524325101,1.2330290649345144,202,202,2026,1.9999999999999996
1987-10-31,0.04371625309287969,0.04169210955495202,11,179922,1987,1986,-0.06575190948766907,-0.06339873114101462,-0.0023531783466544526,-0.005428689343455971,1.5377554984007593,189,189,1894,2.0
1987-11-30,0.04758111404560837,0.0636479449989837,11,179922,1987,1986,0.09260807956473051,0.09023386236256138,0.0023742172021691266,-0.0004150784176460095,1.394647809907568,185,185,1857,2.0
1987-12-31,0.04134064461664325,0.0169237024774893,11,179922,1987,1986,0.04966849014622087,-0.010648339423454625,0.0603168295696755,0.05715486543193092,1.5809820688722862,189,189,1897,2.0
1988-01-31,-0.1285055081503303,-0.14268024521804082,0,213202,1988,1987,-0.0035369622250518706,0.07894226958291556,-0.08247923180796743,-0.08591358373864967,1.7171759653411232,192,192,1922,2.0
1988-02-29,-0.08398112924176104,-0.08388503691815294,0,213202,1988,1987,-0.014663299692781141,0.006862684304859725,-0.021525983997640864,-0.023120606062090366,0.7973110322247516,194,194,1946,2.0
1988-03-31,0.013098904009089595,-0.004586433177906324,0,213202,1988,1987,0.010430645019980068,-0.010776211031478933,0.021206856051459,0.01915819424324534,1.0243309041068296,198,198,1980,2.0
1988-04-30,-0.0026957481021833408,-0.009204167663696868,0,213202,1988,1987,-0.018580757629851063,0.007388721290898457,-0.025969478920749522,-0.029383692464613018,1.707106771931748,197,197,1973,2.0000000000000004
1988-05-31,-0.010954513393538602,-0.015246596238519669,0,213202,1988,1987,0.07269329770407457,0.07225741861043611,0.0004358790936384582,-0.0015709569425091138,1.003418018073786,196,196,1969,2.0
1988-06-30,0.05143452937594976,0.09477844179326743,0,213202,1988,1987,-0.009978169632600519,-0.009649561637521824,-0.00032860799507869465,-0.0023947756238234213,1.0330838143723633,199,199,1998,2.0000000000000004
1988-07-31,0.052641900793010454,0.08352350335869917,0,213202,1988,1987,-0.026805349260904943,-0.020471492832264033,-0.00633385642864091,-0.00821933826665617,0.9427409190076302,199,199,1995,2.0
1988-08-31,-0.012524911530748544,-0.01885063388030363,0,213202,1988,1987,0.048555329532724054,0.045915248648550684,0.0026400808841733694,0.0004266543628609282,1.1067132606562207,197,197,1977,2.0
1988-09-30,0.05912094348205924,0.08590151299447621,0,213202,1988,1987,0.0017222952747394092,-0.00304409166294218,0.0047663869376815896,0.002374082109975832,1.1961524138528787,200,200,2001,2.0
1988-10-31,0.05238995705850516,0.06334839156065943,0,213202,1988,1987,-0.037607712519539094,-0.025770756896353452,-0.011836955623185642,-0.014030182368276614,1.0966133725454863,199,199,1991,2.0
1988-11-30,-0.029314537898563402,-0.07049818867565694,0,213202,1988,1987,0.006348280141655555,0.022814258624398134,-0.01646597848274258,-0.018434713401241015,0.984367459249216,198,198,1985,2.0
1988-12-31,-0.020224725862526733,-0.026389376845679532,0,213202,1988,1987,0.06339504164602795,0.0651207779326706,-0.0017257362866426457,-0.003715357390394254,0.9948105518758042,199,199,1992,2.0
1989-01-31,0.02835844522331052,0.017726882780568415,0,248148,1989,1988,-0.005146635487665445,-0.005696916367056722,0.000550280879391277,-0.0026057070909458577,1.5779939851685674,203,203,2030,2.0
1989-02-28,0.05896016888813042,0.029542199597230447,0,248148,1989,1988,0.028433134767965947,0.022150605862206414,0.006282528905759532,0.005651291985187518,0.31561846028600726,202,202,2025,2.0
1989-03-31,-0.024279464595447303,-0.011161131435237812,0,248148,1989,1988,0.013158196403906612,0.04806046004262223,-0.03490226363871562,-0.035980407804975634,0.5390720831300082,204,204,2040,2.0
1989-04-30,0.02516282851964551,0.029644866523361835,0,248148,1989,1988,0.03689375487864448,0.022442893228851703,0.014450861649792774,0.013104466278914248,0.6731976854392626,204,204,2043,2.0
1989-05-31,-0.014339764435449688,-0.04171419439919891,0,248148,1989,1988,-0.012356178723705237,-0.015082440299645596,0.0027262615759403586,0.001661549980364819,0.5323557977877698,204,204,2048,2.0
1989-06-30,0.026782058371243346,-0.02084065647825617,0,248148,1989,1988,0.05176492214463952,0.06571577445230185,-0.013950852307662333,-0.015537566355710675,0.7933570240241709,204,204,2044,2.0
1989-07-31,0.017305656825252615,-0.024072760766837956,0,248148,1989,1988,0.011651767979908566,0.02244758413318193,-0.010795816153273364,-0.012693527089066969,0.9488554678968023,205,205,2055,2.0000000000000004
1989-08-31,-0.026556338481045296,-0.0569567995060097,0,248148,1989,1988,-0.027343538973295868,-0.00716528311405549,-0.02017825585924038,-0.021443246241979123,0.6324951913693728,204,204,2046,2.0
1989-09-30,-0.05178067707650854,-0.08484974183950572,0,248148,1989,1988,-0.1112700440558323,-0.0525142659981291,-0.0587557780577032,-0.05977439078370276,0.5093063629997813,205,205,2051,2.0
1989-10-31,-0.07605880045196986,-0.08774025634059382,0,248148,1989,1988,-0.03440472895326726,0.018578460321946766,-0.052983189275214025,-0.05439197455894082,0.7043926418633973,203,203,2031,2.0
1989-11-30,-0.024666794151427057,-0.0612856231210438,0,248148,1989,1988,-0.015009969248954183,0.022833752864181725,-0.03784372211313591,-0.03863996743818301,0.3981226625235518,203,203,2030,2.0
1989-12-31,-0.0433902316645656,-0.03678010945501515,0,248148,1989,1988,-0.11310442442189761,-0.07896088240625315,-0.03414354201564446,-0.03479468576119308,0.325571872774312,202,202,2025,2.0
1990-01-31,-0.06195743441392251,-0.0368660320109922,0,283891,1990,1989,0.005359810210048735,0.00605236082752628,-0.0006925506174775449,-0.004429882781415498,1.8686660819689767,199,199,1993,2.0
1990-02-28,0.013225740680689367,0.05437823247741201,0,283891,1990,1989,0.028705333140963626,0.021686334558267385,0.0070189985826962405,0.005380999496831401,0.8189995429324199,198,198,1986,2.0
1990-03-31,0.008692920366158773,0.013594439077345583,0,283891,1990,1989,-0.019465702565096103,-0.03428003363429244,0.014814331069196336,0.012616370487459594,1.0989802908683712,200,200,2002,2.0
1990-04-30,-0.10334843675951445,-0.08014095181336081,0,283891,1990,1989,0.0540408944401516,0.0889212359687532,-0.0348803415286016,-0.03825208128532776,1.6858698783630783,198,198,1984,2.0000000000000004
1990-05-31,-0.02194230753184799,0.026445767492983722,0,283891,1990,1989,0.006209127782322691,-0.020500108308609474,0.026709236090932165,0.02522705102500712,0.7410925329625213,200,200,2009,2.0
1990-06-30,-0.04257648134290569,-0.05348502037140443,0,283891,1990,1989,-0.05473872869713606,-0.015674121320665053,-0.03906460737647101,-0.03999449372837836,0.46494317595367335,201,201,2017,2.0
1990-07-31,-0.005975306011159451,-0.055741971320519786,0,283891,1990,1989,-0.1154796581862697,-0.09423182962113177,-0.021247828565137933,-0.02329360923300821,1.0228903339351385,199,199,1996,2.0
1990-08-31,-0.03398101466696385,-0.060036979747414135,0,283891,1990,1989,-0.13569737208327146,-0.07339899826409083,-0.06229837381918063,-0.06409343387131228,0.8975300260658203,192,192,1928,2.0
1990-09-30,0.01294034608062427,0.01861565889486914,0,283891,1990,1989,-0.09808066782439993,-0.08690751622792714,-0.011173151596472794,-0.013102249228419769,0.9645488159734872,187,187,1872,2.0
1990-10-31,0.07684206760021231,0.049301192824189814,0,283891,1990,1989,0.1276992396307182,0.08346349726960459,0.044235742361113606,0.04159667340007244,1.3195344805205838,181,181,1813,1.9999999999999996
1990-11-30,0.09902909248020367,0.080209103285426,0,283891,1990,1989,0.06744361220381602,0.02195065534608589,0.04549295685773013,0.04327145278385795,1.1107520369360906,182,182,1820,2.0
1990-12-31,0.12167210523707328,0.12039538700730806,0,283891,1990,1989,0.11495526285921584,0.039570134507886,0.07538512835132985,0.07395785506903058,0.7136366411496369,182,182,1825,2.0
1991-01-31,0.06345924212724283,0.04917823150733694,0,320342,1991,1990,0.12314452428060896,0.08158950042873497,0.041555023851873985,0.03915148022122162,1.2017718153261838,186,186,1860,2.0
1991-02-28,-0.026296044691682945,0.003858958306967627,0,320342,1991,1990,0.03944730044520932,0.012260390676632435,0.027186909768576885,0.02540493530524566,0.8909872316656131,194,194,1946,2.0
1991-03-31,0.04429233594113419,0.05098775488900783,0,320342,1991,1990,0.014959212153776706,-0.0038930444601527276,0.018852256613929433,0.017400072174815883,0.7260922195567754,197,197,1975,2.0
1991-04-30,-0.016288851246458305,0.006853923617761882,0,320342,1991,1990,0.06658190995664898,0.04285451584426099,0.023727394112387987,0.02231912145182803,0.7041363302799784,199,199,1993,2.0
1991-05-31,0.058628949817755294,0.048238700353936834,0,320342,1991,1990,-0.03420422084730375,-0.061898047754105276,0.027693826906801527,0.026438631837053996,0.627597534873766,200,200,2005,2.0
1991-06-30,-0.03132147463137319,-0.026924721795222428,0,320342,1991,1990,0.03840612459254573,0.036580884060076216,0.0018252405324695117,0.0004794839967591283,0.6728782678551917,199,199,1997,1.9999999999999998
1991-07-31,-0.02474132339317438,-0.026364586616363647,0,320342,1991,1990,0.040268541132489954,0.021788523735941263,0.01848001739654869,0.016514677478883927,0.9826699588323813,201,201,2016,2.0
1991-08-31,-0.061967900985227684,-0.043084090520868236,0,320342,1991,1990,-0.00545727986782645,-0.015336467126062719,0.009879187258236269,0.009071258577475531,0.4039643403803682,202,202,2021,2.0000000000000004
1991-09-30,-0.08383221815738112,-0.05903015108744572,0,320342,1991,1990,0.03122618897391952,0.03778429444049744,-0.00655810546657792,-0.008474512087751579,0.9582033105868295,203,203,2030,2.0000000000000004
1991-10-31,0.007673196683119759,0.0045974736703875575,0,320342,1991,1990,-0.044152583260823,-0.05383848941017449,0.00968590614935149,0.007210059126494027,1.237923511428732,204,204,2049,2.0
1991-11-30,-0.040108751896882774,-0.05165590639961439,0,320342,1991,1990,0.0676481323093435,0.11339373875648728,-0.04574560644714379,-0.04804277342246101,1.14858348765861,205,205,2056,2.0000000000000004
1991-12-31,0.025279430741087672,0.04679594624673913,0,320342,1991,1990,0.06862217690825348,0.03573173234662362,0.03289044456162986,0.030588214422366734,1.1511150696315626,208,208,2089,2.0000000000000004
1992-01-31,0.08816595780385203,0.06994711399658808,58,358083,1992,1991,0.02792729127549316,0.004210619162622242,0.02371667211287092,0.02027663983858044,1.7200161371452387,217,217,2172,2.0
1992-02-29,0.0432887200381311,0.06633866694520937,58,358083,1992,1991,-0.03684749182119742,-0.06861222951346288,0.03176473769226546,0.03022690604244214,0.7689158249116594,220,220,2208,2.0
1992-03-31,0.1422693175583781,0.11691992485338215,58,358083,1992,1991,0.00017163292874376995,-0.05842262975249034,0.058594262681234105,0.05685668250566853,0.8687900877827881,224,224,2240,2.0
1992-04-30,0.013691758769664537,0.006061055116379943,58,358083,1992,1991,0.00438866812030867,0.012272201608200486,-0.007883533487891815,-0.010043838557079241,1.0801525345937129,222,222,2229,2.0
1992-05-31,-0.01045813001996464,-0.002676428835308166,58,358083,1992,1991,-0.04352801143614085,-0.04291770775427568,-0.000610303681865168,-0.002221795603405197,0.8057459607700144,224,224,2244,2.0
1992-06-30,-0.013831386919851332,-0.02928672910031429,58,358083,1992,1991,0.026248117003704222,0.05308961563473466,-0.026841498631030438,-0.028549671569847564,0.8540864694085636,223,223,2237,2.0
1992-07-31,0.09879446198622202,0.06413501660606871,58,358083,1992,1991,-0.01774622251903191,-0.04394335629754678,0.02619713377851487,0.024299393184361202,0.9488702970768346,225,225,2257,2.0
1992-08-31,-0.029864725099238994,-0.03995521078274619,58,358083,1992,1991,0.006405017629904711,0.018656884846858013,-0.012251867216953302,-0.013779490094218737,0.7638114386327175,223,223,2239,2.0
1992-09-30,-0.010754629122270019,-0.03570699550757539,58,358083,1992,1991,0.030552426200983,0.033142663174537484,-0.002590236973554483,-0.004102514472221135,0.7561387493333265,225,225,2254,2.0
1992-10-31,-0.06255010894564084,-0.021996754478966412,58,358083,1992,1991,0.07609958345794823,0.08956237704142198,-0.013462793583473742,-0.01530850452714699,0.9228554718366242,227,227,2277,2.0
1992-11-30,0.03684124881901771,0.04160400402690324,58,358083,1992,1991,0.03235226534727411,0.019982051953895432,0.012370213393378678,0.010628196273552404,0.871008559913137,230,230,2309,1.9999999999999998
1992-12-31,0.03693021638126697,0.03088709152711069,58,358083,1992,1991,0.019937238576253735,0.029584339484116803,-0.009647100907863068,-0.01140643538396845,0.879667238052691,235,235,2354,2.0
1993-01-31,-0.04246182602746478,-0.01771251770714832,0,398677,1993,1992,-0.05081013548590631,-0.013151110990188427,-0.03765902449571788,-0.0404522406803557,1.3966080923189084,237,237,2377,2.0
1993-02-28,-0.005271685870062366,-0.02201990998775064,0,398677,1993,1992,0.044989846182855134,0.040994332425667857,0.003995513757187277,0.003276021678540968,0.35974603932315474,238,238,2382,2.0
1993-03-31,-0.034661327653339805,-0.05557809729233608,0,398677,1993,1992,-0.02859330330971858,-0.01841420945384566,-0.010179093855872921,-0.010909917945375798,0.3654120447514384,244,244,2442,2.0
1993-04-30,0.02909390940930733,0.03074486719259768,0,398677,1993,1992,0.031002572401826904,0.03478733207815686,-0.003784759676329956,-0.005532287884074502,0.873764103872273,244,244,2440,2.0
1993-05-31,0.004382339282431038,0.012846661970834219,0,398677,1993,1992,0.017167463750586906,0.0062991448943390815,0.010868318856247824,0.009596448856321783,0.6359349999630206,246,246,2469,2.0
1993-06-30,-0.041270990767474834,-0.05220162830506132,0,398677,1993,1992,0.017468775589914345,0.029504369693206,-0.012035594103291653,-0.013523137912378939,0.7437719045436426,251,251,2515,2.0
1993-07-31,-0.017169310602458753,-0.035253970823626885,0,398677,1993,1992,0.056161561155213965,0.06097271753644992,-0.0048111563812359565,-0.005944133863091918,0.5664887409279808,252,252,2529,2.0
1993-08-31,-0.012809780824836537,-0.029007001620853925,0,398677,1993,1992,0.03123519440051739,0.024440473825966896,0.006794720574550495,0.005736773301846485,0.5289736363520048,256,256,2566,2.0
1993-09-30,-0.03113123929048768,-0.051532816007466765,0,398677,1993,1992,0.010738121676109016,0.025720643622448056,-0.01498252194633904,-0.015703066313513554,0.36027218358725693,260,260,2603,2.0
1993-10-31,0.00526486004095275,0.011797243618586572,0,398677,1993,1992,-0.04191910808110583,-0.038955698607557945,-0.0029634094735478816,-0.004242612693556531,0.6396016100043247,264,264,2649,2.0
1993-11-30,0.031190581435241643,0.04076808696149186,0,398677,1993,1992,0.04140008778232335,0.024571705745549142,0.016828382036774205,0.015468650880805073,0.6798655779845655,266,266,2660,1.9999999999999998
1993-12-31,0.012244981668150759,0.03275249105835994,0,398677,1993,1992,0.036511652668171364,0.021557850091016573,0.014953802577154791,0.014099383871453881,0.427209352850455,270,270,2708,2.0
1994-01-31,0.031969141066512136,0.04589897430307489,0,442581,1994,1993,-0.011493957783845989,-0.02941805242806314,0.017924094644217153,0.014441209271438488,1.7414426863893329,274,274,2745,2.0
1994-02-28,-0.015632850569746153,-0.02172274772047033,0,442581,1994,1993,-0.04806624144974246,-0.05313566323595491,0.005069421786212447,0.002790686093163794,1.1393678465243264,275,275,2755,2.0
1994-03-31,0.025722569536992364,-0.001790796485662987,0,442581,1994,1993,0.0028395259626228194,0.008240479409887416,-0.005400953447264597,-0.007416048800380787,1.007547676558095,275,275,2759,2.0
1994-04-30,-0.018135522942300433,-0.03779458763038522,0,442581,1994,1993,0.026228658076776087,0.00416000919012109,0.022068648886654996,0.020472363677582338,0.7981426045363282,278,278,2782,2.0
1994-05-31,-0.07060356083914361,-0.09493052107319293,0,442581,1994,1993,-0.025255816369158836,-0.017206055882380153,-0.008049760486778683,-0.009029641257861917,0.48994038554161673,278,278,2785,2.0
1994-06-30,-0.008425826461205559,0.01677767079830074,0,442581,1994,1993,0.024361258918763284,0.02642468580855377,-0.0020634268897904845,-0.003962361082313247,0.949467096261381,279,279,2791,2.0
1994-07-31,0.05811039978370501,0.07563125978155544,0,442581,1994,1993,0.07732275293041857,0.0329625718664482,0.04436018106397037,0.04181726578412589,1.2714576399222413,279,279,2796,2.0
1994-08-31,-0.010547432205854494,-0.02972461059309591,0,442581,1994,1993,-0.021761922289019898,-0.01095357389563385,-0.010808348393386048,-0.012057703759499543,0.6246776830567466,281,281,2817,2.0
1994-09-30,0.02929763220903838,0.05356112854378031,0,442581,1994,1993,0.003750220319410724,-0.009247879119254666,0.01299809943866539,0.011723389844884208,0.6373547968905902,283,283,2833,2.0000000000000004
1994-10-31,0.011582786175887282,0.02253480695105467,0,442581,1994,1993,-0.056687593398170644,-0.054296513556310405,-0.0023910798418602386,-0.004139491443080824,0.8742058006102927,283,283,2833,2.0
1994-11-30,0.005619090384686557,0.039072399635025463,0,442581,1994,1993,0.021576462228150774,0.0006729363506105248,0.020903525877540248,0.018411851524960984,1.245837176289631,281,281,2812,2.0
1994-12-31,0.06705964331997566,0.04984188843615298,0,442581,1994,1993,0.0029182476180813675,0.003953022235169209,-0.0010347746170878418,-0.0014926605514773987,0.22894296719477844,279,279,2795,2.0
1995-01-31,0.028174450180177984,0.03492115342704257,83,490648,1995,1994,0.04821994479451281,0.042256850612233936,0.005963094182278875,0.0025094447721465516,1.7268247050661616,282,282,2827,2.0
1995-02-28,0.006690132735752777,0.009727503481865227,83,490648,1995,1994,0.03741562512820687,0.01761163108127175,0.01980399404693512,0.01771073510618955,1.0466294703727859,284,284,2844,2.0
1995-03-31,0.07565991971861281,0.07566671072786771,83,490648,1995,1994,0.027054022437644536,0.006962205223187074,0.020091817214457464,0.01796467691261436,1.0635701509215514,285,285,2853,2.0
1995-04-30,-0.0035148331266778403,0.0036272679917714965,83,490648,1995,1994,0.01978467682561686,0.009494726291303003,0.010289950534313858,0.007819248234597204,1.2353511498583276,287,287,2877,2.0
1995-05-31,0.03740237716709818,0.06477575046499229,83,490648,1995,1994,0.07389716080435169,0.02526669514125534,0.048630465663096346,0.04656408192984352,1.0331918666264137,288,288,2889,2.0
1995-06-30,0.08530721485769423,0.08013917613687527,83,490648,1995,1994,0.06777173961231944,0.04048920967399838,0.02728252993832106,0.025017319054754735,1.1326054417831628,292,292,2922,2.0
1995-07-31,-0.0005233655882592196,-0.006275272219538355,83,490648,1995,1994,0.001056976315332905,0.018689333390730697,-0.017632357075397793,-0.01995947353131285,1.1635582279575285,296,296,2961,2.0
1995-08-31,0.04166815787287119,0.053145809730107,83,490648,1995,1994,0.019661179871060704,0.0029768333982439425,0.01668434647281676,0.014710206436374596,0.987070018221082,299,299,2992,2.0
1995-09-30,0.09136467551771113,0.09800619835038617,83,490648,1995,1994,-0.023220645443823656,-0.05604022113762879,0.032819575693805135,0.030884203188825825,0.967686252489654,299,299,2999,2.0
1995-10-31,0.045067656023542346,0.06356348185500744,83,490648,1995,1994,0.07652348320221175,0.038941504772942746,0.037581978429269004,0.034946003849148456,1.317987290060275,298,298,2981,2.0
1995-11-30,-0.048289452890272325,-0.06051522470434329,83,490648,1995,1994,-0.005235745137148722,0.033666962179636335,-0.03890270731678506,-0.04108682533667283,1.092059009943886,300,300,3005,2.0
1995-12-31,-0.02416714336019201,-0.02026258191208069,83,490648,1995,1994,0.002697347660746577,0.01029175477324903,-0.007594407112502453,-0.009553178166816879,0.9793855271572125,302,302,3021,2.0
1996-01-31,0.02033944774210456,0.022976176177824405,165,540674,1996,1995,0.01775040532453527,0.017329712521545058,0.0004206928029902128,-0.002446553187117369,1.4336229950537909,304,304,3046,2.0
1996-02-29,0.06506951144655271,0.039404618851813254,165,540674,1996,1995,0.01701538353648179,0.025230823214612945,-0.008215439678131153,-0.010451232446917902,1.1178963843933738,304,304,3048,2.0
1996-03-31,0.1228135672836796,0.11137602872910467,165,540674,1996,1995,0.11524825358068545,0.03529868045150846,0.079949573129177,0.07790173554755954,1.0239187908087293,308,308,3082,2.0
1996-04-30,0.01735987935252654,0.06403748536348342,165,540674,1996,1995,0.0382080318522506,0.00977847070736397,0.02842956114488663,0.02579212258574115,1.3187192795727394,313,313,3136,2.0
1996-05-31,0.004022123373219384,-0.015733434485806944,165,540674,1996,1995,-0.07952243825701477,-0.05574088303494294,-0.02378155522207183,-0.025966909988559037,1.0926773832436036,319,319,3192,2.0
1996-06-30,0.06746546510244296,0.03101111239628483,165,540674,1996,1995,-0.11021206660509356,-0.11366241146342182,0.0034503448583282637,0.001154267324049205,1.1480387671395293,319,319,3197,2.0
1996-07-31,0.020611026500708854,0.017634139415741542,165,540674,1996,1995,0.07205659792652655,0.03786837098058096,0.03418822694594559,0.031338110794939526,1.4250580755030318,315,315,3158,2.0
1996-08-31,0.05361363435496964,0.05556707280611234,165,540674,1996,1995,0.05928135367637244,0.0335852761241502,0.025696077552222238,0.02327792444020836,1.2090765560069374,318,318,3185,2.0
1996-09-30,0.04216490371861361,0.04398654832733061,165,540674,1996,1995,-0.04061994074799898,-0.03528060420089949,-0.005339336547099491,-0.0076277477467861995,1.1442055998433542,320,320,3201,2.0
1996-10-31,0.06093261251688016,0.05456128128961923,165,540674,1996,1995,0.05634756674691869,0.035842549139778926,0.020505017607139762,0.017841745499308104,1.3316360539158283,320,320,3209,2.0
1996-11-30,0.09378789662201686,0.06941948672883905,165,540674,1996,1995,0.027110096339574702,-0.012377485823278378,0.03948758216285308,0.03719422678856367,1.1466776871447033,322,322,3229,2.0
1996-12-31,0.03633262101137767,0.03890181589168706,165,540674,1996,1995,0.019197163849578647,0.004660556922467881,0.014536606927110765,0.012006943536783903,1.264831695163431,322,322,3225,2.0
1997-01-31,0.02491889361930356,-0.016397344966428654,260,593540,1997,1996,-0.044937591333389815,-0.02402207017265423,-0.020915521160735584,-0.023830117842609244,1.457298340936831,326,326,3266,2.0
1997-02-28,0.08192450136508977,0.09022227383094619,260,593540,1997,1996,-0.05770869223770826,-0.08105595161666682,0.023347259378958554,0.020896253047886972,1.2255031655357913,326,326,3261,2.0
1997-03-31,0.025420248655621838,0.0324275658497067,260,593540,1997,1996,-0.01461649337306529,-0.033036438260274255,0.018419944887208967,0.015958986860899103,1.2304790131549308,322,322,3228,2.0
1997-04-30,-0.07276747903231215,-0.05036550589275235,260,593540,1997,1996,0.14324799266131427,0.13069172499944343,0.012556267661870846,0.009673488999354114,1.4413893312583657,319,319,3199,2.0
1997-05-31,0.1061884709824133,0.09195992740520874,260,593540,1997,1996,0.0493080862976294,0.01577484198484354,0.033533244312785856,0.03115107993190464,1.1910821904406093,324,324,3245,2.0
1997-06-30,0.0958991293709446,0.09225910972058786,260,593540,1997,1996,0.09300640361718285,0.045946299293350326,0.04706010432383252,0.044373765189582935,1.343169567124792,325,325,3251,2.0
1997-07-31,0.09313934134170257,0.10320243943029335,260,593540,1997,1996,0.0434292869926692,0.004990382337182766,0.03843890465548644,0.03585611661262246,1.2913940214319908,326,326,3269,2.0
1997-08-31,0.01295377065484447,0.010240981308380226,260,593540,1997,1996,0.05219525671590254,0.06268422070718996,-0.010488963991287417,-0.012699658958599834,1.105347483656208,329,329,3293,2.0
1997-09-30,0.08095866388750504,0.06927892953062688,260,593540,1997,1996,-0.07950674748162756,-0.05327647162244533,-0.02623027585918223,-0.028547323721616648,1.1585239312172095,334,334,3344,2.0
1997-10-31,0.12076264600386333,0.07996461231885944,260,593540,1997,1996,-0.010197920567144246,-0.02936250736528333,0.019164586798139087,0.0162900828342517,1.4372519819436942,333,333,3339,2.0
1997-11-30,0.07555234121812594,0.06229193643311688,260,593540,1997,1996,-0.014681694819751092,-0.024416101493209698,0.009734406673458606,0.007181188730105504,1.2766089716765512,332,332,3325,2.0
1997-12-31,0.14061078046739942,0.09924045309541381,260,593540,1997,1996,0.03881120210129574,-0.016847785087567776,0.055658987188863515,0.053099085791014036,1.279950698924738,327,327,3273,2.0
1998-01-31,0.10035888533523091,0.11003308661657402,132,648473,1998,1997,0.11303563983309493,0.05578866806717005,0.05724697176592489,0.054528554563065545,1.3592086014296711,326,326,3263,1.9999999999999996
1998-02-28,0.05583107007504776,0.03717875256439563,132,648473,1998,1997,0.034866294188923896,0.03638962444516066,-0.0015233302562367643,-0.0036375209984912723,1.057095371127254,328,328,3289,2.0
1998-03-31,0.08903534256949215,0.10372202565967481,132,648473,1998,1997,0.03353079580302513,-0.01893779279561445,0.05246858859863958,0.05021045091519599,1.1290688417217918,332,332,3326,2.0
1998-04-30,-0.039091018882647474,-0.0456015608479523,132,648473,1998,1997,-0.08874882467253514,-0.0442708854435363,-0.04447793922899884,-0.04710177202766329,1.3119163993322234,334,334,3344,2.0
1998-05-31,0.00034375020156758975,0.007487871182207166,132,648473,1998,1997,0.0014863428582089387,0.008096057688945066,-0.0066097148307361275,-0.008907033573359709,1.14865937131179,331,331,3319,2.0
1998-06-30,0.017248493444573906,0.005859277908030575,132,648473,1998,1997,-0.06468458928192808,-0.06539556474550734,0.0007109754635792609,-0.0019440573134046103,1.3275163884919357,326,326,3265,2.0
1998-07-31,0.008220721276258407,0.003089042102749173,132,648473,1998,1997,-0.23546428602413488,-0.19108165510089972,-0.04438263092323516,-0.04708015870920196,1.3487638929833987,321,321,3212,2.0
1998-08-31,0.08477495778989447,0.0487987541501107,132,648473,1998,1997,0.11406677859004269,0.07480895303556095,0.039257825554481734,0.036365844901287636,1.4459903265970475,304,304,3045,2.0
1998-09-30,0.13555853947944,0.13922955505302512,132,648473,1998,1997,0.13292828243199867,0.04270698659276459,0.09022129583923408,0.08705221087603196,1.5845424816010598,304,304,3047,2.0
1998-10-31,-0.010308851917390095,0.06183360640835023,132,648473,1998,1997,0.08023529688820222,0.09115993239169176,-0.010924635503489544,-0.013957747730812384,1.5165561136614203,303,303,3032,2.0
1998-11-30,0.058922373439817426,0.04609041094278624,132,648473,1998,1997,0.09553453131935573,0.04961649420490638,0.04591803711444935,0.042864509010294226,1.5267640520775623,304,304,3043,2.0
1998-12-31,0.07286463843545608,0.09930889907079553,132,648473,1998,1997,0.05548347938575564,0.006994758776836391,0.04848872060891925,0.045754170115443096,1.3672752467380773,304,304,3041,2.0
1999-01-31,0.041696137699177974,0.02050758582595426,73,703028,1999,1998,-0.06492015216877782,-0.07639087739679795,0.011470725228020132,0.008441084271705077,1.5148204781575272,307,307,3079,2.0
1999-02-28,0.02750423390361565,-0.024045232107258303,73,703028,1999,1998,0.10740287190983798,0.01715649625978774,0.09024637565005024,0.08732036990256911,1.4630028737405634,303,303,3037,2.0
1999-03-31,-0.0025942802983555295,-0.0062785206148717465,73,703028,1999,1998,0.07877040692549218,0.10372628877368986,-0.024955881848197678,-0.02807656811707465,1.5603431344384868,298,298,2987,2.0
1999-04-30,0.10421381087955393,0.06976951594105424,73,703028,1999,1998,0.012360366144085325,-0.007812753435212606,0.020173119579297932,0.01679214669464568,1.6904864423261268,302,302,3027,2.0
1999-05-31,0.14132169598618533,0.11897208269184445,73,703028,1999,1998,0.11281881352452565,0.04383765068660249,0.06898116283792316,0.06595040026184176,1.5153812880406958,306,306,3060,2.0
1999-06-30,0.08281994122134023,0.05980784860629991,73,703028,1999,1998,-0.016623374075832687,-0.04382303348145436,0.027199659405621673,0.024039590667788168,1.5800343689167524,305,305,3056,2.0
1999-07-31,0.036051122078039025,0.010285691639634938,73,703028,1999,1998,-0.005342942455106057,-0.041953783530805235,0.036610841075699174,0.03376704846056097,1.4218963075690998,305,305,3051,2.0
1999-08-31,0.03322822113062552,0.01840649754936987,73,703028,1999,1998,-0.01011831091414133,-0.0344714058230442,0.02435309490890287,0.021267358991206013,1.542867958848428,301,301,3012,2.0
1999-09-30,-0.008914226928495856,0.012259704930539204,73,703028,1999,1998,0.02121216507602246,-0.006638703512581372,0.027850868588603833,0.024716275195909954,1.5672966963469401,297,297,2974,2.0
1999-10-31,0.06205999102955565,0.09042578692432272,73,703028,1999,1998,0.09827214681212128,0.05134935082853533,0.046922795983585945,0.0443674935075916,1.2776512379971727,295,295,2954,2.0
1999-11-30,0.06872261299743944,0.09098411464595725,73,703028,1999,1998,0.16574256144858504,0.05369073638340512,0.11205182506517991,0.10922295651678626,1.414434274196823,297,297,2972,2.0
1999-12-31,-0.00609617354321698,0.015463433591680112,73,703028,1999,1998,-0.025812251791693375,-0.028330941067870298,0.0025186892761769226,-0.0006757359417934078,1.5972126089851653,303,303,3037,2.0000000000000004
2000-01-31,-0.22029931823210147,-0.18556547579852523,41,755893,2000,1999,0.09413606442556874,0.2859453460886792,-0.19180928166311048,-0.19492553909113,1.5581287140097624,305,305,3054,2.0
2000-02-29,0.204288234906777,0.14774395313110286,41,755893,2000,1999,0.02286648760599319,-0.15709019919491524,0.17995668680090843,0.17708069083056732,1.4379979851705516,308,308,3081,2.0
2000-03-31,0.2335491823814438,0.19129982936965872,41,755893,2000,1999,-0.0998812230026962,-0.1752702462050699,0.0753890232023737,0.07230102761559139,1.5439977933911533,305,305,3056,2.0
2000-04-30,0.015776869087047608,0.04832053114657362,41,755893,2000,1999,-0.092958570206061,-0.12379338042623775,0.030834810220176742,0.027500406205799473,1.6672020071886349,298,298,2981,2.0
2000-05-31,0.09861765904578904,-0.018885947683888252,41,755893,2000,1999,0.28261214531793366,0.13090209903091077,0.1517100462870229,0.14879283726503661,1.4586045109931365,292,292,2925,2.0
2000-06-30,0.058480605007574765,0.06157807928890629,41,755893,2000,1999,-0.044354914652773414,-0.06537207275298951,0.021017158100216093,0.017610044014485182,1.703557042865456,292,292,2929,1.9999999999999996
2000-07-31,-0.027657059983914455,-0.03375437731608403,41,755893,2000,1999,0.13992835692520772,0.1315261159750426,0.008402240950165119,0.0051314036713174405,1.635418639423839,290,290,2901,2.0
2000-08-31,0.07889515596755263,0.08484102869043102,41,755893,2000,1999,-0.04774710567146488,-0.07590321225935175,0.028156106587886864,0.02530413606329431,1.4259852622962783,292,292,2926,2.0
2000-09-30,0.11012956893644284,0.11453424937747951,41,755893,2000,1999,-0.05943139560786663,-0.09389955487214889,0.03446815926428226,0.031325660364996816,1.571249449642724,288,288,2881,2.0
2000-10-31,0.25993852186119154,0.21477680990385348,41,755893,2000,1999,-0.1707537132020379,-0.2789586971210635,0.10820498391902564,0.10529599695296821,1.4544934830287122,281,281,2813,2.0
2000-11-30,0.010851045491916466,0.02017323428310731,41,755893,2000,1999,0.03829396682080518,0.01450547141703025,0.02378849540377493,0.02070423416223703,1.5421306207689502,268,268,2688,2.0
2000-12-31,0.12532980497897261,0.1307622891981093,41,755893,2000,1999,0.15958826585495725,0.10043238501022278,0.05915588084473447,0.05606219985570825,1.546840494513113,264,264,2642,2.0
2001-01-31,0.3434451871300885,0.2708291444163693,94,807490,2001,2000,-0.12696482001798967,-0.22509370874114026,0.09812888872315059,0.09503907371570988,1.5449075037203517,274,274,2746,2.0
2001-02-28,0.178774509107025,0.17574938047982808,94,807490,2001,2000,-0.08382252672716967,-0.17408924202075085,0.09026671529358118,0.08760711939069092,1.3297979514451284,267,267,2672,2.0
2001-03-31,0.05710145878858337,-0.052336704328195705,94,807490,2001,2000,0.22569923459881108,0.13293342061268965,0.09276581398612144,0.08974213089472717,1.5118415456971361,261,261,2613,2.0000000000000004
2001-04-30,0.11382448905122537,0.12246090929364867,94,807490,2001,2000,0.06804602620656627,-0.014147568784536758,0.08219359499110303,0.0791450788578505,1.5242580666262633,263,263,2639,2.0000000000000004
2001-05-31,0.07113897922650117,0.08119569045859452,94,807490,2001,2000,0.03128780991528516,-0.016003000330520215,0.04729081024580538,0.044602751719532006,1.3440292631366875,267,267,2676,2.0
2001-06-30,0.2845325139281657,0.26294527161502146,94,807490,2001,2000,0.005784219074368942,-0.12123807257393934,0.12702229164830828,0.12415012896457839,1.4360813418649419,266,266,2664,2.0
2001-07-31,0.14231456052141447,0.13205134857862783,94,807490,2001,2000,-0.06724085843857369,-0.10302996998127613,0.03578911154270244,0.033334197372993625,1.2274570848544073,264,264,2648,2.0
2001-08-31,-0.003474152649976298,0.09080987924923214,94,807490,2001,2000,-0.21620432013690677,-0.14811404815412801,-0.06809027198277876,-0.0711084041574201,1.5090660873206763,261,261,2610,2.0
2001-09-30,0.04077882499870833,-0.03284278462806749,94,807490,2001,2000,0.18409394135784196,0.07966551602041123,0.10442842533743073,0.10149923551833988,1.464594909545424,250,250,2505,2.0
2001-10-31,-0.0598959044804322,-0.04477995248431707,94,807490,2001,2000,0.12694675136870098,0.12832548942257438,-0.0013787380538733962,-0.004464724633471964,1.5429932897992837,252,252,2529,2.0
2001-11-30,0.02628921880522261,0.029263265601997226,94,807490,2001,2000,0.07937615145962776,0.02802244561755195,0.05135370584207581,0.048423420573446244,1.4651426343147829,256,256,2561,2.0
2001-12-31,0.2302584158937618,0.22349869845266102,94,807490,2001,2000,0.026554048556739953,-0.05372887251242352,0.08028292106916347,0.07762154002955289,1.3306905198052896,259,259,2593,2.0
2002-01-31,0.23968091912921125,0.1918300674823157,100,856545,2002,2001,-0.03761743347786065,-0.11127161716936887,0.07365418369150822,0.07074133232965997,1.4564256809241267,259,259,2590,2.0
2002-02-28,0.03942413539683893,-0.010686465602362393,100,856545,2002,2001,0.1227289460735574,0.09484477805134486,0.027884168022212538,0.025343348553384906,1.2704097344138168,254,254,2545,2.0
2002-03-31,0.23302286326106786,0.24970430275530342,100,856545,2002,2001,0.019514251678015095,-0.07314476224231042,0.09265901392032552,0.0899750706014133,1.3419716594561124,259,259,2593,2.0
2002-04-30,0.11231563443223366,0.17483487079566665,100,856545,2002,2001,-0.03997453163556901,-0.03938817539068466,-0.0005863562448843451,-0.0035081770436413287,1.4609103993784918,256,256,2567,2.0
2002-05-31,0.04284027654528687,0.1441620343571229,100,856545,2002,2001,-0.13378625776509767,-0.11218636308036711,-0.02159989468473056,-0.024307024607189302,1.3535649612293712,255,255,2556,2.0
2002-06-30,0.1551221889065128,0.1847283823186574,100,856545,2002,2001,-0.13117235339158143,-0.14403497437904525,0.012862620987463824,0.00999271006403681,1.4349554617135065,251,251,2512,2.0
2002-07-31,0.058850345012703704,0.04727323278918871,100,856545,2002,2001,0.020490177592165905,0.0011214064227633815,0.019368771169402523,0.016385195249639356,1.4917879598815829,240,240,2409,2.0
2002-08-31,-0.057049199656842735,0.021680199368948105,100,856545,2002,2001,-0.15843849819978933,-0.08385511223268748,-0.07458338596710186,-0.07741773286307839,1.417173447988262,239,239,2398,2.0
2002-09-30,0.1284818228831134,0.07983483783653633,100,856545,2002,2001,0.11706366823595399,0.031077918432772578,0.08598574980318141,0.083208381683796,1.3886840596927061,233,233,2336,2.0
2002-10-31,0.019296529002545124,0.0008295723730949765,100,856545,2002,2001,0.19512602479885782,0.11427072728352826,0.08085529751532956,0.07806960648814791,1.392845513590827,235,235,2357,2.0
2002-11-30,0.18329362466709292,0.12914347048168648,100,856545,2002,2001,-0.03767645261229109,-0.08237745013690315,0.044700997524612054,0.042036154178103184,1.3324216732544363,241,241,2413,2.0000000000000004
2002-12-31,0.06558077451922377,0.08911364475265136,100,856545,2002,2001,-0.035221984005569924,-0.003238526715343082,-0.03198345729022684,-0.034661433292854746,1.3389880013139501,239,239,2397,2.0
2003-01-31,0.011783346195041088,0.015312222468306,29,903912,2003,2002,-0.018498309489306797,-0.013006147585039027,-0.005492161904267771,-0.008164827770857495,1.3363329332948624,238,238,2387,2.0
2003-02-28,-0.0008923673576587723,-0.021271932006214946,29,903912,2003,2002,0.0027703324782353588,0.011863206507427823,-0.009092874029192465,-0.011166790863030214,1.0369584169188744,236,236,2364,2.0
2003-03-31,0.07207611072442782,0.0438209697361797,29,903912,2003,2002,0.12053159027693516,0.08066866167974648,0.03986292859718868,0.037759285804663575,1.051821396262553,235,235,2356,2.0
2003-04-30,0.0593311584650102,-0.002957518659963277,29,903912,2003,2002,0.14626883965275447,0.10143754064287341,0.04483129900988106,0.04226285130341758,1.2842238532317412,240,240,2403,2.0
2003-05-31,0.05783211775756848,0.05516212811073948,29,903912,2003,2002,0.03188663829201352,0.01115139521877205,0.02073524307324147,0.018546506674474834,1.0943681993833176,247,247,2479,2.0
2003-06-30,0.008323141936540377,0.030682586821623153,29,903912,2003,2002,0.061194301794276845,0.028885455907160806,0.032308845887116036,0.029984597857690705,1.1621240147126661,251,251,2511,2.0
2003-07-31,0.06245046644030733,0.04258290258622955,29,903912,2003,2002,0.06883335591303891,0.04255122585461036,0.026282130058428547,0.02382847934521179,1.22682535660838,255,255,2555,1.9999999999999996
2003-08-31,0.05525975608845784,0.05625730375916745,29,903912,2003,2002,-0.016358432327033764,-0.022124408038347795,0.0057659757113140316,0.0031505370232600485,1.3077193440269914,256,256,2569,2.0
2003-09-30,0.10995252694805209,0.11434287782549381,29,903912,2003,2002,0.12054236966364848,0.05727038288489802,0.06327198677875046,0.06047777653203662,1.3971051233569178,258,258,2588,2.0
2003-10-31,0.019828038375744032,0.023960774360566747,29,903912,2003,2002,0.016131948076776127,0.033520025302957474,-0.017388077226181346,-0.020072180046171405,1.34205140999503,263,263,2631,2.0
2003-11-30,-0.007726697061604881,-0.054411249080114826,29,903912,2003,2002,0.013150756594760707,0.03586066084646983,-0.022709904251709122,-0.02547328849061505,1.3816921194529634,266,266,2662,2.0
2003-12-31,0.011242988518221473,0.030115148198829055,29,903912,2003,2002,0.03647835676505258,0.027546121804690335,0.008932234960362245,0.005996936850328845,1.4676490550167003,267,267,2674,2.0
2004-01-31,-0.1008282294338981,-0.10280844287023387,1,950329,2004,2003,0.0023283196545379327,0.018089596841008637,-0.015761277186470704,-0.019235048464528465,1.7368856390288803,272,272,2720,2.0
2004-02-29,0.008971714445358884,-0.0024447144014015493,1,950329,2004,2003,-0.010019512822090158,-0.0,-0.010019512822090158,-0.012112946186026595,1.0467166819682188,271,271,2717,0.9999999999999999
2004-03-31,-0.10342217902811805,-0.11529525672069232,1,950329,2004,2003,-0.08249612383539681,-0.0,-0.08249612383539681,-0.08382274111145632,0.663308638029757,271,271,2717,1.0
2004-04-30,0.08374246198041206,0.0075175950241740215,1,950329,2004,2003,0.028768880361188607,0.013142574215163991,0.015626306146024616,0.01325574034436032,1.1852829008321475,267,267,2674,2.0
2004-05-31,0.05849574814951599,0.05571368169317851,1,950329,2004,2003,0.023068355744162067,0.017643737777349993,0.0054246179668120745,0.0029420512752601287,1.2412833457759729,266,266,2661,2.0
2004-06-30,-0.09646797842211974,-0.1147767875318357,1,950329,2004,2003,-0.08931945854667162,-0.04541848864437154,-0.04390096990230007,-0.04657105340225323,1.335041749976579,267,267,2675,2.0
2004-07-31,-0.10673515415245914,-0.16492870095533688,1,950329,2004,2003,-0.03491227112478917,-0.0,-0.03491227112478917,-0.037154107752572704,1.120918313891767,263,263,2633,0.9999999999999999
2004-08-31,0.14345266123695743,0.12193875167966894,1,950329,2004,2003,0.08747074631614521,0.018695448276768657,0.06877529803937656,0.06673299649736672,1.0211507710049188,262,262,2624,2.0
2004-09-30,0.006655436555646772,-0.035414791175142166,1,950329,2004,2003,0.022016666940696122,-0.0,0.022016666940696122,0.01973499951862568,1.1408337110352207,263,263,2637,1.0
2004-10-31,0.12731336161733053,0.1007951953783922,1,950329,2004,2003,0.10532719364735348,0.0512676150572725,0.054059578590080974,0.051859903271303624,1.0998376593886747,264,264,2645,2.0
2004-11-30,0.0947673829017256,-0.004173846919761535,1,950329,2004,2003,0.03571185498042383,0.043553544637297104,-0.007841689656873277,-0.010748927124828531,1.4536187339776268,269,269,2691,2.0
2004-12-31,0.00294080569072722,0.04862827241828296,1,950329,2004,2003,-0.04649638707621489,-0.03862172039309734,-0.007874666683117551,-0.010630888125051174,1.3781107209668118,271,271,2711,2.0
2005-01-31,0.03979186401607776,0.03650516464139893,249,996130,2005,2004,0.02768786944223147,0.01773024165071354,0.009957627791517931,0.006649548740033475,1.6540395257422278,269,269,2693,2.0
2005-02-28,-0.02227603920730013,-0.014992439400570394,249,996130,2005,2004,-0.04574527636157712,-0.013848378752844552,-0.031896897608732565,-0.0343456015991509,1.2243519952091666,270,270,2704,2.0
2005-03-31,-0.04809466363844027,-0.07947690190209734,249,996130,2005,2004,-0.06755871624556013,-0.03231007000406988,-0.03524864624149025,-0.03803292962684227,1.3921416926760113,269,269,2690,2.0
2005-04-30,0.16070904211186926,0.13452149744598452,249,996130,2005,2004,0.0805515905872475,0.04902536728612474,0.031526223301122765,0.0286280326370977,1.449095332012534,263,263,2634,2.0
2005-05-31,0.024971027455324882,0.05024194313185824,249,996130,2005,2004,0.019713624958022053,0.0350974933567121,-0.015383868398690045,-0.01789915180569432,1.2576417035021379,264,264,2649,2.0
2005-06-30,0.04059406567107022,0.053909048282788655,249,996130,2005,2004,0.08007765497624686,0.055630302710922494,0.024447352265324365,0.021827765136112436,1.3097935646059649,266,266,2661,2.0
2005-07-31,0.02653259659592656,0.018839856673551297,249,996130,2005,2004,-0.005606820684206638,-0.006250201338925175,0.000643380654718537,-0.0020436285949639236,1.3435046248412303,269,269,2692,2.0
2005-08-31,0.11126124299966969,0.10578610662185117,249,996130,2005,2004,0.02784707746164438,-0.008612856822097212,0.03645993428374159,0.033813883241073775,1.323025521333908,268,268,2689,2.0
2005-09-30,0.02200448007517446,0.0031156532153992817,249,996130,2005,2004,-0.029700498184146298,-0.03099323613924906,0.001292737955102763,-0.0013817948451023908,1.337266400102577,268,268,2683,2.0
2005-10-31,0.10269206755982349,0.09395337849666549,249,996130,2005,2004,0.0656921746263672,0.03569443804084231,0.02999773658552489,0.027151052814655147,1.423341885434871,267,267,2673,1.9999999999999996
2005-11-30,0.03925800523944408,0.04158049178976815,249,996130,2005,2004,0.0111491440691819,-0.0041909743580041785,0.015340118427186078,0.012739172082672714,1.300473172256682,267,267,2677,2.0
2005-12-31,0.0661393334870604,0.04942280110661823,249,996130,2005,2004,0.09609954829542666,0.04076288706146641,0.05533666123396025,0.05293604220695797,1.2003095135011406,267,267,2678,2.0
2006-01-31,0.008496511940235185,-0.022583904085221963,22,1041675,2006,2005,-0.007721603411957497,0.004476212229594041,-0.012197815641551538,-0.015300484214749228,1.5513342865988449,269,269,2693,2.0
2006-02-28,0.0870018704640034,0.07291336504074951,22,1041675,2006,2005,0.032605862714548434,0.020644820254135672,0.011961042460412762,0.010196826037879,0.8821082112668809,270,270,2706,2.0
2006-03-31,0.08167183133001497,0.09271062367359248,22,1041675,2006,2005,0.028106917986868415,-0.0022628302633060583,0.030369748250174473,0.028193129233896833,1.08830950813882,271,271,2711,2.0
2006-04-30,-0.03114272755967044,-0.07562821670390082,22,1041675,2006,2005,-0.04911272126946826,-0.02796052544248826,-0.021152195826979997,-0.02341699394328785,1.1323990581539265,271,271,2717,2.0
2006-05-31,0.008052438631818133,-0.008165104226783742,22,1041675,2006,2005,-0.005745952112272164,-0.00501833079199322,-0.0007276213202789443,-0.002839229409787189,1.0558040447541224,270,270,2709,2.0
2006-06-30,-0.01539129135207853,-0.052867675485118254,22,1041675,2006,2005,-0.04581695805394216,-0.016161279971361135,-0.029655678082581027,-0.031735985760455686,1.0401538389373304,269,269,2693,2.0
2006-07-31,0.03291808884606823,-0.037408904182110014,22,1041675,2006,2005,0.04571164057364137,0.03512189814360777,0.010589742430033598,0.008540403820951913,1.024669304540843,266,266,2667,2.0
2006-08-31,0.07512732824313699,0.02460288440239082,22,1041675,2006,2005,0.023199543176548477,0.01395106981226223,0.009248473364286247,0.006974432981086694,1.1370201915997766,266,266,2661,2.0
2006-09-30,0.01952752217488446,0.030071761836284457,22,1041675,2006,2005,0.06022293316448121,0.04808994112327686,0.012132992041204355,0.010122693800138914,1.00514912053272,267,267,2677,2.0
2006-10-31,-0.006267206718722127,-0.0064223504581704585,22,1041675,2006,2005,0.0229729810362259,0.030294559383700764,-0.007321578347474864,-0.009196419150448443,0.9374204014867896,268,268,2687,2.0
2006-11-30,0.07675081607310778,0.03865563701157741,22,1041675,2006,2005,0.019183518812926556,0.0039284968195979425,0.015255021993328614,0.013317858913334178,0.9685815399972189,269,269,2691,2.0
2006-12-31,0.05808430917063776,0.046839257105993376,22,1041675,2006,2005,0.03376716269270366,0.014565037218888997,0.019202125473814665,0.017355730966489548,0.9231972536625583,268,268,2687,2.0
2007-01-31,0.0745547649527757,0.05612654556304847,34,1086504,2007,2006,-0.0025549847721622223,-0.015512014625335966,0.012957029853173744,0.01094867365853249,1.0041780973206271,268,268,2681,2.0
2007-02-28,0.05656020781672031,0.09052403392778238,34,1086504,2007,2006,0.016735580916036823,-0.003105430590818043,0.019841011506854866,0.018270641391223363,0.7851850578157515,267,267,2679,2.0
2007-03-31,0.04549341461365933,0.08328905278908312,34,1086504,2007,2006,0.031117562343962867,0.017691269229020864,0.013426293114942003,0.01190560281590825,0.7603451495168763,267,267,2672,1.9999999999999998
2007-04-30,0.060055268157690446,0.02020720105124598,34,1086504,2007,2006,0.04381539098434195,0.03916263747445547,0.004652753509886483,0.0025786495257382877,1.0370519920740975,266,266,2665,2.0
2007-05-31,0.0335366731812916,0.04210911262975407,34,1086504,2007,2006,-0.014722684586257646,-0.029433144543399684,0.014710459957142038,0.012945279832288277,0.8825900624268802,266,266,2665,2.0
2007-06-30,0.03705561273679928,0.03261403340840673,34,1086504,2007,2006,-0.07614226516374892,-0.06910086112754829,-0.007041404036200627,-0.008727352542561765,0.8429742531805695,265,265,2654,1.9999999999999998
2007-07-31,-0.08451564442618449,-0.12228793617016807,34,1086504,2007,2006,-0.04842144012273429,0.022319329137900572,-0.07074076926063486,-0.07285870898030662,1.0589698598358845,263,263,2637,1.9999999999999998
2007-08-31,-0.06408988878565737,-0.02257830809518413,34,1086504,2007,2006,-0.024365717861151916,0.029626341314713804,-0.05399205917586572,-0.05608604971136066,1.0469952677474672,260,260,2604,2.0
2007-09-30,0.03642426495315342,0.06264136882466612,34,1086504,2007,2006,-0.01281752740573958,-0.0038459734764091018,-0.008971553929330477,-0.010675946308979785,0.8521961898246535,259,259,2595,2.0
2007-10-31,0.04510629193922771,0.00544018229106255,34,1086504,2007,2006,-0.10336767709932751,-0.09370302428277716,-0.009664652816550351,-0.01132002680188195,0.8276869926657997,258,258,2587,2.0
2007-11-30,0.06446742632633691,0.09897326250356613,34,1086504,2007,2006,-0.02318282192475108,-0.02387496413719023,0.0006921422124391494,-0.0013845326654141881,1.0383374389266686,255,255,2553,2.0
2007-12-31,0.07717485286975093,-0.017995294677339332,34,1086504,2007,2006,-0.006301799615784828,-0.03258892491083963,0.0262871252950548,0.02440654000479747,0.9402926451286662,255,255,2550,2.0
2008-01-31,0.07049640025807916,0.08584315144143051,17,1129984,2008,2007,-0.03907714780189979,-0.03489938915457349,-0.0041777586473263,-0.006392506170170202,1.1073737614219508,252,252,2524,2.0
2008-02-29,-0.014213393050110804,-0.031732955542910675,17,1129984,2008,2007,-0.0463088224467237,-0.009769504538458209,-0.03653931790826549,-0.03814308617086778,0.8018841313011423,250,250,2507,2.0
2008-03-31,0.058249240097685825,0.014841274750883262,17,1129984,2008,2007,0.06222084889651647,0.0480161698865102,0.014204679010006264,0.0126339153186831,0.7853818456615824,247,247,2475,2.0
2008-04-30,0.01933311265444659,0.06953510273278136,17,1129984,2008,2007,0.01929348899130898,0.023353195970689907,-0.004059706979380927,-0.00585479716833468,0.8975450944768766,247,247,2470,2.0
2008-05-31,0.010341556441614127,0.026227177446729966,17,1129984,2008,2007,-0.13330116850744206,-0.12427882177504736,-0.009022346732394701,-0.010324512453547268,0.6510828605762838,247,247,2472,2.0
2008-06-30,0.14619204860386625,0.07486339025558131,17,1129984,2008,2007,0.05245149542194579,0.011585143097930288,0.040866352324015504,0.03902733233236168,0.9195099958269116,241,241,2417,2.0
2008-07-31,0.0502296437914641,0.08704037109125885,17,1129984,2008,2007,0.059956439476080536,0.018953802708744673,0.041002636767335864,0.03905497147590145,0.9738326457172067,241,241,2413,1.9999999999999998
2008-08-31,-0.06818404443576094,-0.07462722073874004,17,1129984,2008,2007,-0.13714588059969768,-0.07511079226726691,-0.062035088332430766,-0.06365008928903405,0.807500478301646,240,240,2404,1.9999999999999998
2008-09-30,-0.12737283944894975,-0.10221885225339712,17,1129984,2008,2007,-0.30863253869900426,-0.244006384703874,-0.06462615399513025,-0.06670875568899234,1.0413008469310445,234,234,2345,2.0
2008-10-31,-0.146407600026298,-0.11483227057827809,17,1129984,2008,2007,-0.1602002492037981,-0.1301717598987031,-0.030028489305094996,-0.03256235982832913,1.2669352616170668,215,215,2152,2.0
2008-11-30,0.22502267191145414,0.19856194096199836,17,1129984,2008,2007,0.13617589282040887,0.022764023841094348,0.11341186897931452,0.11073582023390818,1.3380243727031678,200,200,2006,2.0
2008-12-31,0.06670697335366411,0.0070147272584529935,17,1129984,2008,2007,-0.054475354067322804,-0.07835868906662999,0.023883334999307185,0.021819684006984003,1.0318254961615905,201,201,2012,2.0
2009-01-31,-0.0952714557050638,-0.09116532181274507,2,1171942,2009,2008,-0.17588773424617793,-0.12386103852931947,-0.05202669571685846,-0.0549924635734825,1.4828839283120208,194,194,1943,2.0
2009-02-28,0.1685666348230834,0.15617908427373528,2,1171942,2009,2008,0.1535762158943389,0.051567137755593614,0.10200907813874528,0.09959359555062758,1.2077412940588537,184,184,1845,2.0
2009-03-31,0.31225775824055174,0.3215709840317888,2,1171942,2009,2008,0.4028210147001912,0.11133094898942883,0.2914900657107624,0.2892206349415826,1.1347153845898825,189,189,1895,2.0
2009-04-30,0.08722120755506656,0.09569207387159466,2,1171942,2009,2008,0.03325274640209929,0.050513492248261,-0.01726074584616171,-0.01997989955274291,1.3595768532905992,201,201,2015,2.0
2009-05-31,0.028958846793520832,0.00661126264068309,2,1171942,2009,2008,0.0037059389732048186,-0.0044301943164607276,0.008136133289665545,0.005840947295251572,1.1475929972069867,206,206,2068,2.0000000000000004
2009-06-30,0.18626965409147797,0.17913271010325937,2,1171942,2009,2008,0.17214497742676121,0.06969646012917552,0.1024485172975857,0.1001469719013787,1.150772698103499,208,208,2080,2.0
2009-07-31,0.11232505713305684,0.08870975369569381,2,1171942,2009,2008,0.09692271854670431,0.03184918355962588,0.06507353498707844,0.06290796017988093,1.0827874035987566,211,211,2117,2.0
2009-08-31,0.10756467745006726,0.10242929285192591,2,1171942,2009,2008,0.09285232023408424,0.04760116479800368,0.04525115543608056,0.04319949673355804,1.0258293512612633,215,215,2159,2.0000000000000004
2009-09-30,-0.08436841456051672,-0.0731914183190889,2,1171942,2009,2008,-0.08986414590679051,-0.03611250196298865,-0.05375164394380186,-0.05529848051564054,0.7734182859193433,217,217,2174,2.0
2009-10-31,0.03248167473592455,0.01784953466643306,2,1171942,2009,2008,0.03343616302718273,0.05220908363032964,-0.018772920603146906,-0.021095744577751607,1.1614119873023498,212,212,2127,2.0
2009-11-30,0.12090203462452107,0.08227597603935576,2,1171942,2009,2008,0.11073042612997881,0.05228711006465281,0.058443316065326004,0.056455513235361125,0.9939014149824399,212,212,2125,2.0
2009-12-31,0.0008501926606584666,-0.03130736173680331,2,1171942,2009,2008,-0.05069250135845451,-0.02652159284396173,-0.02417090851449278,-0.025790538283019995,0.8098148842636081,215,215,2151,2.0000000000000004
2010-01-31,0.15253397261138532,0.1166827746271984,48,1212448,2010,2009,0.09085203161633927,0.024076889071393645,0.06677514254494563,0.06412670351038867,1.3242195172784808,216,216,2160,2.0
2010-02-28,0.1394304499259141,0.16264534024839167,48,1212448,2010,2009,0.11502223501158783,0.04894033980501828,0.06608189520656954,0.06480623794093034,0.6378286328196021,217,217,2172,2.0
2010-03-31,0.2266240002963857,0.19659402585770938,48,1212448,2010,2009,0.08144705888770629,0.025927310913515036,0.05551974797419125,0.05408707388475579,0.7163370447177301,222,222,2229,2.0
2010-04-30,-0.09229513771308817,-0.10340796182650178,48,1212448,2010,2009,-0.10908527675084512,-0.06352947455719464,-0.04555580219365048,-0.0474406639380159,0.9424308721827133,227,227,2273,2.0
2010-05-31,-0.1992084306833696,-0.22273194801360602,48,1212448,2010,2009,-0.12728045902226215,-0.037733635659863374,-0.08954682336239878,-0.0910723565624373,0.7627666000192612,222,222,2223,2.0
2010-06-30,0.13897474717303762,0.11860108060942687,48,1212448,2010,2009,0.12501385793371222,0.06898835872359367,0.056025499210118554,0.05436700538997221,0.8292469100731723,218,218,2180,2.0
2010-07-31,-0.17616418610239074,-0.18935564926654377,48,1212448,2010,2009,-0.0902627091081518,-0.02837709584688576,-0.06188561326126604,-0.06376280333958402,0.9385950391589863,219,219,2196,2.0
2010-08-31,0.15388067795647675,0.15768164344742186,48,1212448,2010,2009,0.14891903458128358,0.08375289774368838,0.0651661368375952,0.0636267937493912,0.7696715441019982,215,215,2153,2.0000000000000004
2010-09-30,0.04380777462562403,0.0578013095603012,48,1212448,2010,2009,0.060115956147703986,0.04142995054864208,0.018686005599061903,0.017140108226329553,0.7729486863661745,219,219,2196,2.0
2010-10-31,0.06061729481097954,0.08453075942746978,48,1212448,2010,2009,0.026294163179523496,0.012643582267960937,0.013650580911562559,0.011951505115373752,0.8495378980944033,222,222,2220,2.0
2010-11-30,0.0675358337294895,0.05786887434025481,48,1212448,2010,2009,0.10227736268963472,0.07647959635200065,0.025797766337634073,0.024472363850709236,0.6627012434624193,222,222,2225,2.0
2010-12-31,0.03093291751301209,-0.0028300506475843414,48,1212448,2010,2009,0.008436938919172802,0.017392754586828797,-0.008955815667655995,-0.010309256423730763,0.676720378037384,224,224,2249,2.0
2011-01-31,0.049942224498530904,0.021130516607161223,53,1252420,2011,2010,0.04852901186528169,0.05353348435506815,-0.005004472489786457,-0.007087313914307591,1.0414207122605665,226,226,2269,2.0
2011-02-28,-0.05214819825010652,-0.022480118808286095,53,1252420,2011,2010,0.008335926145542715,0.009458964268854163,-0.0011230381233114477,-0.002626251382388296,0.7516066295384243,227,227,2271,2.0
2011-03-31,-0.0032975878423251786,-0.038783261118927784,53,1252420,2011,2010,0.030596780417129512,0.031081233063034484,-0.00048445264590497167,-0.00181489702790242,0.6652221909987241,225,225,2254,2.0000000000000004
2011-04-30,-0.036863075697217876,-0.05543982187328068,53,1252420,2011,2010,-0.021710131041918896,-0.013930667097232799,-0.007779463944686097,-0.009426621935879953,0.8235789955969284,226,226,2265,2.0
2011-05-31,0.037828029859521654,0.006414731993773503,53,1252420,2011,2010,-0.0267305178907371,-0.029639762307796275,0.0029092444170591737,0.00150133338004945,0.7039555185048619,225,225,2253,2.0
2011-06-30,0.015059154277736355,0.022273437179066345,53,1252420,2011,2010,-0.056263497135099275,-0.02857442143363252,-0.027689075701466753,-0.028688614697740956,0.4997694981371017,222,222,2229,2.0
2011-07-31,-0.022501721404835133,-0.0782841958484774,53,1252420,2011,2010,-0.09462678666702334,-0.06384168389966033,-0.030785102767363015,-0.032495800652214635,0.8553489424258087,221,221,2215,2.0
2011-08-31,-0.07790448082613934,-0.08055253542258746,53,1252420,2011,2010,-0.16121646683023244,-0.10812085715647932,-0.053095609673753125,-0.05493841662502688,0.9214034756368799,216,216,2165,2.0
2011-09-30,0.23932658384186886,0.19682866908835692,53,1252420,2011,2010,0.25189392161248114,0.1290549716188459,0.12283894999363523,0.12089915104861354,0.969899472510843,210,210,2107,2.0
2011-10-31,0.017878647191833876,0.011491732982138916,53,1252420,2011,2010,-0.032765853183464824,-0.02520828496463414,-0.007557568218830683,-0.009764642326039262,1.1035370536042897,216,216,2161,2.0
2011-11-30,0.048215350801498275,0.025043970257400332,53,1252420,2011,2010,-0.0009783411905893952,0.008033525828363539,-0.009011867018952935,-0.010423367324510244,0.7057501527786554,214,214,2141,2.0
2011-12-31,0.09702378030167444,0.05081751880500782,53,1252420,2011,2010,0.12598386205598128,0.09212168915820747,0.03386217289777381,0.03256994061258253,0.6461161425956385,214,214,2140,2.0
2012-01-31,0.07165247977652753,0.06757207512991799,47,1291852,2012,2011,0.050981973344574216,0.038931843028199735,0.012050130316374481,0.010094256574834136,0.9779368707701726,218,218,2183,2.0
2012-02-29,0.11808505706523145,0.09453932116458502,47,1291852,2012,2011,0.025386034268774553,0.019883010326392375,0.0055030239423821785,0.004382850420573698,0.5600867609042401,219,219,2194,2.0
2012-03-31,-0.04213678394688413,-0.08203389399497231,47,1291852,2012,2011,-0.02129109771906892,-0.0035277536796102437,-0.017763344039458676,-0.01883906103356822,0.5378584970547704,221,221,2211,1.9999999999999998
2012-04-30,0.052743240310666024,0.06315999913786136,47,1291852,2012,2011,-0.08243193848820571,-0.07832423078715728,-0.00410770770104843,-0.005941492924049465,0.9168926115005176,222,222,2220,2.0
2012-05-31,-0.0014697837752373616,-0.005579667278161484,47,1291852,2012,2011,0.01978803343578909,0.02639617798889943,-0.006608144553110342,-0.008258980843064189,0.8254181449769231,219,219,2190,1.9999999999999998
2012-06-30,-0.006409953718614712,-0.036138668954165655,47,1291852,2012,2011,-0.019854063705461784,0.0023448038683268092,-0.022198867573788594,-0.023528527979407736,0.6648302028095712,220,220,2201,2.0
2012-07-31,0.0757502476667899,0.05142687380394479,47,1291852,2012,2011,0.06003731097595132,0.044535908498657586,0.015501402477293737,0.013736366309798877,0.8825180837474293,219,219,2193,2.0
2012-08-31,0.004447074974395879,-0.002590177422771884,47,1291852,2012,2011,0.030213163564270104,0.028826485293410517,0.001386678270859587,2.409553803978462e-05,0.6812913664099012,219,219,2197,2.0
2012-09-30,0.03219684652645821,0.01197025323059429,47,1291852,2012,2011,-0.010845385590188501,-0.014141096637213127,0.0032957110470246253,0.0017608625076845933,0.767424269670016,221,221,2216,2.0
2012-10-31,0.04376434597484196,0.04393605085778779,47,1291852,2012,2011,0.029947203260485156,-0.007560344319287508,0.03750754757977266,0.035589201585381924,0.9591729971953697,221,221,2214,1.9999999999999996
2012-11-30,0.0566734223932201,0.0687226721688378,47,1291852,2012,2011,0.037634398975840644,0.027710737519854867,0.009923661455985777,0.00868753392907657,0.6180637634546041,220,220,2204,2.0
2012-12-31,0.04319018071716411,0.006215154560188697,47,1291852,2012,2011,0.09638173761628002,0.07152069916107957,0.02486103845520045,0.02378583794926885,0.5376002529657979,220,220,2200,2.0
2013-01-31,0.0445597796905964,0.044814965557266974,60,1331168,2013,2012,0.014574097918946635,-0.007573683012579349,0.022147780931525984,0.020094693399979782,1.0265437657731005,223,223,2234,2.0000000000000004
2013-02-28,0.01746554165110685,0.03431055288125875,60,1331168,2013,2012,0.04776806998148821,0.04231637674594661,0.005451693235541601,0.004295173769810724,0.5782597328654382,223,223,2232,2.0
2013-03-31,0.07887758354101736,-0.004129560718345306,60,1331168,2013,2012,0.02491908853641522,0.015245188952666227,0.009673899583748993,0.008563095030498813,0.5554022766250903,224,224,2240,2.0
2013-04-30,0.1636693151734375,0.16836099892598233,60,1331168,2013,2012,0.06459352008523599,0.009289949824535652,0.05530357026070033,0.053536038652638465,0.8837658040309337,224,224,2240,2.0
2013-05-31,0.07358115799113957,0.10334860848906122,60,1331168,2013,2012,0.005623188739180201,-0.007787126660050056,0.013410315399230257,0.012112420982675206,0.6489472082775259,225,225,2254,2.0
2013-06-30,0.13705130416175193,0.16965497545303365,60,1331168,2013,2012,0.08547745468312357,0.029203953048536038,0.056273501634587525,0.05518090479495207,0.5462984198177279,225,225,2254,2.0
2013-07-31,0.04109833019640117,-0.001681464816923195,60,1331168,2013,2012,-0.026225761604150875,-0.027401987806460925,0.0011762262023100496,-0.0005631396904114349,0.8696829463607423,227,227,2273,2.0
2013-08-31,-0.007188746139119979,-0.0442326501835335,60,1331168,2013,2012,0.03819086618162624,0.03661664964818162,0.0015742165334446181,0.00024760246842038926,0.6633070325121144,226,226,2269,2.0
2013-09-30,0.08947903698208318,0.05099716318575203,60,1331168,2013,2012,0.04042572856139043,0.01763094308953085,0.022794785471859577,0.021797593468554956,0.4985960016523107,229,229,2293,2.0
2013-10-31,0.15468636589389512,0.15322048076258113,60,1331168,2013,2012,0.05622157670062681,-0.013106584259889613,0.06932816096051642,0.06771741994065553,0.8053705099304448,229,229,2290,2.0
2013-11-30,0.046751575178882114,0.017385872710854285,60,1331168,2013,2012,0.024787080871136315,0.02625646667362455,-0.0014693858024882357,-0.002478728424998456,0.5046713112551101,229,229,2298,2.0
2013-12-31,-0.07372482589712473,-0.0828925046534059,60,1331168,2013,2012,-0.029901508913752164,0.021054992205659075,-0.05095650111941124,-0.05195264769829939,0.4980732894440748,231,231,2310,2.0
2014-01-31,0.02622523408132107,-0.0071709436740713854,55,1370053,2014,2013,0.06373435759065249,0.026948755010139068,0.03678560258051342,0.035092898002366105,0.8463522890736579,232,232,2320,2.0
2014-02-28,0.12825481512375633,0.12374565686136889,55,1370053,2014,2013,0.026267666760446513,-0.01207602288827752,0.03834368964872403,0.037180853885338906,0.5814178816925627,232,232,2321,2.0
2014-03-31,0.05342983485836487,-0.02766422032835096,55,1370053,2014,2013,-0.024839902609405076,-0.001469071155458618,-0.02337083145394646,-0.024362395689245798,0.4957821176496693,232,232,2321,2.0
2014-04-30,0.012354872883841786,-0.02862857604376524,55,1370053,2014,2013,0.013713677797251859,0.020771077183357557,-0.007057399386105698,-0.008629735543500116,0.7861680786972092,231,231,2311,2.0
2014-05-31,-0.0849883123492092,-0.04120442687275702,55,1370053,2014,2013,0.05636405193095921,0.05525382558621999,0.0011102263447392222,-0.000281792607605975,0.6960094761725986,231,231,2313,2.0
2014-06-30,0.10371497208461375,0.0839359526131054,55,1370053,2014,2013,-0.02456675393869842,-0.04456505718016076,0.019998303241462338,0.018893938566546028,0.5521823374581551,233,233,2333,2.0
2014-07-31,0.032066935546928445,-0.01020451397161369,55,1370053,2014,2013,0.038232804719043084,0.05515698387342609,-0.016924179154383004,-0.018654527395418966,0.8651741205179806,232,232,2329,2.0
2014-08-31,0.017962047403737167,0.05952369955185742,55,1370053,2014,2013,-0.04964819372796535,-0.049696238532707285,4.804480474193684e-05,-0.0012053771396005617,0.6267109721712493,233,233,2338,2.0
2014-09-30,0.03573672909471218,-0.009108212101860455,55,1370053,2014,2013,0.0136065752640989,0.03223100053661003,-0.01862442527251113,-0.019851962925160734,0.613768826324801,232,232,2325,2.0
2014-10-31,0.035901131015600926,0.043766415029197814,55,1370053,2014,2013,-0.0048296769867510695,0.0038573291646134596,-0.00868700615136453,-0.01039506475870601,0.8540293036707407,232,232,2325,2.0
2014-11-30,-0.08847062876760468,0.037377365410513584,55,1370053,2014,2013,-0.031808570045051554,-0.005866431722445253,-0.0259421383226063,-0.027434863220346137,0.7463624488699192,232,232,2329,2.0
2014-12-31,-0.04385619125059818,-0.034967738543050984,55,1370053,2014,2013,-0.05294149419888017,-0.04490451575643532,-0.008036978442444845,-0.009230782334027536,0.5969019457913455,231,231,2318,2.0
2015-01-31,-0.02206391617882984,-0.0269091011048797,99,1409179,2015,2014,0.0884841891473574,0.05858072921593873,0.029903459931418665,0.027418434116660433,1.2425129073791155,230,230,2305,2.0000000000000004
2015-02-28,0.017148290952634055,0.026216935520354492,99,1409179,2015,2014,-0.005881340917284792,-0.010093637674764568,0.004212296757479776,0.0029095890741708845,0.6513538416544455,230,230,2304,2.0
2015-03-31,0.10444518652921571,0.027649681141451388,99,1409179,2015,2014,0.04338115776584735,-0.0024151358424252165,0.045796293608272566,0.04468380512385736,0.5562442422076004,230,230,2301,2.0000000000000004
2015-04-30,-0.04651650263227299,0.03755319427410726,99,1409179,2015,2014,0.011576761883655527,-0.009547266928792748,0.021124028812448275,0.019167407612258058,0.9783106000951084,230,230,2305,2.0
2015-05-31,0.054739539772265824,0.11093086036782053,99,1409179,2015,2014,-0.022325059560450382,-0.03442006621545882,0.012095006655008435,0.010911147569492515,0.5919295427579602,230,230,2305,2.0
2015-06-30,-0.03459069967702417,0.004010728845851054,99,1409179,2015,2014,-0.03848890074327679,-0.01004719980651328,-0.028441700936763507,-0.029612187072153344,0.585243067694919,230,230,2307,2.0
2015-07-31,0.10641445172590064,0.1078321892973201,99,1409179,2015,2014,-0.04698657747775093,-0.05431909450318148,0.00733251702543055,0.005295779428229931,1.0183687986003098,228,228,2281,2.0
2015-08-31,-0.002902539351507415,0.08193116718984582,99,1409179,2015,2014,-0.10759881169216773,-0.054074441309654664,-0.053524370382513065,-0.05461409072267438,0.5448601700806608,227,227,2272,2.0
2015-09-30,0.0431100534992248,-0.01622209585872176,99,1409179,2015,2014,0.09372771643806299,0.0821404675570801,0.011587248880982892,0.010293591232108329,0.646828824437282,224,224,2248,2.0
2015-10-31,0.002097027431442411,0.06321289092317918,99,1409179,2015,2014,-0.015616442325784045,0.001412858598477801,-0.017029300924261845,-0.019012660476792596,0.9916797762653756,225,225,2257,2.0
2015-11-30,0.0471112809250221,0.03495556327526234,99,1409179,2015,2014,-0.068296007853454,-0.035420405195867845,-0.03287560265758615,-0.03404474421147415,0.584570776944002,225,225,2253,2.0
2015-12-31,0.08462115319224842,0.04336606182186544,99,1409179,2015,2014,-0.08677183154811796,-0.0729230441820275,-0.013848787366090465,-0.015189539928198841,0.6703762810541878,222,222,2227,2.0
2016-01-31,-0.012465986469429518,-0.036911947090255685,31,1448076,2016,2015,-0.003928590870719158,-0.01097570510237038,0.007047114231651222,0.004389374419167501,1.3288699062418605,218,218,2185,2.0
2016-02-29,-0.023350928230565997,-0.11982609386357257,31,1448076,2016,2015,0.13259286754769564,0.09888602914228589,0.03370683840540975,0.032250944003058196,0.7279472011757782,218,218,2180,2.0000000000000004
2016-03-31,0.008752648992203948,-0.043630344347080977,31,1448076,2016,2015,0.04118524681584195,0.04076165011602767,0.0004235966998142812,-0.0009401466125639425,0.6818716561891118,219,219,2193,2.0
2016-04-30,-0.012361412992924639,-0.03700301136569572,31,1448076,2016,2015,-0.003003935527588072,0.020103973541145296,-0.02310790906873337,-0.024484083131322304,0.6880870312944678,220,220,2201,1.9999999999999998
2016-05-31,0.06547180350209027,0.08428339981734594,31,1448076,2016,2015,0.01066653580832478,-0.011604027928896225,0.022270563737221007,0.021205306496816213,0.5326286202023975,219,219,2193,2.0000000000000004
2016-06-30,-0.05061884149329826,-0.045947437648347605,31,1448076,2016,2015,0.05868012078475965,0.07578685322544919,-0.01710673244068954,-0.01816070348325599,0.5269855212832248,219,219,2194,2.0
2016-07-31,-0.0027149120244385565,-0.055114586210537636,31,1448076,2016,2015,-0.00333414887782913,0.017100608526906466,-0.020434757404735597,-0.021842687138813252,0.7039648670388274,220,220,2206,2.0
2016-08-31,-0.03807583681300639,0.03732872301383851,31,1448076,2016,2015,0.016288499803533682,0.009465485580403499,0.006823014223130183,0.005725635735872747,0.5486892436287181,219,219,2191,2.0
2016-09-30,0.06116959189394365,0.041553643031581745,31,1448076,2016,2015,-0.02417214606266213,-0.028195187703635532,0.004023041640973401,0.0030356344030404115,0.49370361896649456,219,219,2191,2.0
2016-10-31,0.019577010911478267,0.0533218148973092,31,1448076,2016,2015,0.11931804872903537,0.06688950858320893,0.052428540145826444,0.051167197528423365,0.6306713087015381,218,218,2183,2.0
2016-11-30,0.08501193238243471,0.05438317679127331,31,1448076,2016,2015,0.02264774888448242,0.013185835814558003,0.009461913069924418,0.008126665200941574,0.6676239344914214,219,219,2192,2.0
2016-12-31,-0.006498288528015216,-0.05652805997104502,31,1448076,2016,2015,0.027635473671187315,0.0313884310417409,-0.003752957370553582,-0.005062412412694017,0.6547275210702171,218,218,2189,2.0
2017-01-31,-0.07371087433196824,-0.09457994986155345,46,1485697,2017,2016,0.004863239330340245,0.04283548563965,-0.03797224630930975,-0.04017591003360342,1.101831862146835,220,220,2200,2.0
2017-02-28,0.015474980875483215,-0.012714176580173943,46,1485697,2017,2016,-0.005328109333842697,-0.007449106384658684,0.002120997050815987,0.0008674017270566907,0.6267976618796482,219,219,2196,1.9999999999999998
2017-03-31,0.014041558143810596,0.035818549494988236,46,1485697,2017,2016,-0.005337634197061547,0.006310625731527403,-0.01164825992858895,-0.01305037878516242,0.7010594282867356,218,218,2186,2.0
2017-04-30,0.005719621843220215,-0.018268471693176403,46,1485697,2017,2016,-0.011179355960808587,-0.011297498276832527,0.00011814231602393956,-0.0016786144596872504,0.898378387855595,218,218,2181,2.0
2017-05-31,-0.05491088059413487,-0.029716602538924698,46,1485697,2017,2016,0.032230311799305904,0.011958977925861158,0.020271333873444746,0.01883257188500656,0.7193809942190937,217,217,2170,2.0
2017-06-30,0.04057630177051014,0.03473584666224245,46,1485697,2017,2016,0.03236329249178838,0.009492809761500097,0.022870482730288286,0.021331874694037307,0.7693040181254888,216,216,2169,2.0
2017-07-31,-0.00787540488187425,-0.010476800512480752,46,1485697,2017,2016,-0.019697671407978123,-0.03250982306171245,0.012812151653734324,0.01130817244886036,0.7519896024369821,216,216,2165,2.0
2017-08-31,0.07280498499838592,0.02630528812325588,46,1485697,2017,2016,0.053574206574851825,0.038554176556535605,0.01502003001831622,0.013571056407964955,0.7244868051756326,214,214,2147,2.0
2017-09-30,0.05555194458646223,0.11527549095398132,46,1485697,2017,2016,-0.003477677734877128,-0.006497573755475702,0.0030198960205985743,0.001678787730320341,0.6705541451391166,214,214,2146,2.0
2017-10-31,-0.017268087967837513,-0.023543311176082965,46,1485697,2017,2016,0.04129930574719102,0.03548937392031368,0.005809931826877342,0.004278637227560256,0.7656472996585426,213,213,2137,2.0
2017-11-30,-0.11435723829576819,-0.0650037644722096,46,1485697,2017,2016,0.017613122450555383,0.027155744134153642,-0.009542621683598259,-0.011075680025896931,0.7665291711493362,214,214,2147,2.0
2017-12-31,0.08078458893448343,0.05352227543853606,46,1485697,2017,2016,0.038630710227241724,0.01888332131590211,0.019747388911339613,0.018047950080544058,0.8497194153977776,214,214,2145,2.0
2018-01-31,0.04907060994707376,0.05882090102133386,114,1522272,2018,2017,-0.049397460715242855,-0.061563386057943995,0.01216592534270114,0.009566855281071797,1.299535030814671,214,214,2146,2.0
2018-02-28,-0.005571653601522566,-0.04331654982709422,114,1522272,2018,2017,-0.008547044381909615,0.02364721236573954,-0.032194256747649155,-0.03431095656986447,1.058349911107658,214,214,2141,2.0
2018-03-31,0.03023698970874401,-0.014132642595924658,114,1522272,2018,2017,0.0324752847300937,0.0034896137603087985,0.028985670969784903,0.026795408533579305,1.0951312181027997,212,212,2128,2.0
2018-04-30,0.07787140589322786,0.029997011059463976,114,1522272,2018,2017,0.045796455959259234,0.024847484509473574,0.02094897144978566,0.018529753774326092,1.209608837729784,213,213,2136,2.0
2018-05-31,-0.01436593781682971,-0.05966780098307391,114,1522272,2018,2017,0.013404254336054607,0.03365452224398294,-0.020250267907928332,-0.02251729207097053,1.1335120815210984,214,214,2141,2.0
2018-06-30,0.063696479206179,0.028245822632860254,114,1522272,2018,2017,0.010018722011685036,0.020677796892919945,-0.010659074881234909,-0.012702441760916783,1.0216834398409365,213,213,2137,2.0
2018-07-31,0.02646581290630934,0.03238320614334909,114,1522272,2018,2017,0.016591098340363306,0.004914266468562216,0.011676831871801088,0.009474888109693864,1.1009718810536122,212,212,2128,2.0
2018-08-31,0.04348444036533148,-0.003115375034142602,114,1522272,2018,2017,-0.0011991245394513536,-0.011605535368964626,0.010406410829513272,0.008096342302036572,1.1550342637383497,212,212,2121,2.0
2018-09-30,0.06365346440022077,0.01458010397190037,114,1522272,2018,2017,-0.08189063113397302,-0.08818515495129993,0.006294523817326911,0.004203530095770427,1.0454968607782422,211,211,2117,2.0
2018-10-31,-0.042338472941462715,-0.07916625324263485,114,1522272,2018,2017,0.0037797251428689886,0.022781885382669287,-0.019002160239800298,-0.021748849398175826,1.3733445791877639,208,208,2085,2.0
2018-11-30,0.01738101410653356,0.0642309848580166,114,1522272,2018,2017,-0.11529861242696095,-0.12813004641543688,0.01283143398847593,0.01033525518824534,1.248089400115295,206,206,2064,2.0
2018-12-31,-0.05071804454861999,-0.07728044442210949,114,1522272,2018,2017,0.12300247635605745,0.1374225861170546,-0.014420109760997155,-0.01709240052824381,1.3361453836233284,202,202,2021,2.0
2019-01-31,-0.08472956231136254,-0.02996344143268675,189,1558016,2019,2018,0.04853985997858354,0.03862711763543931,0.00991274234314423,0.007113170905765123,1.3997857186895537,204,204,2045,2.0
2019-02-28,-0.05177690781958153,0.01740760586272555,189,1558016,2019,2018,-0.018048413369001953,-0.017786235383318322,-0.0002621779856836308,-0.002629059049322097,1.1834405318192331,204,204,2045,2.0
2019-03-31,-0.010932462248378835,-0.02558844968862855,189,1558016,2019,2018,0.026071546690102018,0.052984819146423834,-0.026913272456321816,-0.02930249831326594,1.1946129284720621,204,204,2041,1.9999999999999998
2019-04-30,-0.15473425515533293,-0.11442177642536787,189,1558016,2019,2018,-0.1364494032667939,-0.07100029764168297,-0.06544910562511091,-0.06794520569013573,1.2480500325124115,203,203,2038,2.0
2019-05-31,0.015974465052083896,0.009487918206950038,189,1558016,2019,2018,0.08538118205668041,0.07360572597585885,0.011775456080821561,0.009139009684852328,1.3182231979846168,201,201,2013,2.0
2019-06-30,-0.04970005109427045,-0.03027484942237898,189,1558016,2019,2018,-0.012825818909000274,0.014365976408103501,-0.027191795317103775,-0.029637180253793683,1.2226924683449547,202,202,2022,2.0
2019-07-31,-0.07806800318383288,0.006304171277030429,189,1558016,2019,2018,-0.10206586985148056,-0.056362530904214884,-0.04570333894726567,-0.048096731757529244,1.196696405131785,201,201,2014,2.0
2019-08-31,0.007508655840443311,-0.03771673177991158,189,1558016,2019,2018,0.03846669437164793,0.058298460488904795,-0.019831766117256865,-0.022559405762322488,1.363819822532811,199,199,1996,2.0
2019-09-30,-0.019289111953176816,-0.018626562585407663,189,1558016,2019,2018,0.01549246834761069,0.014117280626619152,0.001375187720991539,-0.0010533906823108662,1.2142892016512026,198,198,1989,2.0
2019-10-31,-0.13507891240939748,-0.024312136683105733,189,1558016,2019,2018,0.028141617092435615,0.059994757952534505,-0.03185314086009889,-0.034291916783259796,1.2193879615804537,197,197,1979,2.0
2019-11-30,0.03231198990473268,-0.00796505510775076,189,1558016,2019,2018,0.06602710731732243,0.029966478388948108,0.036060628928374326,0.03379255274157352,1.1340380934004026,196,196,1965,2.0
2019-12-31,-0.22039090468614317,-0.18346269846832777,189,1558016,2019,2018,-0.07820984360833143,-0.0242329691962924,-0.05397687441203903,-0.05643474615682475,1.2289358723928592,197,197,1976,2.0
2020-01-31,-0.06309888418581498,-0.11207288120247891,40,1592372,2020,2019,-0.13536262924950654,-0.10099840486791956,-0.03436422438158698,-0.036846019552230776,1.240897585321897,196,196,1961,2.0
2020-02-29,-0.05778544533428098,-0.01958761232131676,40,1592372,2020,2019,-0.33253034550419364,-0.28036183909995677,-0.05216850640423687,-0.05479225810356458,1.3118758496638532,193,193,1937,2.0
2020-03-31,-0.2069731399210275,-0.2683596230583466,40,1592372,2020,2019,0.09711985707374546,0.23332533592706642,-0.13620547885332096,-0.13980920514401113,1.8018631453450908,180,180,1802,2.0
2020-04-30,0.05308987320570542,0.05358071665870726,40,1592372,2020,2019,0.018586202230435934,0.04479818893303751,-0.026211986702601577,-0.02977608377924843,1.782048538323428,186,186,1861,2.0
2020-05-31,0.1033037494753822,0.05157805817797152,40,1592372,2020,2019,0.08452916763560415,0.037878516373026506,0.04665065126257765,0.04469235550053474,0.9791478810214529,186,186,1869,2.0
2020-06-30,-0.0015831746532160658,0.10244938991066185,40,1592372,2020,2019,0.014120811999235285,0.004974860728508437,0.009145951270726848,0.0075079459295815006,0.819002670572674,187,187,1879,2.0
2020-07-31,0.16128380713008025,0.11215909215898326,40,1592372,2020,2019,0.06983467196587413,0.030942037775939554,0.03889263418993458,0.03690913045065011,0.9917518696422327,188,188,1881,2.0
2020-08-31,-0.11297934764526182,-0.10894585901747306,40,1592372,2020,2019,-0.10187079150360802,-0.03604066522080002,-0.065830126282808,-0.06763760013586187,0.9037369265269363,190,190,1909,1.9999999999999996
2020-09-30,0.03502054232163025,0.031309038726811636,40,1592372,2020,2019,0.02671468263179459,0.029137547666809867,-0.0024228650350152786,-0.0039085334738359154,0.7428342194103186,189,189,1898,2.0
2020-10-31,0.33642968962395453,0.19754133596527304,40,1592372,2020,2019,0.3562588635152061,0.16579923126884835,0.19045963224635773,0.1887336656196878,0.8629833133349698,189,189,1893,2.0
2020-11-30,0.05280932404328932,-0.002454518256184068,40,1592372,2020,2019,0.08444491169043424,0.06890545913191212,0.015539452558522113,0.013467547339760407,1.0359526093808529,195,195,1953,1.9999999999999998
2020-12-31,0.05272703630492863,0.12810671179328117,40,1592372,2020,2019,0.07134644839447929,0.00946114146134693,0.06188530693313236,0.06011301046830571,0.8861482324133251,196,196,1967,2.0
2021-01-31,0.11498942445742388,-0.06392744383605654,0,1625726,2021,2020,0.12834945706652098,0.12594067815176585,0.002408778914755133,-0.00012731050025531574,1.2680447075052244,200,200,2005,2.0
2021-02-28,0.022354589528892035,0.059281887348205484,0,1625726,2021,2020,0.07238962061222054,0.02203037755211617,0.05035924306010437,0.04917432323734919,0.5924599113775901,203,203,2033,2.0
2021-03-31,0.10781746672656604,0.04095801699274433,0,1625726,2021,2020,0.03513227873000961,0.03575415618747348,-0.0006218774574638722,-0.0026963317751743593,1.0372271588552435,205,205,2054,2.0
2021-04-30,0.15165956283584606,0.12953013902837185,0,1625726,2021,2020,0.0675667915501402,0.01754574286571796,0.05002104868442224,0.048085451311590706,0.9677986864157677,207,207,2075,2.0
2021-05-31,-0.004362285848741632,-0.052465613270233885,0,1625726,2021,2020,0.0468693488706874,0.0009915144573789947,0.04587783441330841,0.04441028088206162,0.7337767656233923,209,209,2094,1.9999999999999996
2021-06-30,-0.06849253904913495,-0.2154570537600245,0,1625726,2021,2020,-0.091799430129803,-0.01034591419297446,-0.08145351593682854,-0.0832954660500501,0.9209750566107854,211,211,2112,2.0
2021-07-31,-0.05582080466244034,0.0002375349738855171,0,1625726,2021,2020,0.03204165731891606,0.02369169866239949,0.008349958656516571,0.006815220667969908,0.7673689942733317,210,210,2105,1.9999999999999996
2021-08-31,0.09118803264705529,0.12215418050322728,0,1625726,2021,2020,-0.004689789166932659,-0.02758408528306752,0.02289429611613486,0.021640413786455863,0.6269411648394985,210,210,2102,2.0
2021-09-30,0.001909307202610106,-0.029993988546391945,0,1625726,2021,2020,0.03422572062188279,0.0603612355327076,-0.02613551491082481,-0.027329322745163896,0.5969039171695429,210,210,2101,2.0
2021-10-31,0.04058174408401779,-0.044806862428442826,0,1625726,2021,2020,-0.034943929382940934,-0.053034235666397894,0.01809030628345696,0.01647594338399989,0.8071814497285342,210,210,2101,2.0
2021-11-30,0.029703578255471798,-0.0056479538854071806,0,1625726,2021,2020,0.03734915851974205,0.041778717504052466,-0.004429558984310418,-0.0057397171602686,0.6550790879790909,209,209,2092,2.0000000000000004
2021-12-31,0.1504312618909246,0.07443486806614576,0,1625726,2021,2020,0.004192196441729738,-0.04558434112625585,0.04977653756798559,0.048609263071886885,0.5836372480493526,210,210,2109,2.0
2022-01-31,0.14489156383182916,0.10844375721391496,0,1659882,2022,2021,0.06226770155487127,-0.0033489874679467364,0.065616689022818,0.06236866713868288,1.624010942067562,211,211,2112,2.0
2022-02-28,-0.008581798778887243,-0.0498253563170366,0,1659882,2022,2021,0.052426049066741795,0.02886047000716979,0.023565579059572003,0.020278361848407863,1.6436086055820698,211,211,2111,2.0000000000000004
2022-03-31,0.09347972294578871,0.0507352034430818,0,1659882,2022,2021,-0.048171891862704555,-0.06570586837333323,0.01753397651062867,0.014952476893723216,1.2907498084527278,211,211,2116,2.0
2022-04-30,0.07436363673998748,0.1177837907199861,0,1659882,2022,2021,0.07858275309217663,-0.013172536675811327,0.09175528976798795,0.08879895211586232,1.4781688260628196,210,210,2103,2.0
2022-05-31,-0.04677252700721066,-0.05289080231739826,0,1659882,2022,2021,-0.15449426306224978,-0.08052463458839654,-0.07396962847385324,-0.07680021402523371,1.4152927756902343,208,208,2088,2.0
2022-06-30,-7.640870985103503e-05,0.009151722007244522,0,1659882,2022,2021,0.11016657216793688,0.08429755209811335,0.02586902006982353,0.02286300381909997,1.503008125361779,204,204,2047,2.0000000000000004
2022-07-31,0.024477278458547174,0.056986296160447,0,1659882,2022,2021,-0.005439707618899017,-0.029561613955770533,0.024121906336871515,0.022650626462977948,0.735639936946784,205,205,2055,2.0
2022-08-31,-0.016539786244245486,0.016738169185955373,0,1659882,2022,2021,-0.11185090829771371,-0.09720050851642933,-0.014650399781284379,-0.015964990319992815,0.6572952693542178,204,204,2046,2.0
2022-09-30,0.09871635114032151,0.12408564770361366,0,1659882,2022,2021,0.13485465953033635,0.08240196136679515,0.0524526981635412,0.05080765396050137,0.8225221015199178,201,201,2017,2.0
2022-10-31,-0.011019618342898564,-0.02034106149160914,0,1659882,2022,2021,0.050435528920613135,0.05816827759743905,-0.007732748676825912,-0.010648634528064154,1.4579429256191205,201,201,2010,2.0
2022-11-30,-0.009296360410877396,-0.025009279843792597,0,1659882,2022,2021,-0.07190686509576563,-0.04676868998333796,-0.02513817511242767,-0.027778603652509955,1.320214270041142,201,201,2014,2.0
2022-12-31,0.09252186842850624,0.08700141223349792,0,1659882,2022,2021,0.12972774930069791,0.07660133739793151,0.0531264119027664,0.050193853709238456,1.4662790967639743,196,196,1965,2.0
2023-01-31,0.019562254281058285,0.02390962806577616,3,1694301,2023,2022,-0.031175350039349587,-0.02167500901693003,-0.009500341022419558,-0.01289811412325498,1.6988865504177109,198,198,1985,2.0
2023-02-28,-0.05465663271338581,-0.17779498319693485,3,1694301,2023,2022,-0.06172343607936802,0.0031000932842731813,-0.0648235293636412,-0.06626522291222689,0.7208467742928449,196,196,1968,2.0
2023-03-31,0.025664259241133948,-0.05259886244124209,3,1694301,2023,2022,-0.018176793246302343,-0.004260816419065543,-0.0139159768272368,-0.015718485943207416,0.9012545579853072,194,194,1945,1.9999999999999998
2023-04-30,-0.04447409564241832,-0.058185935488641656,3,1694301,2023,2022,-0.052835130331791755,-0.03263567855718125,-0.020199451774610508,-0.02235444579356728,1.077497009478385,194,194,1941,2.0
2023-05-31,0.07447858061384321,0.10417078444244461,3,1694301,2023,2022,0.10107567792104957,0.05900693940999785,0.04206873851105172,0.03979236900513105,1.1381847529603364,192,192,1925,2.0
2023-06-30,0.12254266762447413,0.07740547159601824,3,1694301,2023,2022,0.1106103743353098,0.07857603062172319,0.03203434371358661,0.02994785690726597,1.0432434031603228,192,192,1926,2.0
2023-07-31,0.05353844650719235,0.05558464609784929,3,1694301,2023,2022,-0.03585055793641195,-0.04598285543930739,0.010132297502895439,0.007816576696401735,1.1578604032468516,193,193,1936,2.0
2023-08-31,0.144301420097472,0.14920037043024695,3,1694301,2023,2022,-0.032361484653811695,-0.058984691891678945,0.02662320723786725,0.024898519256460985,0.8623439907031321,191,191,1911,2.0
2023-09-30,-0.10317288283699383,-0.05527159059801571,3,1694301,2023,2022,-0.07078492055344372,-0.06380467414950224,-0.006980246403941487,-0.008577242913996481,0.7984982550274968,189,189,1896,2.0
2023-10-31,0.06551197811417749,-0.03469263031703823,3,1694301,2023,2022,0.09510735401034029,0.07193549977411466,0.023171854236225628,0.021197799559280042,0.9870273384727929,187,187,1872,2.0
2023-11-30,0.023825902759150912,-0.06136036388608132,3,1694301,2023,2022,0.09426807783821073,0.10394931587411714,-0.009681238035906412,-0.0120932539905473,1.2060079773204444,187,187,1875,2.0
2023-12-31,0.10244999653116166,0.09764835929715951,3,1694301,2023,2022,-0.01764708584229156,-0.05074765997002127,0.03310057412772971,0.030892244375862684,1.1041648759335134,188,188,1885,2.0
2024-01-31,-0.17473169979521078,-0.11876674009519637,3,1726851,2024,2023,0.017153574730938224,0.07862189229930219,-0.06146831756836397,-0.06546831756836397,2.0,176,176,1768,2.0
2024-02-29,0.19712902386445838,0.23416803504758438,3,1726851,2024,2023,0.07572944770000199,0.01697316297378928,0.058756284726212714,0.056560057528564085,1.0981135988243131,176,176,1769,2.0
2024-03-31,0.10421135156161061,0.0843529051820368,3,1726851,2024,2023,-0.052313529874797884,-0.06437118366663734,0.012057653791839457,0.009692409086606082,1.1826223526166872,175,175,1753,2.0
2024-04-30,0.0942837956541885,0.08260210124100148,3,1726851,2024,2023,0.039532663229397705,0.017683600270907915,0.02184906295848979,0.020312659088108562,0.7682019351906137,173,173,1738,2.0
2024-05-31,-0.08135654241249272,-0.12909653015390224,3,1726851,2024,2023,-0.025332149540371253,0.005779394427513703,-0.031111543967884955,-0.03257808860390759,0.7332723180113174,172,172,1725,2.0
2024-06-30,0.11688122247472463,0.11895224607223116,3,1726851,2024,2023,0.0556577498053515,-0.005749174080849389,0.06140692388620089,0.059730444382732825,0.838239751734033,172,172,1725,2.0
2024-07-31,-0.03791286734041474,-0.07382693479400015,3,1726851,2024,2023,-0.013206196712336266,0.014211121127077975,-0.027417317839414243,-0.02986390205835447,1.2232921094701128,173,173,1733,1.9999999999999996
2024-08-31,-0.07491316251263382,-0.06382437480480814,3,1726851,2024,2023,0.0031110705775072665,0.01840375344772692,-0.015292682870219653,-0.01750164668266347,1.104481906221908,171,171,1718,2.0
2024-09-30,-0.09986811622933191,-0.0382318967546442,3,1726851,2024,2023,-0.0031204597132864424,2.8123100408485036e-05,-0.0031485828136949274,-0.0046869669552286755,0.769192070766874,171,171,1717,2.0
2024-10-31,-0.052742770889521354,0.03240822383987717,3,1726851,2024,2023,0.07037343337113852,0.08669452773404915,-0.016321094362910626,-0.018623649812027864,1.1512777245586194,173,173,1737,2.0000000000000004
2024-11-30,0.07349468068509724,0.03794613849407989,3,1726851,2024,2023,-0.06435642773203895,-0.06851607466180232,0.0041596469297633665,0.0018964619678165286,1.1315924809734188,170,170,1704,2.0
2024-12-31,,,3,1726851,2024,2023,0.0,-0.0,0.0,-0.0019999999999999996,0.9999999999999999,1,1,2,0.0
2025-01-31,0.06944910594675044,-0.036355283978686016,3,1751432,2025,2024,-0.0417304598847842,-0.02420682343869104,-0.01752363644609316,-0.01952363644609316,1.0,180,180,1809,2.0
2025-02-28,0.027463801738822975,-0.009929278139535428,3,1751432,2025,2024,-0.041258548808128404,-0.0370361089810794,-0.004222439827049,-0.005728422878834995,0.7529915258929971,179,179,1792,2.0
2025-03-31,-0.1257371643127139,-0.12435798375083759,3,1751432,2025,2024,-0.04897257072574683,-0.0176937761591535,-0.031278794566593326,-0.0327693168760509,0.7452611547287857,177,177,1770,2.0
2025-04-30,-0.03497720258785377,-0.07086139905907425,3,1751432,2025,2024,0.04353702909233218,0.07165172133773072,-0.02811469224539854,-0.030896280474303917,1.3907941144526894,175,175,1753,2.0000000000000004
2025-05-31,0.0353596994389376,0.09848908247858582,3,1751432,2025,2024,0.058182100279744554,0.05552769802014721,0.0026544022595973438,8.42749236059509e-07,1.3267797551806422,176,176,1764,2.0
2025-06-30,0.027325998687957403,0.03225624664247105,3,1751432,2025,2024,0.013526324373187744,0.004601631316918193,0.00892469305626955,0.007277126783418318,0.8237831364256161,178,178,1785,2.0
2025-07-31,0.10707819445826491,0.1298366934353143,3,1751432,2025,2024,0.11501132793889665,0.016366828355114358,0.0986444995837823,0.09707895060509204,0.7827744893451274,178,178,1780,2.0000000000000004
2025-08-31,0.04315004515431882,0.0035663970195268443,3,1751432,2025,2024,-0.003886309834101688,-0.00692728939424425,0.0030409795601425618,0.0010455198550891895,0.9977298525266861,179,179,1796,2.0
2025-09-30,-0.004729704435252292,-0.04674127114267682,3,1751432,2025,2024,-0.014918973081188848,-0.028659605498373996,0.013740632417185148,0.012198599665773868,0.7710163757056405,180,180,1807,2.0
2025-10-31,0.16538104828649955,0.1355984332910628,3,1751432,2025,2024,0.046568877729733504,-0.001752162883368485,0.04832104061310199,0.04688748437577909,0.7167781186614489,179,179,1793,2.0
