eom,ic_pearson,ic_spearman,alpha,n_nonzero,n_train,long_ret,short_ret,qspread,net_qspread,turnover,n_long,n_short,n_universe
1990-01-31,-0.02167394164287368,-0.08663503058375609,0.003967067216660575,35,2993,0.00344529385083612,0.02286447203946488,-0.01941917818862876,-0.021419178188628762,1.0,299,299,2993
1990-02-28,-0.0006515761025530631,0.09532888682878748,0.0043127342837366795,14,2993,0.0291634784451505,0.02146488925284281,0.007698589192307689,0.005865813272575248,0.9163879598662208,299,299,2993
1990-03-31,0.023285331338122425,0.13837389433419192,0.008002218071442376,4,2993,-0.016875168690301003,-0.04937612515083612,0.03250095646053512,0.03091901666120402,0.7909698996655519,299,299,2996
1990-04-30,0.02648368466501278,-0.0046020273329588374,0.004914126949497534,20,2996,0.050698099123588046,0.04231676821594685,0.008381330907641198,0.007168706322923589,0.606312292358804,301,301,3019
1990-05-31,0.038913464015774224,0.08763256652393324,0.004203820067700881,28,3019,0.01365109107715232,-0.019367969593377485,0.0330190606705298,0.03118793484271523,0.9155629139072847,302,302,3029
1990-06-30,0.020864534272097283,0.06588280847342706,0.006430821468211713,12,3029,-0.038187162852960525,-0.05720430127532895,0.019017138422368428,0.01765200684342106,0.6825657894736843,304,304,3046
1990-07-31,0.09033234046209229,0.18523734605684347,0.0051188851499517195,20,3046,-0.07387060035049181,-0.12126948797836065,0.04739888762786884,0.04576610074262294,0.8163934426229509,305,305,3058
1990-08-31,0.13664379481646116,0.22593897553839742,0.004293658811072275,37,3058,-0.014520991790522875,-0.12615015268267973,0.11162916089215685,0.11016184063071895,0.7336601307189543,306,306,3061
1990-09-30,0.049193540071231376,0.08157220851187118,0.003950642314293296,38,3061,-0.06739750486470589,-0.09477712843496733,0.02737962357026144,0.026069166053921573,0.6552287581699346,306,306,3061
1990-10-31,-0.021025536138984134,0.027616905570347332,0.0056104358648689815,23,3061,0.054640586892810455,0.05108615660718954,0.003554430285620913,0.0021622734228758152,0.696078431372549,306,306,3064
1990-11-30,0.13084042308207988,0.13967843990958043,0.0036808255586960083,67,3064,0.019424893462745098,-0.03378835740098039,0.05321325086372549,0.051507368510784315,0.8529411764705883,306,306,3062
1990-12-31,-0.19594100208139534,-0.023416693637071516,0.008407540382608944,16,3062,0.0752948947372549,0.12019304543431372,-0.044898150697058825,-0.04660730102385621,0.8545751633986929,306,306,3069
1991-01-31,0.022696675982956025,0.2503138546701662,0.003959158749131892,53,3069,0.188617797872549,0.0514019855379085,0.1372158123346405,0.13536940710588233,0.923202614379085,306,306,3067
1991-02-28,0.1274668288010155,0.0827941465061078,0.005202916373332106,40,3067,0.09819287826384364,0.05354128543648209,0.04465159282736155,0.043283514651465786,0.6840390879478828,307,307,3079
1991-03-31,0.04233474369524502,0.03073931951644104,0.005883715086904626,28,3079,0.03433640151488673,0.005763688661812299,0.028572712853074434,0.027003133565048545,0.7847896440129449,309,309,3094
1991-04-30,0.01663065264749722,-0.018612294696796827,0.003504004292834556,43,3094,0.030696561486451612,0.01886171834322581,0.011834843143225804,0.010238068949677416,0.7983870967741935,310,310,3109
1991-05-31,-0.030468325830211234,-0.06853731591024156,0.0052288508196423064,19,3109,-0.055500370316720254,-0.05190512866559485,-0.0035952416511254026,-0.005328360622186496,0.8665594855305466,311,311,3117
1991-06-30,-0.07744562445388257,-0.14647182155092867,0.0036800253833325423,32,3117,0.0035188119089456854,0.0760000525341853,-0.07248124062523963,-0.07424162401182109,0.8801916932907348,313,313,3130
1991-07-31,0.035153222023192814,0.045284965725583305,0.00644048114629079,13,3130,0.03945808652920635,0.00977908175936508,0.02967900476984127,0.027805988896825395,0.9365079365079365,315,315,3152
1991-08-31,0.12315693800734037,0.029482029591085045,0.007197615902584468,12,3152,0.016495503949206347,-0.03719189850158731,0.053687402450793655,0.05194137070476191,0.873015873015873,315,315,3157
1991-09-30,0.04583477314867036,0.04084157679030043,0.0036714977919832716,45,3157,0.04545826914150944,0.010864440398742138,0.0345938287427673,0.03338313691886793,0.6053459119496856,318,318,3180
1991-10-31,-0.002837061806016763,-0.11097356269336704,0.006402465886700031,16,3180,-0.06658678622625,-0.0197314041934375,-0.046855382032812504,-0.0483741320328125,0.7593749999999999,320,320,3200
1991-11-30,-0.08385930243738325,-0.18043450035261263,0.007646773590799064,9,3200,-0.008267908592857141,0.054801923054658384,-0.06306983164751552,-0.06495181922515528,0.9409937888198758,322,322,3225
1991-12-31,-0.21117763438695564,-0.14756728415273462,0.004004875617703376,49,3225,0.06642275832321981,0.1744617077154799,-0.10803894939226008,-0.10988105465541798,0.9210526315789473,323,323,3231
1992-01-31,0.13741873352543607,0.131229651686016,0.004806313978524132,57,3231,0.1177655515386503,0.007676087498773007,0.1100894640398773,0.10821216342638036,0.9386503067484663,326,326,3269
1992-02-29,-0.024616027633499314,0.06244820018726828,0.0034345620195665974,54,3269,0.005929992591158537,-0.03949278363597561,0.04542277622713414,0.04424594695884146,0.5884146341463414,328,328,3289
1992-03-31,0.1378569875166182,0.18769231634201672,0.005965949202916699,20,3289,0.001976666092855555,-0.08589867461291291,0.08787534070576847,0.08641888424931202,0.7282282282282282,333,333,3333
1992-04-30,0.03321567776048703,0.10355616584303971,0.0036564982633221802,40,3333,0.014138830715615619,-0.016551690875675675,0.030690521591291292,0.02944727834804805,0.6216216216216217,333,333,3339
1992-05-31,0.011742665736195316,0.04187078495339686,0.006378698540901331,11,3339,-0.03152222517761194,-0.039445533378805964,0.007923308201194024,0.006287487305671635,0.817910447761194,335,335,3355
1992-06-30,0.06747616812793274,0.0511989700834572,0.008369972890110981,9,3355,0.04544827090739645,0.02296896576301775,0.022479305144378698,0.021056228221301775,0.7115384615384616,338,338,3388
1992-07-31,-0.006317586879307309,0.07683460884670046,0.012190123766998002,1,3388,-0.009877309006489676,-0.03378461360914454,0.02390730460265486,0.02202234885044247,0.9424778761061947,339,339,3398
1992-08-31,-0.03202515449152295,0.020847944428037786,0.0045082045218447055,29,3398,0.020039366944574782,0.0039596240272727285,0.016079742917302055,0.014261561099120237,0.9090909090909091,341,341,3412
1992-09-30,4.212419058168391e-17,,0.013353999001423731,0,3412,0.0058449621440233215,0.01413878939387755,-0.008293827249854228,-0.010098491972886297,0.902332361516035,343,343,3433
1992-10-31,0.007604440079172455,0.19850756560084318,0.004469844026063934,30,3433,0.11324017292383722,0.02675810801598837,0.08648206490784885,0.08468264630319769,0.8997093023255813,344,344,3440
1992-11-30,0.02818707182789128,-0.0007222295606055407,0.003376423145802704,55,3440,0.0338234425831884,0.0392460760057971,-0.005422633422608694,-0.006767560958840579,0.672463768115942,345,345,3454
1992-12-31,-0.13607543870926897,0.21847116771161607,0.0033371073457191345,42,3454,0.12695460240948275,0.012388616752298852,0.1145659856571839,0.11292518105948275,0.8204022988505748,348,348,3484
1993-01-31,0.15388480594448517,0.06988656680983453,0.007491181728540857,11,3484,0.029638166090571433,-0.022980078205428574,0.05261824429600001,0.051243958581714294,0.6871428571428572,350,350,3500
1993-02-28,0.000769640855205563,0.07122726617537858,0.003863017251001356,35,3500,0.04322799144843305,0.01573802075527066,0.027489970693162388,0.0259002271034188,0.7948717948717949,351,351,3512
1993-03-31,-0.06920388992340294,0.08581865991515392,0.0040997244231142805,28,3512,-0.0021448246140449443,-0.028035865837921347,0.025891041223876404,0.02438261425758427,0.7542134831460674,356,356,3568
1993-04-30,-0.018354278524989494,-0.07553877862804481,0.0048473160746324885,26,3568,0.02741071710865922,0.04316731051843575,-0.01575659340977653,-0.017385085029888264,0.8142458100558658,358,358,3581
1993-05-31,-0.013369693510043077,-0.06352236052241932,0.0023040120601805457,67,3581,-0.001607443450277778,0.016558501825555558,-0.018165945275833335,-0.02001872305361111,0.9263888888888889,360,360,3605
1993-06-30,1.0920924217659611e-16,,0.011750122047636776,0,3605,0.010036491379452056,0.020685932059178087,-0.01064944067972603,-0.012422043419452057,0.8863013698630138,365,365,3651
1993-07-31,0.0031729148470331803,0.00483223044502761,0.004976635412952399,25,3651,0.053473587603814716,0.023983884471662126,0.02948970313215259,0.027631392505449593,0.9291553133514987,367,367,3673
1993-08-31,0.07426169423523653,0.13919311855172772,0.007073352912842811,9,3673,0.04240295189322493,0.010745091077235772,0.03165786081598916,0.03016734591084011,0.7452574525745257,369,369,3693
1993-09-30,0.004722911702296038,0.035251310850105425,0.003273523619798177,31,3693,0.041227496699731185,0.02908567943064516,0.012141817269086023,0.01052622587123656,0.8077956989247312,372,372,3729
1993-10-31,0.08541169262724708,0.1004633595361755,0.004793935265970702,22,3729,-0.007902973042399999,-0.04171788480426668,0.03381491176186668,0.032017578428533346,0.8986666666666667,375,375,3755
1993-11-30,0.042724981843626525,0.022151989974178107,0.002760861941697299,49,3755,0.010882678493386243,-0.006263994707407407,0.01714667320079365,0.015564662618783068,0.7910052910052909,378,378,3783
1993-12-31,-0.12449287341406332,-0.027586178209649394,0.00392060793543659,23,3783,0.03970121111506494,0.060561581326233765,-0.02086037021116883,-0.022538292289090905,0.8389610389610389,385,385,3854
1994-01-31,0.08549922764812663,0.07002777907049018,0.005490075706243303,16,3854,0.017900297566149873,-0.01612710237596899,0.03402739994211886,0.032143679011886306,0.9418604651162791,387,387,3878
1994-02-28,-0.0014537100459973407,0.02264549454365035,0.004248389770044319,18,3878,-0.040977963396923084,-0.050845305945128205,0.009867342548205121,0.008208368189230762,0.8294871794871795,390,390,3902
1994-03-31,0.029576463539169675,0.0680866858198323,0.0031851258478042058,30,3902,-0.00010681109365482355,-0.02675155854898477,0.026644747455329944,0.024962006338578674,0.8413705583756346,394,394,3941
1994-04-30,0.032389461032755945,0.013868752469765624,0.007169328893055126,4,3941,-0.006242434355919395,-0.012558643558438288,0.006316209202518893,0.004787241948110832,0.7644836272040302,397,397,3970
1994-05-31,-0.0368550038149101,0.20769345913915396,0.003366290483434426,34,3970,0.028967148495739347,-0.06129151497869674,0.09025866347443609,0.08848422738421052,0.8872180451127819,399,399,3992
1994-06-30,-0.009852598102534808,-0.03192678685789816,0.002003815574207059,54,3992,0.008212570944278607,0.013371882183582092,-0.005159311239303485,-0.006059808751741296,0.4502487562189054,402,402,4027
1994-07-31,0.05974510592270675,0.1056528641220477,0.005625016266714885,10,4027,0.07780692174800995,0.0362529845840796,0.04155393716393035,0.03977533019875622,0.8893034825870647,402,402,4023
1994-08-31,0.011588192121316312,0.0820222824149094,0.004266195368908934,26,4023,0.026029527953846155,0.0028033150595533486,0.023226212894292806,0.02178700693895782,0.7196029776674938,403,403,4036
1994-09-30,0.03854580915297841,0.07704912779372089,0.003017233668530984,31,4036,0.01983038340960591,-0.007669159801970445,0.027499543211576355,0.025977375723891624,0.7610837438423645,406,406,4063
1994-10-31,0.028961338985596972,0.07692661415954379,0.003677008634305469,28,4063,-0.023325438963636362,-0.047235571354054054,0.023910132390417692,0.022435930916216217,0.7371007371007371,407,407,4072
1994-11-30,0.006737263862146909,0.023712735618818537,0.0040363764589605436,14,4072,-0.005795249573774509,-0.021529069823284314,0.015733820249509804,0.014273035935784315,0.7303921568627452,408,408,4083
1994-12-31,-0.08620335138298785,-0.0077839936060623725,0.0033044020561106024,40,4083,0.007138477727696077,0.03486677171299019,-0.027728293985294115,-0.02942682339705882,0.8492647058823529,408,408,4080
1995-01-31,0.03269948591631917,0.06507213756434978,0.00300527896483135,36,4080,0.05546339806243903,0.022447675351951222,0.033015722710487805,0.03122060075926829,0.897560975609756,410,410,4101
1995-02-28,5.195174158414525e-18,,0.009532450830305956,0,4101,0.01749227261292683,0.006710854066341463,0.010781418546585368,0.008964345375853661,0.9085365853658537,410,410,4109
1995-03-31,0.009502170991347245,0.025380856875668236,0.005365818420756225,12,4109,0.042623797694997564,0.02162526825450122,0.020998529440496346,0.019246704622978096,0.8759124087591241,411,411,4115
1995-04-30,0.023501221319156225,-0.024263396388448853,0.004474644263947433,12,4115,0.02117611291553398,0.01854470625339806,0.0026314066621359183,0.0010755814194174716,0.7779126213592233,412,412,4125
1995-05-31,-0.0009576236322605039,-0.02168982989309033,0.003532217509562892,21,4125,0.028212918398547216,0.048917650355447935,-0.02070473195690072,-0.022588509196610162,0.9418886198547216,413,413,4131
1995-06-30,0.09308991150545816,0.14530275148166596,0.004606549707254518,28,4131,0.09754765575772947,0.017766742314492753,0.07978091344323672,0.07790168639009662,0.9396135265700483,414,414,4149
1995-07-31,0.021057154108209342,-0.018379702710365153,0.0031000212574795473,48,4149,0.03089004236786571,0.027397790121342927,0.0034922522465227826,0.002628942894004797,0.43165467625899284,417,417,4170
1995-08-31,0.0597655750198781,0.0028691574714745987,0.004984403066742985,17,4170,0.03145357190357995,0.029959279493078757,0.0014942924105011898,-0.00033625651551312985,0.9152744630071599,419,419,4192
1995-09-30,0.014261331126122616,0.01989985092047873,0.007819564925552644,8,4192,-0.05859099195536994,-0.06910857572649165,0.010517583771121712,0.008787273508591879,0.8651551312649165,419,419,4199
1995-10-31,0.015146592028663166,0.04779770579649958,0.002394543451670021,62,4199,0.026750119882227492,0.014864041926777254,0.011886077955450238,0.010125414448341233,0.8803317535545023,422,422,4227
1995-11-30,0.014367566598206545,0.053932795844326455,0.004339991105522228,23,4227,0.00019858897499999852,-0.007601077498349057,0.0077996664733490555,0.006247779680896225,0.7759433962264151,424,424,4249
1995-12-31,-0.016323656930278582,0.035190724471596546,0.002723113270858049,55,4249,0.035934749823294115,0.022000156089176468,0.013934593734117647,0.012235770204705882,0.8494117647058823,425,425,4259
1996-01-31,0.01627103926712114,-0.017753354411817166,0.0023042041376905636,73,4259,0.02977804479485981,0.039166549039018686,-0.009388504244158876,-0.010991307982476634,0.8014018691588786,428,428,4281
1996-02-29,0.052744501954778054,0.028117024489905055,0.0050523957029914995,11,4281,0.021008114305373835,0.012753011555841121,0.008255102749532714,0.006418654151401873,0.9182242990654206,428,428,4289
1996-03-31,0.058558768517287675,0.11095755336611392,0.0032095348813950438,28,4289,0.07408924672023255,0.055935375418139525,0.018153871302093026,0.01654224339511628,0.8058139534883721,430,430,4307
1996-04-30,0.18038187674937103,0.15857358406075311,0.00471017087631432,28,4307,0.08593626908106235,0.010010493369515011,0.07592577571154734,0.07427450550369515,0.825635103926097,433,433,4337
1996-05-31,-0.22499026763266775,-0.2978530968291696,0.005264254734389514,23,4337,-0.07258501398970252,0.005284353926315789,-0.07786936791601831,-0.0789814960624714,0.5560640732265447,437,437,4378
1996-06-30,0.35503922940021576,0.38942407098852716,0.0028966379048327674,31,4378,-0.014241974018832499,-0.17622119559295454,0.16197922157412203,0.16001785793775838,0.9806818181818182,440,440,4407
1996-07-31,-0.03434866423920726,-0.11788355585335282,0.003232877192352326,38,4407,0.027345197644653846,0.09509866931334841,-0.06775347166869457,-0.06861093773204298,0.4287330316742082,442,442,4428
1996-08-31,0.04940595075391534,0.1077522945017494,0.003675226969221823,25,4428,0.055598772577601804,0.008377019787104072,0.04722175279049773,0.04526700165927601,0.9773755656108598,442,442,4429
1996-09-30,-0.12317540245207276,-0.12836154568518993,0.004368672296782525,28,4429,-0.04839966987370787,0.005360245001573031,-0.0537599148752809,-0.05511497105505618,0.6775280898876405,445,445,4456
1996-10-31,0.0404077758608185,0.12485311683407543,0.0025854488885682244,48,4456,0.051874506832071274,0.022572652730734968,0.029301854101336306,0.027368669246102453,0.9665924276169264,449,449,4498
1996-11-30,-0.03491173827266581,-0.04378375982680185,0.0032606842115920805,51,4498,-0.013849049048008849,-0.004027136288716814,-0.009821912759292034,-0.011321912759292034,0.75,452,452,4520
1996-12-31,-0.14988350554265392,-0.02942473558133126,0.0029637949003308937,40,4520,0.03803604239668874,0.08670050824326711,-0.04866446584657837,-0.05035983008498896,0.847682119205298,453,453,4536
1997-01-31,0.04610837181393951,0.017108619911439884,0.00410513631402478,31,4536,-0.01430343071872247,-0.037707430348898674,0.023403999630176205,0.021531752934140964,0.9361233480176212,454,454,4546
1997-02-28,0.19685840548654335,0.22239752561588133,0.002006901175516927,72,4546,-0.003326105065570176,-0.09745327495285087,0.0941271698872807,0.09248901199254386,0.819078947368421,456,456,4561
1997-03-31,0.06942268786532109,0.09802348281073531,0.0029733624860852617,47,4561,-0.004224548270678337,-0.05994930512800876,0.05572475685733042,0.05460878311553611,0.5579868708971554,457,457,4572
1997-04-30,-0.12229856438865708,-0.08252389906220674,0.003643680925509481,27,4572,0.0668346603754386,0.11500783341622807,-0.04817317304078947,-0.04965124321622807,0.7390350877192983,456,456,4567
1997-05-31,-0.025772625508897404,-0.05045687053063427,0.0019166165683187737,89,4567,0.0377036649308534,0.0536564402321663,-0.0159527753013129,-0.01781929608905907,0.9332603938730852,457,457,4578
1997-06-30,-0.009988692840301086,0.013025438423285633,0.0019609410223363185,68,4578,0.06262466002472647,0.06117402365908096,0.001450636365645512,-0.0003349216212253851,0.8927789934354485,457,457,4577
1997-07-31,-0.018657945634198887,-0.050733596488640856,0.004746670436861283,23,4577,0.022113636517903934,0.033853020809170305,-0.01173938429126637,-0.013492659400436676,0.8766375545851528,458,458,4588
1997-08-31,0.08204157928046216,0.06581699053059574,0.0036467757365228905,31,4588,0.0963616259868709,0.05413071460065645,0.042230911386214445,0.040364390598468275,0.9332603938730853,457,457,4576
1997-09-30,0.03663449484674037,0.03832299494786777,0.004868780157438211,28,4576,-0.018967649998034936,-0.03198365848886463,0.013016008490829692,0.011876270499563316,0.5698689956331877,458,458,4585
1997-10-31,0.1499204957937281,0.1525267335663343,0.0023247949600327064,59,4585,0.02461705482657952,-0.04426372996383442,0.06888078479041393,0.06712043620653593,0.8801742919389979,459,459,4593
1997-11-30,0.2930842435863755,0.3483456995522095,0.0031879991940933113,25,4593,0.05851243071652174,-0.08810338539521739,0.14661581611173913,0.14527233785086957,0.6717391304347826,460,460,4604
1997-12-31,-0.18328830829197085,-0.10266796586000074,0.0034544852688214965,40,4604,-0.026332879041266372,0.029891631658951964,-0.05622451070021833,-0.05720704345131004,0.4912663755458515,458,458,4586
1998-01-31,0.08539778881996499,0.04838868322994647,0.0028592444241898273,53,4586,0.09994981212127194,0.05931468023026317,0.040635131891008765,0.03881934241732456,0.9078947368421053,456,456,4565
1998-02-28,0.06241330363193998,0.028862058929854405,0.0038008212517586263,30,4565,0.06270852246717724,0.034056636220568925,0.02865188624660832,0.02697136108249453,0.8402625820568927,457,457,4571
1998-03-31,0.06096812712266845,0.044457669447145604,0.008047035973920017,2,4571,0.048084409846187365,0.010520472891938998,0.03756393695424837,0.03574694349019608,0.9084967320261438,459,459,4591
1998-04-30,-0.06868317469162374,-0.12931252702883744,0.004307975465236105,20,4591,-0.0541451369581345,-0.026149209490455533,-0.027995927467678965,-0.02948399688199567,0.7440347071583515,461,461,4614
1998-05-31,-0.007754471337704038,0.01593947353304955,0.001974765636600516,49,4614,-0.016364208166956523,-0.019488005557826087,0.0031237973908695635,0.0013433626082608677,0.8902173913043478,460,460,4608
1998-06-30,0.07726478551651925,0.12739266077646105,0.004602477805957448,12,4608,-0.03896474110676856,-0.08164279017925764,0.04267804907248908,0.04108416260960698,0.7969432314410481,458,458,4581
1998-07-31,0.02669540659290743,0.3338266254156329,0.003857537178893243,20,4581,-0.12117454519035087,-0.2601658778616228,0.13899133267127195,0.13766677126776317,0.662280701754386,456,456,4567
1998-08-31,-0.18434691175141293,-0.1622373394691735,0.004057969489425749,33,4567,-0.0018444372178414087,0.11271003350903083,-0.11455447072687223,-0.11564257645374448,0.5440528634361234,454,454,4544
1998-09-30,0.10322363562969585,0.20751704630129603,0.0026312022475035546,77,4544,0.10186600338292681,-0.011966389232815964,0.11383239261574278,0.11193217088625276,0.950110864745011,451,451,4519
1998-10-31,-0.0037139539346862215,0.1729374849658874,0.0026422825251733845,69,4519,0.11600786528699551,0.025752494481165913,0.0902553708058296,0.08872622282376681,0.7645739910313902,446,446,4460
1998-11-30,0.14553384935307945,0.11737655328250969,0.002908269814227049,58,4460,0.07973234420111856,7.308354765100745e-05,0.07965926065346755,0.07827671031789708,0.6912751677852349,447,447,4471
1998-12-31,0.07622176625988208,0.04296437755686096,0.0035814694121135957,56,4471,0.07644109147488788,0.06537409149372198,0.011066999981165906,0.009558031371300436,0.7544843049327354,446,446,4464
1999-01-31,-0.011121320967434617,-0.10362356601570429,0.0035780224411228107,49,4464,-0.0517119167442953,-0.04136697424228188,-0.01034494250201342,-0.012029506260402681,0.8422818791946308,447,447,4475
1999-02-28,-0.04806070242525758,0.0047103539304801725,0.0016575594250794773,78,4475,-0.014770863942600895,0.026439772137892382,-0.041210636080493274,-0.04308283338991031,0.9360986547085202,446,446,4466
1999-03-31,0.056248101148863625,0.1160209752057205,0.005971543521856582,23,4466,0.09878585764198645,0.059630370941535,0.03915548670045146,0.03722772146343114,0.963882618510158,443,443,4437
1999-04-30,-0.022489273486697384,0.030545366641330153,0.0029355404030593796,69,4437,0.03814428819977427,0.021186393753047403,0.01695789444672687,0.015422905733408585,0.7674943566591421,443,443,4434
1999-05-31,0.009723866418065457,-0.04480066550595429,0.006919215190482359,14,4434,0.032133388076351355,0.056181395445045045,-0.02404800736869369,-0.025732692053378376,0.8423423423423424,444,444,4445
1999-06-30,-0.016034935932162875,-0.0021562162191598095,0.005299999026117931,24,4445,0.001966736586199096,0.007330796371719458,-0.0053640597855203614,-0.0072735620479638,0.9547511312217194,442,442,4424
1999-07-31,-0.02403182176825219,0.015059357286764863,0.00516063121166938,17,4424,-0.03959880443764172,-0.021025322819954652,-0.01857348161768707,-0.020310443068934238,0.8684807256235827,441,441,4411
1999-08-31,0.050676133995196215,0.050142164119268536,0.0032580579071204807,38,4411,0.012370270038127852,-0.025423108189497716,0.03779337822762557,0.03611986224589041,0.83675799086758,438,438,4384
1999-09-30,0.16917425056700514,0.12638424764241674,0.005898359767211151,17,4384,0.07234041546674311,-0.03235131316811927,0.10469172863486237,0.10337521487339447,0.658256880733945,436,436,4369
1999-10-31,0.048296911761677885,0.15878186165320776,0.0031907336710883735,59,4369,0.14584660162725174,0.03252889871616628,0.11331770291108546,0.11225534725288686,0.5311778290993071,433,433,4338
1999-11-30,0.3098453280575088,0.2743816521705171,0.003913636533306987,54,4338,0.1661159352962704,-0.017675127182750584,0.18379106247902097,0.1823178690058275,0.7365967365967365,429,429,4299
1999-12-31,0.06502585406745098,0.1234232957441628,0.005746946996722562,42,4299,0.03183080803972603,-0.04587688921666666,0.07770769725639269,0.07652504885456621,0.591324200913242,438,438,4383
2000-01-31,0.026345846205448813,0.28885454404493144,0.004725264090798071,56,4383,0.2122903248002331,-0.014154038245920748,0.22644436304615384,0.22498981759160838,0.7272727272727273,429,429,4293
2000-02-29,-0.23338483835470913,-0.23725729155699382,0.0037710506657054406,78,4293,-0.13043705077694062,0.05421077999817352,-0.18464783077511415,-0.185974314793379,0.6632420091324202,438,438,4382
2000-03-31,0.43050379728054256,0.3636815159321354,0.004915816534715961,54,4382,0.02118137575697941,-0.2582509116613272,0.2794322874183066,0.27745745904302055,0.9874141876430207,437,437,4377
2000-04-30,0.269770901028258,0.315536772401058,0.0016239240964318208,110,4377,0.008024954190617849,-0.17851074199565217,0.18653569618627003,0.18539839641510297,0.568649885583524,437,437,4370
2000-05-31,-0.21942457519049804,-0.261967194155985,0.002658304953185881,62,4370,-0.001152333046511627,0.1919455916437209,-0.19309792469023254,-0.1941723432948837,0.5372093023255815,430,430,4306
2000-06-30,-0.1981065679155737,-0.17332658274786825,0.0067458866159054755,30,4306,-0.08663467868175519,0.005563306270438799,-0.09219798495219399,-0.09417489026397227,0.9884526558891455,433,433,4339
2000-07-31,-0.16650517151618258,-0.13510507145171247,0.005389469381158587,30,4339,0.03126757026990741,0.11931178546226852,-0.08804421519236111,-0.09003495593310185,0.9953703703703703,432,432,4322
2000-08-31,-0.08315693336086905,-0.06322549317854734,0.007843115423391578,13,4322,-0.0803339632686775,-0.024961193853596287,-0.05537276941508122,-0.05731940514593969,0.9733178654292343,431,431,4316
2000-09-30,0.22362904756367186,0.20217422677889826,0.0029841828619834154,55,4316,-0.017068930774825176,-0.15502896654731932,0.13796003577249413,0.1361232059356643,0.9184149184149184,429,429,4290
2000-10-31,0.33122474216482006,0.4960308490390497,0.0031014701058196775,60,4290,0.007541321842388759,-0.30791369652576106,0.3154550183681498,0.314141201037939,0.6569086651053864,427,427,4273
2000-11-30,0.1858627669592408,0.17547843688303877,0.0039296784784398206,42,4273,0.04385012287730497,-0.06699008367328604,0.11084020655059101,0.10991822073498818,0.46099290780141844,423,423,4235
2000-12-31,-0.3676473224809772,-0.4628863326190005,0.003950526853347852,60,4235,-0.040561900640097806,0.29176938413300735,-0.33233128477310514,-0.33370292291491443,0.6858190709046454,409,409,4094
2001-01-31,0.015786402521526407,-0.01553385422491708,0.007675984319291197,28,4094,-0.10634402444760767,-0.10509394657727272,-0.0012500778703349452,-0.003195053946889969,0.972488038277512,418,418,4181
2001-02-28,0.3370838671801864,0.32941723073688733,0.004346494790655329,35,4181,0.0018538854677884603,-0.19101159047211538,0.19286547593990383,0.19111787978605768,0.8737980769230769,416,416,4160
2001-03-31,-0.31507892096739787,-0.24044191154274044,0.006048849345099369,31,4160,0.022038009408737867,0.18159942145461164,-0.15956141204587376,-0.16054684893907764,0.4927184466019417,412,412,4120
2001-04-30,0.07232108129598697,0.01024301461679937,0.006747264226734472,27,4120,0.07113031166803874,0.04933534962639225,0.021794962041646486,0.019857916036803872,0.9685230024213075,413,413,4138
2001-05-31,0.06297373304000796,0.0525005778071062,0.0069525348193690524,14,4138,0.013946001328883496,-0.02003831579635922,0.03398431712524272,0.03228286081456311,0.8507281553398058,412,412,4127
2001-06-30,0.04517874776886877,0.08788712704515766,0.0029622146706953364,57,4127,0.0032454663999999986,-0.028264357998783456,0.031509824398783456,0.029908851162773725,0.8004866180048662,411,411,4112
2001-07-31,0.013066930410540415,0.27455599592971497,0.002225329588978608,77,4112,0.007658570732518337,-0.10488949485843523,0.11254806559095357,0.11086591400171152,0.841075794621027,409,409,4096
2001-08-31,0.0853525983441745,0.34140212135496717,0.002837886892832761,71,4096,-0.06835943488378378,-0.23569746811031944,0.16733803322653568,0.16622992511842757,0.5540540540540541,407,407,4071
2001-09-30,-0.013267166498920851,-0.25308643052005525,0.004655212405300444,39,4071,0.02223565782437811,0.17902145136840797,-0.15678579354402986,-0.1579325597131841,0.5733830845771144,402,402,4024
2001-10-31,0.01428635145120945,0.12748407496189829,0.0036605750983867836,66,4024,0.1287825804800995,0.05039509433880598,0.07838748614129351,0.07644221250945271,0.972636815920398,402,402,4026
2001-11-30,0.18271146274722747,0.13966101097048497,0.008350099309370104,22,4026,0.11790888800748131,0.03303550906857855,0.08487337893890276,0.08351677046009977,0.6783042394014963,401,401,4010
2001-12-31,-0.08698615805817371,-0.1059229361967273,0.0031457110549985333,51,4010,0.006579538716040101,0.03574482080676692,-0.02916528209072682,-0.03016778835639098,0.5012531328320802,399,399,3990
2002-01-31,0.15147403346020505,0.1607972028086942,0.003421420173977444,55,3990,-0.0028330740304785885,-0.08571148261637279,0.08287840858589421,0.08103709876221663,0.920654911838791,397,397,3978
2002-02-28,-0.06284963650075957,-0.09554481775062629,0.004294795721294426,41,3978,0.06255117088257577,0.0948553342030303,-0.032304163320454535,-0.03372840574469696,0.7121212121212122,396,396,3966
2002-03-31,-0.010483845380380375,-0.15357191740332468,0.004652605938257887,36,3966,-0.025943013647594937,0.03876071845291139,-0.06470373210050633,-0.06660499792329114,0.950632911392405,395,395,3958
2002-04-30,0.0900499521053,0.2231774465671225,0.0036143665993632976,54,3958,0.02328468159949367,-0.08953532495291139,0.11282000655240507,0.11098456351443038,0.9177215189873418,395,395,3954
2002-05-31,0.2283535537285582,0.2952780981815131,0.004540953448465316,42,3954,-0.023372650705050502,-0.1573776763328283,0.13400502562777777,0.13310098522373737,0.45202020202020204,396,396,3962
2002-06-30,0.2138522571746999,0.28441689514156837,0.005012821053222438,30,3962,-0.04393685601898734,-0.14980321885189873,0.1058663628329114,0.10481319827594937,0.5265822784810126,395,395,3959
2002-07-31,0.03824187290685397,0.06214646284009509,0.004220536129936978,38,3959,0.019462358615228426,-0.005931030442893402,0.02539338905812183,0.024477145403299493,0.45812182741116747,394,394,3944
2002-08-31,0.03501251480171445,0.1721282876324544,0.0036746118075543133,44,3944,-0.06427571424213198,-0.11769199456243655,0.05341628032030457,0.05183760011725889,0.7893401015228427,394,394,3945
2002-09-30,-0.00996774902115568,-0.13119941371919458,0.005063371857533447,30,3945,0.013710301080354198,0.10614387460458015,-0.09243357352422595,-0.09405189413491297,0.8091603053435115,393,393,3933
2002-10-31,0.21574563769880975,0.3155444766956701,0.0036360688878727832,66,3933,0.23465861173897432,0.04119742072461539,0.19346119101435894,0.19153811409128202,0.9615384615384615,390,390,3901
2002-11-30,-0.21292957919667269,-0.3476728544617824,0.005347122238365071,38,3901,-0.13000173518142494,0.021062675087277355,-0.1510644102687023,-0.15230359601933843,0.6195928753180662,393,393,3938
2002-12-31,-0.3118414053545377,0.123457885965235,0.005431866227155279,30,3938,0.0343097998125,0.02720010727882653,0.007109692533673471,0.0051173455948979605,0.9961734693877551,392,392,3929
2003-01-31,0.05368330658126283,0.056175738725396746,0.008497358048113385,20,3929,-0.004332725713775509,-0.028309256571428573,0.023976530857653063,0.022221428816836735,0.8775510204081634,392,392,3926
2003-02-28,0.005682543758331196,-0.002446277674885528,0.006928880840081972,8,3926,0.019214057102051284,0.014532805443589744,0.00468125165846154,0.0029222772994871807,0.8794871794871795,390,390,3909
2003-03-31,,,0.014577594246997474,0,3909,0.08981056165784063,0.09073842884832906,-0.0009278671904884295,-0.0027993324861182497,0.93573264781491,389,389,3890
2003-04-30,0.0755940878606094,0.2995197505694353,0.003886280969162356,43,3890,0.22327647633116882,0.04915333717584416,0.17412313915532465,0.17229976253194804,0.9116883116883117,385,385,3859
2003-05-31,0.03120808186772347,0.07527883800708278,0.0028519573456516037,56,3859,0.05043641562015504,0.024648335035142122,0.025788080585012915,0.024540018569509037,0.624031007751938,387,387,3879
2003-06-30,-0.0017498525173299585,0.11728153812112257,0.003912507663728286,40,3879,0.12482586133134717,0.04597155993264249,0.07885430139870467,0.07737243611373057,0.7409326424870466,386,386,3865
2003-07-31,0.08619081063689858,0.1372957511206585,0.004529247049043982,42,3865,0.08623198263281653,0.019885910249095605,0.06634607238372092,0.06505149874031006,0.6472868217054264,387,387,3872
2003-08-31,-0.004060479284109011,-0.022591165867222388,0.004582988634504116,29,3872,0.04878295654895833,0.011464943391145834,0.037318013157812496,0.03603936732447916,0.6393229166666666,384,384,3847
2003-09-30,0.9016967778433509,0.01142264413415761,0.0030132507957146204,43,3847,0.1247298419203125,0.07730431758828125,0.047425524332031246,0.04586823266536458,0.7786458333333333,384,384,3845
2003-10-31,0.056258315181367306,-0.008118567157817055,0.003760534187144109,40,3845,0.0674061633143603,0.045441366815404706,0.0219647964989556,0.02043999232140991,0.762402088772846,383,383,3838
2003-11-30,0.036029312773202295,-0.09481483330057812,0.00571665618366181,12,3838,0.03464043239817708,0.044946886254947915,-0.010306453856770835,-0.011822078856770835,0.7578125,384,384,3844
2003-12-31,0.0007146525970234041,0.01894024165253758,0.005808586296223528,9,3844,0.08012808291796875,0.062454823247135416,0.01767325967083333,0.015811280504166664,0.9309895833333334,384,384,3843
2004-01-31,0.0018983517091581993,-0.10297320228859712,0.003729887956971802,49,3843,-0.007799167182291666,0.018882512917708334,-0.0266816801,-0.028475950933333334,0.8971354166666667,384,384,3844
2004-02-29,0.059459486664173854,0.11450754925094776,0.003701288830527826,27,3844,0.016066540443489586,-0.01361254199765625,0.029679082441145838,0.027798874107812503,0.9401041666666667,384,384,3843
2004-03-31,,,0.008105733789675527,0,3843,-0.028691570002610963,-0.04460844978250653,0.01591687977989557,0.014157088657180166,0.8798955613577024,383,383,3835
2004-04-30,-0.009518316123728375,-0.09189173105199744,0.002533905018865722,52,3835,-0.003286401945811518,0.011528504899214658,-0.014814906845026177,-0.016571451347643977,0.8782722513089005,382,382,3825
2004-05-31,0.10536816632145315,0.1451128515179445,0.0034925954590912136,24,3825,0.04951451594015749,0.005681903201574803,0.04383261273858269,0.04213445000892389,0.8490813648293963,381,381,3817
2004-06-30,0.010757136686018087,0.12104344824268723,0.004330056186430068,14,3817,-0.021745163959055118,-0.10821492922152232,0.08646976526246719,0.0849474555511811,0.7611548556430445,381,381,3815
2004-07-31,0.07243233554192097,0.18687354859963387,0.002357858970958155,57,3815,0.010496279663947368,-0.028481700289736848,0.03897797995368422,0.03755692732210527,0.7105263157894737,380,380,3808
2004-08-31,-0.7065199077456888,-0.1496866780057999,0.005185218950035395,11,3808,0.024695459969231573,0.08360442261052632,-0.05890896264129475,-0.06001948895708422,0.5552631578947369,380,380,3802
2004-09-30,-0.12269757703795858,0.036967175413436255,0.0026387107119270324,44,3802,0.030674161044736845,0.01003657000763158,0.020637591037105267,0.018719169984473687,0.9592105263157895,380,380,3800
2004-10-31,-0.750935236658172,-0.011079724599148166,0.005330847653471609,10,3800,0.08989736119762533,0.09203268435039579,-0.0021353231527704575,-0.0037923152372031747,0.8284960422163588,379,379,3795
2004-11-30,0.07200157927497701,0.1179585328917865,0.004926461327660741,21,3795,0.09604487121157894,0.025973735150263157,0.07007113606131578,0.06830008342973683,0.8855263157894737,380,380,3804
2004-12-31,0.054025388747574635,-0.09713921295649149,0.002736773269001721,46,3804,-0.052738014742257214,-0.021318765592125984,-0.03141924915013123,-0.03270533838897637,0.6430446194225722,381,381,3813
2005-01-31,-0.002960391878591964,0.10288410656960661,0.003205741896896486,37,3813,0.022197745274015745,-0.0034275343443569543,0.0256252796183727,0.023711893791601046,0.9566929133858268,381,381,3811
2005-02-28,0.06730785519731869,0.07028197301092294,0.004521153997987588,19,3811,-0.030582467953805773,-0.05476390347742783,0.024181435523622057,0.02277198670472442,0.7047244094488189,381,381,3819
2005-03-31,0.006487447913545806,0.1392767392509153,0.003166607323913043,30,3819,-0.04062720244015748,-0.07704660066692914,0.03641939822677166,0.03488658982782153,0.7664041994750656,381,381,3812
2005-04-30,-0.1680520275407743,-0.1387100974340352,0.004004908504508516,18,3812,0.02325981621635884,0.06522781473113456,-0.04196799851477573,-0.043408631760158314,0.7203166226912929,379,379,3799
2005-05-31,0.027188073818371666,0.050834136936694335,0.004648857690991869,16,3799,0.04370406983350923,0.024098888582585753,0.01960518125092348,0.017650036132189968,0.9775725593667546,379,379,3793
2005-06-30,3.30997796924556e-17,,0.012199571709786862,0,3793,0.062159552360422164,0.06588583018047493,-0.003726277820052769,-0.00552311159313984,0.8984168865435356,379,379,3796
2005-07-31,0.007554571495310855,-0.07619767719809223,0.0030012723714381243,36,3796,-0.009719096199472296,0.0015594907912928756,-0.011278586990765171,-0.01302265031530343,0.8720316622691293,379,379,3795
2005-08-31,-0.007160606127071056,0.03499283036694164,0.0034177762378014755,27,3795,0.010823634570448552,0.00989152511292876,0.0009321094575197916,-0.0009306873762532956,0.9313984168865436,379,379,3795
2005-09-30,-0.07327169640964429,-0.1186076527652706,0.003678651802751431,16,3795,-0.05445387710846561,-0.04185086396481481,-0.012603013143650796,-0.014182378223015876,0.7896825396825398,378,378,3787
2005-10-31,0.0029227696651469245,-0.023706428173206354,0.0026530354436903147,36,3787,0.025838272487037035,0.03825542901216931,-0.012417156525132273,-0.014290172398148147,0.9365079365079365,378,378,3784
2005-11-30,0.01662853247302498,0.043613357748178906,0.005284635820162052,7,3784,0.010858886146560847,0.0021062171293650795,0.008752669017195767,0.006924626689153439,0.914021164021164,378,378,3783
2005-12-31,0.1518914761284333,0.1498710581331604,0.0018801302250507212,55,3783,0.10079777624058354,0.04781647982015916,0.05298129642042439,0.051193498011936324,0.8938992042440319,377,377,3771
2006-01-31,-0.014793063795944491,-0.07798683192785869,0.003916163530850258,39,3771,0.009244875025,0.010005992684042554,-0.0007611176590425536,-0.00230101127606383,0.7699468085106382,376,376,3761
2006-02-28,0.017349178523287764,0.036856361524705304,0.004085867354564343,25,3761,0.06061599304426667,0.037999107166399995,0.02261688587786667,0.020870219211200004,0.8733333333333333,375,375,3759
2006-03-31,0.024319449325141535,0.04094380482996031,0.005379083432605317,10,3759,0.043396042253475944,0.006862243880213903,0.03653379837326204,0.03480117805240642,0.8663101604278074,374,374,3742
2006-04-30,-0.054894351826971055,-0.12875172147570965,0.007927109616757733,3,3742,-0.053619844834491975,-0.024830842604545458,-0.028789002229946518,-0.03023017870053475,0.7205882352941176,374,374,3747
2006-05-31,0.1052318391875985,0.12627240745918897,0.0034371971044625635,26,3747,0.0015488493790853331,-0.021555294535466667,0.023104143914552,0.02119481058121867,0.9546666666666667,375,375,3754
2006-06-30,0.21862381753996735,0.15288260431568804,0.005384695713519717,10,3754,-0.0099094709526738,-0.050007788082620325,0.04009831712994653,0.03853949360053476,0.7794117647058824,374,374,3746
2006-07-31,-0.026526173866560095,-0.04635108855880693,0.0023068780570304113,49,3746,0.014833566042895444,0.03132751216487936,-0.01649394612198392,-0.018040863012064347,0.7734584450402144,373,373,3738
2006-08-31,0.023447232474929764,0.10429353395947678,0.003472500463966038,28,3738,0.002855081080376344,-0.008987233588709677,0.01184231466908602,0.010073497464784946,0.8844086021505376,372,372,3726
2006-09-30,-0.024077136059049667,-5.154677585908641e-05,0.003978155342391184,21,3726,0.049235164903494624,0.05565253773333333,-0.006417372829838702,-0.008127050249193541,0.8548387096774194,372,372,3728
2006-10-31,0.09943807179561784,0.10280201523187961,0.004794308688531351,13,3728,0.05037626580539084,0.006940717221293802,0.04343554858409704,0.041602664487062,0.9164420485175202,371,371,3716
2006-11-30,-0.02137953856156428,-0.05133002613529924,0.006742195107262748,5,3716,0.014509038087601078,0.008806280271428572,0.005702757816172506,0.004961517923989217,0.3706199460916442,371,371,3713
2006-12-31,0.1819918782454301,-0.018299520880392457,0.003218658429583024,25,3713,0.03678529069051491,0.015987111056639566,0.02079817963387534,0.019074602398102984,0.8617886178861789,369,369,3699
2007-01-31,0.07241064932427425,0.09808508383622135,0.002528063860631494,35,3699,0.018486932918749997,-0.01577117858722826,0.03425811150597825,0.0325787636798913,0.8396739130434783,368,368,3684
2007-02-28,0.03084772879790423,0.05517595484335767,0.002453711577223272,35,3684,0.024825090995095365,-0.0015189136106267022,0.026344004605722067,0.024970707602997272,0.6866485013623977,367,367,3675
2007-03-31,0.08191804774968764,0.18076698729107715,0.002118621023612291,45,3675,0.044992204739617486,-0.015128135524316941,0.060120340263934424,0.05857389217650273,0.773224043715847,366,366,3661
2007-04-30,0.05962713515684214,0.09567090813560139,0.004040219021741449,23,3661,0.02048934603479452,0.001322050647671233,0.019167295387123286,0.0179535967569863,0.606849315068493,365,365,3650
2007-05-31,0.050443188805581136,0.060472962460181474,0.0022718657332189297,44,3650,-0.0009539127557692299,-0.020035030367032965,0.019081117611263736,0.017641557171703296,0.7197802197802198,364,364,3646
2007-06-30,-0.031045342252578514,0.18582114489901858,0.003763111099948378,16,3646,-0.016342170231680442,-0.09347972753774103,0.07713755730606059,0.0754130393997245,0.862258953168044,363,363,3635
2007-07-31,-0.11730911423188338,-0.16533117349895007,0.0034620885436270985,42,3635,-0.03138048025552486,0.01971938895055249,-0.05109986920607735,-0.05242583605690608,0.6629834254143647,362,362,3627
2007-08-31,-0.010008641023584825,0.00686883945592318,0.002243187751625298,72,3627,0.007693740652908587,0.020998459076454295,-0.013304718423545709,-0.015174524517728535,0.9349030470914128,361,361,3611
2007-09-30,0.0019549081438099886,0.1998558095660286,0.008083833687134822,7,3611,0.062109891565363125,-0.0115827229075419,0.07369261447290502,0.07204736307625698,0.8226256983240223,358,358,3582
2007-10-31,0.004063904919177888,-0.026898292202834764,0.0029118390027553587,52,3582,-0.08037972084761903,-0.07237233005406163,-0.008007390793557403,-0.009374337572268888,0.6834733893557423,357,357,3571
2007-11-30,0.03884955248104031,0.0748231600241695,0.0043505066092231265,21,3571,-0.004254531053781513,-0.013729844597759102,0.00947531354397759,0.00774141998655462,0.8669467787114846,357,357,3572
2007-12-31,-0.21701108621970977,-0.24767716102533685,0.005001021887039499,19,3572,-0.09951854946966293,0.011533144859269664,-0.1110516943289326,-0.11272866062106743,0.8384831460674158,356,356,3566
2008-01-31,-0.021806155193950016,-0.05382179178732818,0.002941999271680564,51,3566,-0.025396001781460672,-0.014113755330898876,-0.011282246450561795,-0.013240111619101122,0.9789325842696629,356,356,3562
2008-02-29,-0.08796962597024145,-0.1541555846339071,0.004310057194649302,30,3562,-0.045748264779378524,0.00015731886242937665,-0.0459055836418079,-0.04775586612768361,0.9251412429378532,354,354,3547
2008-03-31,-0.05990469379248219,-0.02593718496549354,0.00397369730763543,35,3547,0.018123162672521245,0.04340437050113315,-0.0252812078286119,-0.027173559103399438,0.9461756373937678,353,353,3536
2008-04-30,0.0396955725171643,0.16118978829809263,0.0032449636915113647,43,3536,0.04192278195142045,-0.0032850999940340895,0.04520788194545454,0.043349927399999995,0.9289772727272727,352,352,3525
2008-05-31,0.18623228898529884,0.23659390085580936,0.002003025676181264,78,3525,-0.035677056382386364,-0.14023598299232953,0.10455892660994318,0.1031924493372159,0.6832386363636364,352,352,3520
2008-06-30,-0.1637687795729602,-0.19021877577301916,0.00459809088604213,33,3520,-0.05914368551142858,0.05845440122200001,-0.11759808673342859,-0.11886665816200001,0.6342857142857142,350,350,3509
2008-07-31,0.05497061985564672,0.17732563940599072,0.003490284647173124,54,3509,0.06894991786504298,0.004190847761318054,0.06475907010372493,0.06281637669398281,0.9713467048710602,349,349,3496
2008-08-31,0.03196224744997927,0.020331668974977304,0.010181575308877656,6,3496,-0.11945055872664757,-0.16408918050028654,0.04463862177363896,0.04324893695988538,0.6948424068767909,349,349,3490
2008-09-30,0.21035380153544628,0.2731492214311211,0.002777483244696257,66,3490,-0.08859479194524494,-0.26825037238587895,0.179655580440634,0.17802445652132565,0.8155619596541787,347,347,3476
2008-10-31,0.173120605907881,0.23713912590719863,0.0046030526933383085,50,3476,-0.07177805958202899,-0.2289676312307246,0.15718957164869563,0.15624754266318838,0.4710144927536232,345,345,3454
2008-11-30,-0.15975011791652854,-0.12024393025997418,0.00655424529514315,23,3454,0.0035427895520467848,0.07151095551754386,-0.06796816596549707,-0.06913775660877192,0.5847953216374269,342,342,3427
2008-12-31,-0.03665262195457819,-0.02720044859527356,0.005391008363620058,39,3427,-0.05826661263841643,-0.049265394772434024,-0.00900121786598241,-0.010898578569794726,0.9486803519061584,341,341,3416
2009-01-31,0.0729686956888229,0.14969187398287265,0.0033100109482451833,85,3416,-0.07138849148099415,-0.1769865070637427,0.10559801558274855,0.10377345417923978,0.912280701754386,342,342,3422
2009-02-28,-0.18754674793422055,-0.16218404556795463,0.006224590339010429,27,3422,0.04415601945502958,0.15410493077337276,-0.10994891131834317,-0.11138382256094671,0.7174556213017751,338,338,3387
2009-03-31,0.37662502074682025,0.4483019386478329,0.005560923104566897,36,3387,0.39052378417250755,0.07176921034652568,0.3187545738259819,0.3167757218622357,0.9894259818731118,331,331,3315
2009-04-30,0.05568648241540366,0.1376665634862757,0.004883365912056487,58,3315,0.17204610625922617,0.06649047472106548,0.1055556315381607,0.10450503630006545,0.5252976190476191,336,336,3369
2009-05-31,0.05068370178997249,-0.015189586575740568,0.0027452082757476004,78,3369,0.01856848099763313,0.00295790492366864,0.01561057607396449,0.014246670748520703,0.6819526627218935,338,338,3387
2009-06-30,0.0009172525185188583,-0.0027281836606666498,0.005302901411076718,33,3387,0.079134974097929,0.08193968868402367,-0.0028047145860946726,-0.004508856597928992,0.8520710059171598,338,338,3386
2009-07-31,0.10763614501773748,0.18440640498037328,0.006072921629739939,29,3386,0.12169542628605341,0.03105224842373887,0.09064317786231454,0.08893101169020771,0.8560830860534124,337,337,3373
2009-08-31,0.15980441323579456,0.10685632949282316,0.004835507278715405,49,3373,0.1192608631902367,0.05567855670325444,0.06358230648698227,0.062082306486982264,0.75,338,338,3389
2009-09-30,-0.07014231450104762,-0.10620263558031129,0.0050088969763440626,31,3389,-0.07841336245029586,-0.04505144886775148,-0.033361913582544374,-0.034705108848816564,0.6715976331360947,338,338,3388
2009-10-31,-0.025672214510143797,-0.000854510765480731,0.004979800724004924,30,3388,0.016584358940949555,0.044535460933827896,-0.02795110199287834,-0.029868015939465878,0.9584569732937686,337,337,3374
2009-11-30,0.07404562857200164,0.10408061598830402,0.0014186534123994258,95,3374,0.06916869014434524,0.014134030908333338,0.0550346592360119,0.053284659236011896,0.875,336,336,3362
2009-12-31,-0.03882556738343549,-0.1216278249682412,0.0022167612865343265,92,3362,0.010802383718507462,0.02213201185671642,-0.011329628138208958,-0.012666941571044778,0.6686567164179105,335,335,3354
2010-01-31,-0.011327693320153865,-0.09388333634063116,0.005800649676966232,14,3354,0.03297883532358209,0.055571080014626864,-0.022592244691044774,-0.0243206029,0.8641791044776119,335,335,3359
2010-02-28,0.07965844850009257,0.11312819180680364,0.004714540181622152,26,3359,0.09901474922762762,0.0637718639054054,0.03524288532222222,0.03329393637327328,0.9744744744744744,333,333,3339
2010-03-31,0.18276575161763348,0.1976759393795508,0.006345928351105594,17,3339,0.1427975506260479,0.04091292226167665,0.10188462836437126,0.10043253255598802,0.7260479041916168,334,334,3342
2010-04-30,-0.16278083513872782,-0.20322439969225148,0.01007030939629609,14,3342,-0.11017402970628741,-0.05226315645688622,-0.05791087324940119,-0.05925817863862275,0.6736526946107784,334,334,3347
2010-05-31,0.1440121984077704,0.28745918554138356,0.004237315156126742,20,3347,-0.02073239978712575,-0.13261380590838323,0.11188140612125748,0.10995026839670657,0.965568862275449,334,334,3344
2010-06-30,-0.13408326547066143,-0.216243793930829,0.003743452682651048,28,3344,0.035832607693393394,0.09975753570600603,-0.06392492801261263,-0.0650930961807808,0.5840840840840841,333,333,3339
2010-07-31,-0.09504063442797253,-0.3044974246576624,0.003960154750045897,32,3339,-0.12169280386276275,-0.033087172322522514,-0.08860563154024023,-0.09050653244114114,0.9504504504504505,333,333,3333
2010-08-31,-0.22166538375320843,-0.3297721132463794,0.002854686744604143,41,3333,0.04045766090240964,0.15987252339006025,-0.11941486248765061,-0.12132751309006025,0.9563253012048193,332,332,3323
2010-09-30,0.04301174266051237,0.12770899320544027,0.0028521875887935143,46,3323,0.05282407779003021,0.022495149414803628,0.030328928375226584,0.02839841478006042,0.9652567975830816,331,331,3317
2010-10-31,0.08699612726726903,0.11244620943515538,0.008599490590366306,1,3317,0.0494125620180127,-0.005791156097583079,0.05520371811559578,0.053807947722846534,0.6978851963746223,331,331,3318
2010-11-30,-0.05434494110393895,-0.03263937056604586,0.003129705156074355,52,3318,0.07706465192242425,0.09876337138939394,-0.02169871946696969,-0.023059325527575752,0.6803030303030303,330,330,3309
2010-12-31,0.0114332454492252,0.01226467854226209,0.0036212881366857307,43,3309,0.0314971665130303,0.01889967318909091,0.01259749332393939,0.01082779635424242,0.8848484848484849,330,330,3302
2011-01-31,0.07961030020284117,-0.042234633844684226,0.0027689188434338627,42,3302,0.042767169202424245,0.04803915368242424,-0.0052719844799999985,-0.006911378419393938,0.8196969696969697,330,330,3307
2011-02-28,1.5609628287863026e-17,,0.010856773226324593,0,3307,0.00620682568090909,0.01166810131181818,-0.00546127563090909,-0.007261275630909091,0.9,330,330,3301
2011-03-31,0.0570283628508079,0.1233686248494195,0.0038644305805251235,29,3301,0.03140666535775076,0.006706901897872341,0.02469976345987842,0.022942924554103343,0.878419452887538,329,329,3296
2011-04-30,,,0.010079924790495834,0,3296,-0.008549340685454545,-0.017957622479696973,0.009408281794242428,0.0076567666427272765,0.8757575757575757,330,330,3301
2011-05-31,0.11022288941632483,0.10064173939034243,0.0034605786416746927,34,3301,-0.012998373472340426,-0.05065596413343465,0.037657590661094226,0.0358612380775076,0.8981762917933132,329,329,3293
2011-06-30,-0.07218613294189609,-0.008721348901253841,0.0025347262168103533,44,3293,-0.028152125823241596,-0.027840195014373088,-0.0003119308088685088,-0.0019266097079510777,0.8073394495412844,327,327,3274
2011-07-31,,,0.00866710328443617,0,3274,-0.07211623464617738,-0.08215112099877676,0.010034886352599387,0.008270360358715595,0.882262996941896,327,327,3277
2011-08-31,0.24013864999881537,0.3667796804313448,0.0020515436816719154,76,3277,-0.041925323604294476,-0.153898398556135,0.11197307495184051,0.110172461454908,0.9003067484662577,326,326,3266
2011-09-30,-0.44757764218548834,-0.5240042941858599,0.003034563008718279,33,3266,0.01759315659171779,0.2320575238125767,-0.2144643672208589,-0.21565761875460124,0.5966257668711656,326,326,3263
2011-10-31,-0.011138233016026788,-0.040444881531147024,0.004528733328661101,32,3263,-0.018313213022256095,-0.01989001650131098,0.0015768034790548842,-0.00039270871606706705,0.9847560975609756,328,328,3288
2011-11-30,0.028083449417397533,0.127821727664407,0.003426807622868582,36,3288,0.014956447444512197,-0.02622317496036585,0.04117962240487805,0.03933206142926829,0.9237804878048781,328,328,3283
2011-12-31,-0.14537186161382448,-0.06212844418684894,0.0032980956226919865,40,3283,0.08090376067743903,0.11664996961524392,-0.03574620893780489,-0.037173038206097575,0.7134146341463414,328,328,3283
2012-01-31,0.09596282336290075,0.09241175564315274,0.006584978310898674,14,3283,0.062292994473780484,0.03981989737835366,0.022473097095426824,0.020662121485670724,0.9054878048780488,328,328,3282
2012-02-29,0.17817665242564376,0.029185797110274914,0.005137543329558939,17,3282,0.04556496110550458,0.016661154962385325,0.028903806143119253,0.027628576785321088,0.6376146788990826,327,327,3278
2012-03-31,0.07185979499313137,0.04756692455456462,0.0035596276745378666,42,3278,0.01080387229786585,-0.02424837749512195,0.0350522497929878,0.0333632254027439,0.8445121951219512,328,328,3285
2012-04-30,0.16681987810789067,0.2860839357086488,0.0038366311031072793,29,3285,-0.028921405596352583,-0.12006976301246199,0.09114835741610941,0.08973498355592704,0.7066869300911853,329,329,3290
2012-05-31,-0.003596487280326257,-0.016119015361372332,0.0027659750810663615,56,3290,0.026458713365853658,0.029817891641768294,-0.0033591782759146357,-0.0045695441295731725,0.6051829268292683,328,328,3285
2012-06-30,-1.3522788410038806e-18,,0.01053647957079972,0,3285,-0.0001730905667682936,0.0016379293981707338,-0.0018110199649390274,-0.003551873623475613,0.8704268292682926,328,328,3281
2012-07-31,-0.03263934017712579,0.015050586355755144,0.006615118136669537,11,3281,0.03258035286829268,0.02208043443871951,0.01049991842957317,0.008752967210060974,0.8734756097560976,328,328,3280
2012-08-31,-0.0008259191493847008,0.06607943735619234,0.004698376771882371,25,3280,0.034457303749235474,0.03075382921987767,0.0037034745293578024,0.0020520983825688113,0.8256880733944955,327,327,3272
2012-09-30,0.02246936345722815,0.040189191963691064,0.005279855313566283,10,3272,-0.002986208333590213,-0.007152099130886848,0.004165890797296635,0.0024166553232905187,0.8746177370030581,327,327,3272
2012-10-31,-0.04082523036375982,-0.06812678421106333,0.004468793135600141,19,3272,-0.004467933916871165,-0.001814714407975459,-0.002653219508895706,-0.004337268588650307,0.8420245398773005,326,326,3268
2012-11-30,0.01845196064513378,0.05154280693566437,0.005479782137470663,14,3268,0.02697455513251534,0.008025413349079755,0.018949141783435583,0.017120920924539876,0.9141104294478528,326,326,3267
2012-12-31,-0.0004276971174637613,0.09499530910750048,0.002908139966413586,39,3267,0.11214215294707694,0.06271071101815384,0.0494314419289231,0.047760672698153865,0.8353846153846154,325,325,3256
2013-01-31,0.06819338369070319,0.01986574833669112,0.004194342069423439,33,3256,0.025857661811384613,0.007111113642461537,0.018746548168923075,0.01742039432276923,0.6630769230769231,325,325,3252
2013-02-28,0.02121615595886995,0.027749796153482848,0.0029897389475099637,28,3252,0.04155757124012346,0.031556813552160494,0.010000757687962963,0.008454461391666668,0.7731481481481481,324,324,3245
2013-03-31,3.162552170921813e-18,,0.008654281363870623,0,3245,-0.0012205526601851853,0.0025707777956790133,-0.0037913304558641987,-0.005538244036111112,0.8734567901234568,324,324,3240
2013-04-30,-0.03756992502293898,-0.07043520670220414,0.003909456308274298,31,3240,0.03937479957120743,0.05598480960928793,-0.0166100100380805,-0.01837471592043344,0.8823529411764706,323,323,3236
2013-05-31,0.03805575147412288,-0.03485551824061575,0.00546121090213559,24,3236,-0.008830260308049535,-0.013923095755108361,0.005092835447058826,0.0032909778619195076,0.9009287925696594,323,323,3239
2013-06-30,0.043227891296592956,0.06538402534996116,0.0031410276184957262,36,3239,0.08124354910619196,0.06562507914303406,0.015618469963157897,0.014024042718575854,0.7972136222910217,323,323,3234
2013-07-31,0.05130934723574754,0.08399650214658906,0.0045643811876021935,16,3234,0.0027972287362229096,-0.0280675030130031,0.030864731749226007,0.02936008778637771,0.7523219814241486,323,323,3235
2013-08-31,-0.023970741589271153,-0.05273483664349802,0.0033763823814945667,36,3235,0.03889045229195047,0.049559050412693505,-0.010668598120743035,-0.012266121340557276,0.7987616099071208,323,323,3238
2013-09-30,-0.001259297471974536,-0.015291820502328147,0.0041571021372862485,22,3238,0.014234416915432101,0.027048317598148144,-0.012813900682716043,-0.01463488833703703,0.9104938271604939,324,324,3247
2013-10-31,-0.03879224884649034,-0.0036168492158029095,0.004874193098941363,20,3247,0.03109044461635803,0.03529918979537037,-0.0042087451790123395,-0.006023559993827155,0.9074074074074074,324,324,3242
2013-11-30,0.0014260012461862837,0.025087079320606893,0.0034112812728918428,29,3242,0.01656821498117284,0.022507310693518516,-0.005939095712345677,-0.007682922872839505,0.8719135802469136,324,324,3241
2013-12-31,-0.11887568827312689,-0.06111884068728769,0.0015964638640865814,90,3241,0.006398046189473681,0.027554942470278638,-0.021156896280804957,-0.02283491485665635,0.8390092879256966,323,323,3236
2014-01-31,0.0918102247783421,-0.05841890389300414,0.003092569574685206,42,3236,0.05369024103148149,0.05102577569290123,0.002664465338580259,0.0008774283015432218,0.8935185185185185,324,324,3241
2014-02-28,-0.06876130643854518,-0.07511925008829494,0.004972873703581413,15,3241,-0.014430837813622291,0.012820471114551082,-0.027251308928173373,-0.028954095305882353,0.8513931888544892,323,323,3238
2014-03-31,0.03520557113583077,0.23897692850934119,0.0036072320251225166,31,3238,-0.005686479346913581,-0.08392669371666667,0.07824021436975309,0.07647786869074075,0.8811728395061729,324,324,3240
2014-04-30,0.022866472193051934,0.09850408570581344,0.002248287908870026,54,3240,0.011872599919444445,-0.025963733999382715,0.03783633391882716,0.036651148733641975,0.5925925925925926,324,324,3248
2014-05-31,-0.08656539078102145,-0.024157381472445488,0.005379453413221642,15,3248,0.03169098885230769,0.06882228003938462,-0.03713129118707693,-0.03848206041784616,0.6753846153846154,325,325,3256
2014-06-30,-0.04064766153828499,-0.04039712091744657,0.003952128273791409,18,3256,-0.03792481413711657,-0.02988223405521473,-0.00804258008190184,-0.009852396032822086,0.9049079754601228,326,326,3264
2014-07-31,-0.028639428461509974,-0.07327678188548051,0.0029565579674631043,30,3264,0.022045414701533747,0.04293493655674847,-0.02088952185521472,-0.02272387768343558,0.9171779141104295,326,326,3268
2014-08-31,0.0008178980624929852,-0.07209401442546749,0.005577649861355838,15,3268,-0.054044731954740056,-0.03727518059021407,-0.016769551364525986,-0.018610529957798157,0.9204892966360856,327,327,3271
2014-09-30,0.10431424006112854,0.06541313184830252,0.003604750584183786,38,3271,0.012219426757492354,-0.036580653245871564,0.048800080003363916,0.047023321593577985,0.8883792048929664,327,327,3273
2014-10-31,0.01272801890701125,0.10078397167947387,0.002710391753764183,59,3273,0.01580673428593272,-0.04508470141834862,0.060891435704281335,0.05937155802844036,0.7599388379204892,327,327,3276
2014-11-30,0.1239777129968113,0.07253388466103201,0.00389541807832296,29,3276,0.022413007310397554,-0.04578980115137615,0.0682028084617737,0.06691840479204894,0.6422018348623852,327,327,3276
2014-12-31,-0.22625360063439853,-0.06455391445461395,0.002977914648419641,43,3276,-0.02450575617125382,-0.02030193467675841,-0.00420382149449541,-0.005625839843119263,0.7110091743119267,327,327,3275
2015-01-31,0.6131907265535581,-0.10230388048144703,0.0034598663043275196,36,3275,0.04638508939263804,0.06824756613865031,-0.02186247674601227,-0.023451433801226995,0.794478527607362,326,326,3261
2015-02-28,-0.008234558559941088,-0.07047271962238802,0.0036385755655325425,25,3261,-0.019045178673230766,0.007454497023164156,-0.02649967569639492,-0.02830890646562569,0.9046153846153846,325,325,3253
2015-03-31,-0.19758356946806593,-0.2594607469947434,0.00526344512445779,10,3253,-0.023141847192,0.06681322831261538,-0.08995507550461537,-0.09186892165846153,0.956923076923077,325,325,3250
2015-04-30,-0.027223926550432515,-0.15184996066771067,0.002322613368548114,50,3250,-0.005358113343518519,0.041054847706790125,-0.04641296105030864,-0.04827715858117284,0.9320987654320988,324,324,3248
2015-05-31,0.05923582337566317,0.06733682663735349,0.0038180949436529216,22,3248,-0.007502198080615386,-0.02772066338430769,0.020218465303692305,0.01828308068830769,0.9676923076923076,325,325,3253
2015-06-30,0.009169888930852417,0.16177106043114872,0.002519039167797991,43,3253,0.009198583587076923,-0.09155478313784615,0.10075336672492308,0.09918105903261538,0.7861538461538462,325,325,3257
2015-07-31,-0.034012792683927866,0.007176191117843445,0.0028993475150912436,47,3257,-0.04871570781388889,-0.03318746313425926,-0.015528244679629634,-0.01685231875370371,0.662037037037037,324,324,3242
2015-08-31,-3.7357146219391674e-17,,0.010576009313242641,0,3242,-0.03817751259071207,-0.02378111583498452,-0.014396396755727552,-0.016195158365634673,0.8993808049535603,323,323,3239
2015-09-30,-0.07812161165792815,-0.13781156805873704,0.004589217032252999,24,3239,0.042230677770897826,0.08851511148390093,-0.0462844337130031,-0.048077003372445824,0.8962848297213623,323,323,3233
2015-10-31,0.015563789546454933,0.0232936665124711,0.005036867689400722,20,3233,0.015436522636024843,0.004107746784161491,0.011328775851863353,0.00942815473385093,0.9503105590062112,322,322,3225
2015-11-30,0.019832481069330426,0.057856416153231956,0.0038851928066286146,35,3225,-0.047175388799999995,-0.08059009480804954,0.03341470600804955,0.03155402489349846,0.9303405572755418,323,323,3230
2015-12-31,0.15133943609028086,0.23756979246975485,0.0065670750336470725,13,3230,-0.039881391638125,-0.114354901870625,0.0744735102325,0.0732828852325,0.5953125,320,320,3206
2016-01-31,0.008163174142258096,0.09125569712526067,0.0028676970936433914,50,3206,0.023287206863322887,-0.021027935329153605,0.044315142192476495,0.042904483885266465,0.7053291536050157,319,319,3194
2016-02-29,0.02566740696658367,0.012976685828083421,0.004745551408805152,29,3194,0.09813459431451105,0.08318616121072554,0.014948433103785505,0.01349417442870664,0.7271293375394322,317,317,3173
2016-03-31,-0.011961572530150033,0.19239668194534046,0.004209841493565016,32,3173,0.12670705905428573,0.049168974168571425,0.0775380848857143,0.07590633885396827,0.8158730158730159,315,315,3159
2016-04-30,-0.1251641849450719,-0.12081659309013425,0.004473566735831093,45,3159,-0.02078062616825397,0.020145303357142857,-0.04092592952539682,-0.04228148508095238,0.6777777777777778,315,315,3153
2016-05-31,-0.008376818855658818,-0.07149855073861737,0.0027422090126000757,45,3153,-0.009973657551746033,0.01591571235809524,-0.025889369909841274,-0.027797306417777782,0.953968253968254,315,315,3150
2016-06-30,0.010405675225647316,-0.06285054112675664,0.003104086162377615,40,3150,0.06239491113674121,0.07525882764440896,-0.012863916507667744,-0.014630689670607041,0.8833865814696485,313,313,3138
2016-07-31,,,0.011598148562910058,0,3138,0.024556217450479235,0.01867916740511182,0.005877050045367416,0.00404318423067093,0.9169329073482428,313,313,3133
2016-08-31,0.01734070980420203,0.010120195320473698,0.005202675306582194,24,3133,0.03759669965048232,0.02310126881736334,0.014495430833118977,0.012784819900643092,0.8553054662379421,311,311,3119
2016-09-30,-0.14623886328661967,-0.21630596644018793,0.004106606566802481,24,3119,-0.08556959430935483,-0.01955819126451613,-0.0660114030448387,-0.06765333852870967,0.8209677419354838,310,310,3106
2016-10-31,-0.02821634102529884,-0.04160745381874576,0.004167425654608651,23,3106,0.08939088427419355,0.0818355913716129,0.00755529290258064,0.005600454192903221,0.9774193548387097,310,310,3107
2016-11-30,0.08116079817060956,0.1508585624905818,0.00358005475744067,53,3107,0.06616459422912623,0.0111645151171521,0.055000079111974125,0.053443444807767006,0.7783171521035599,309,309,3099
2016-12-31,-0.06438427496323067,-0.12638690919828974,0.004324587506322414,26,3099,0.005748614437952427,0.05199312525469256,-0.046244510816740136,-0.04757460790411878,0.6650485436893203,309,309,3090
2017-01-31,0.038084029516963755,-0.016155843776639058,0.006237454506912963,13,3090,0.011087713655194807,0.012427938783766237,-0.00134022512857143,-0.003103212141558443,0.8814935064935066,308,308,3085
2017-02-28,0.03754506470712025,0.06265927322323378,0.004977675258527331,17,3085,0.010146417552922078,-0.0046677099064935034,0.014814127459415582,0.012995945641233764,0.9090909090909091,308,308,3084
2017-03-31,0.11451476862359136,0.12113400350786445,0.0016660768262657527,68,3084,0.009218320973941369,-0.0432535373771987,0.052471858351140065,0.05104514825342019,0.7133550488599348,307,307,3076
2017-04-30,0.1225381196891797,0.2251157230132249,0.0018424071902961748,47,3076,0.0010938956817589589,-0.06797208954788274,0.06906598522964169,0.06753829793322476,0.7638436482084691,307,307,3071
2017-05-31,-0.19327713844349895,-0.1741697712320973,0.00352060689314511,30,3071,0.009150279901633987,0.0546633350127451,-0.04551305511111111,-0.046784296941176466,0.6356209150326797,306,306,3063
2017-06-30,0.09384450659701614,0.09865728708258124,0.007160898256399662,9,3063,0.020001804210163936,-0.01217721346229508,0.032179017672459016,0.03045442750852459,0.862295081967213,305,305,3054
2017-07-31,-0.22855525877945573,0.007181756005455146,0.013144005297524141,1,3054,-0.001391106051644737,-0.020582871832894735,0.019191765781249998,0.017494397360197367,0.8486842105263158,304,304,3045
2017-08-31,0.01609787494293503,-0.17228711992864534,0.00326597576362594,38,3045,0.048227023213815785,0.08643630330888157,-0.03820928009506578,-0.039794806410855255,0.7927631578947368,304,304,3041
2017-09-30,-0.013970387640770573,0.0025932881567905528,0.003364661836759032,39,3041,0.0036185392566225193,-0.008873412559602651,0.01249195181622517,0.010627713405629144,0.9321192052980132,302,302,3022
2017-10-31,-0.025898489089258323,0.011303159068626183,0.009740839298537444,5,3022,0.027385164882059804,0.034836404224252486,-0.007451239342192682,-0.009331638013289028,0.9401993355481728,301,301,3013
2017-11-30,0.1162087861591989,0.038380916323949035,0.0042242595089825126,20,3013,0.03328981530332226,0.02771060745880399,0.005579207844518267,0.0038416663162790642,0.8687707641196014,301,301,3017
2017-12-31,2.2708006054916068e-17,,0.010174479716990372,0,3017,0.017342808621333333,0.02875129004233333,-0.011408481420999997,-0.013205148087666664,0.8983333333333333,300,300,3004
2018-01-31,0.002241868585526626,0.1226560048691,0.002969180047095742,50,3004,-0.03130693610697675,-0.06660274159966777,0.03529580549269102,0.03344530715382059,0.925249169435216,301,301,3014
2018-02-28,0.08094639969175932,0.04155406087392587,0.003995428217841041,25,3014,0.023400999972666668,-0.0009474018226666654,0.024348401795333333,0.022975068462,0.6866666666666668,300,300,3008
2018-03-31,0.04040352611041219,0.050010959703442374,0.0046629380475100395,19,3008,0.015888405601337793,-0.005985669586622075,0.02187407518795987,0.020348991575919736,0.7625418060200668,299,299,2996
2018-04-30,0.03222184524926571,-0.036385619631367695,0.0032583957768108273,30,2996,0.04966046891337793,0.046263106817391306,0.0033973620959866224,0.00170505440367893,0.8461538461538461,299,299,2998
2018-05-31,-0.020856560863500198,-0.06660291472334766,0.004230052168250216,31,2998,0.01190459595685619,0.004552907010033444,0.007351688946822746,0.005766404665886292,0.7926421404682273,299,299,2997
2018-06-30,-0.005787210711510386,0.03853649229659187,0.0026275319169896567,35,2997,0.011377770843959729,0.007980663503355703,0.003397107340604026,0.0017024764681208043,0.8473154362416107,298,298,2988
2018-07-31,0.02848031675561023,0.032021376774668035,0.0027318634432476085,41,2988,0.018620323228282828,0.014852758693265992,0.0037675645350168357,0.0020604938279461284,0.8535353535353536,297,297,2979
2018-08-31,-0.10389460734206113,0.028690254263021363,0.0035515100555394137,36,2979,-0.02778371021098316,-0.014030497500336702,-0.013753212710646459,-0.015349172306606054,0.797979797979798,297,297,2976
2018-09-30,,,0.010645297458403842,0,2976,-0.08158953184242425,-0.07981470392457914,-0.001774827917845112,-0.0035930097360269307,0.9090909090909092,297,297,2970
2018-10-31,-0.09000830697954366,0.03481119146363805,0.006125223151276942,14,2970,0.0023016045315254227,-0.004671227099322034,0.006972831630847456,0.005179611291864406,0.8966101694915254,295,295,2956
2018-11-30,0.04895377607230731,0.0970856706660561,0.004777895694088111,26,2956,-0.10399069165918368,-0.12910675311156464,0.02511606145238096,0.023473204309523817,0.8214285714285714,294,294,2944
2018-12-31,-0.35342161562216706,-0.3515988072333779,0.0029491241942932187,43,2944,0.0651178762652921,0.2145880561264605,-0.1494701798611684,-0.15108873656219932,0.8092783505154639,291,291,2918
2019-01-31,-0.00470443268760526,0.01644339636070046,0.0044873933498576464,37,2918,0.05594599851275862,0.046436280796551724,0.009509717716206893,0.007647648750689652,0.9310344827586208,290,290,2906
2019-02-28,-0.06571941385407502,-0.16185120285151744,0.00453727543564779,26,2906,-0.04423031493979238,0.009490915623020763,-0.053721230562813145,-0.055368289386342556,0.8235294117647058,289,289,2893
2019-03-31,0.01833966492413547,-0.041640535173523216,0.005605609047510623,20,2893,0.017210906804513888,0.03679711819131944,-0.019586211386805556,-0.02143690583125,0.9253472222222222,288,288,2886
2019-04-30,-0.10145731941675387,-0.06931548523538464,0.004358796356616148,23,2886,-0.07571776559340278,-0.04922979317152778,-0.026487972421875,-0.02830741686631944,0.9097222222222222,288,288,2884
2019-05-31,-0.1555846889022423,-0.19432540723988576,0.004813622843839261,31,2884,0.034082239793031356,0.05674301013101045,-0.022660770337979093,-0.024472617027874562,0.9059233449477352,287,287,2878
2019-06-30,0.11476198244924554,0.06347876764038873,0.0052673869772763135,19,2878,-0.0063097307456445985,-0.018509321597212542,0.012199590851567944,0.010422587367247388,0.8885017421602788,287,287,2874
2019-07-31,4.1412242889698875e-18,,0.015400958549959388,0,2874,-0.03659515668951049,-0.04055817883321678,0.0039630221437062935,0.0021902948709790204,0.8863636363636364,286,286,2866
2019-08-31,-0.2177292043183755,-0.29368546504003173,0.007121875735974424,8,2866,-0.02497098892377622,0.07145632365629372,-0.09642731258006994,-0.09826996992272728,0.9213286713286714,286,286,2862
2019-09-30,-0.0384424954362612,-0.01789084071567274,0.003233618384011525,39,2862,-0.010132372936971829,0.00743133906056338,-0.01756371199753521,-0.019514416222887323,0.9753521126760563,284,284,2846
2019-10-31,0.00839099283273901,-0.023174369262817424,0.0052521340039736845,20,2846,0.023037661656737585,-0.0021671019581560274,0.025204763614893613,0.0233678841822695,0.9184397163120568,282,282,2829
2019-11-30,-0.025345821788585837,0.03588040919687794,0.005125048589707801,26,2829,0.05242130464326241,0.04839990714609929,0.004021397497163119,0.002376007426241133,0.822695035460993,282,282,2821
2019-12-31,-0.07277602829516944,-0.2439812286913605,0.00558367566614086,26,2821,-0.10729115566903914,0.003413939787900355,-0.1107050954569395,-0.11244530898007117,0.8701067615658362,281,281,2811
2020-01-31,0.08622183212793352,0.17180009941857016,0.003726263037720126,47,2811,-0.06526944826571429,-0.13002728706035713,0.06475783879464284,0.06280069593749998,0.9785714285714286,280,280,2802
2020-02-29,0.0643804158791411,0.06224189590269854,0.003985965974490179,30,2802,-0.2270277237817857,-0.31942723862785716,0.09239951484607145,0.09109951484607146,0.65,280,280,2808
2020-03-31,-0.08014694552217773,-0.2616440906723056,0.006262252064363328,45,2808,0.11521964864223827,0.2986471694685921,-0.18342752082635383,-0.18505567967111916,0.8140794223826715,277,277,2770
2020-04-30,0.11999049421928713,0.10361342093486198,0.00607469556080705,43,2770,0.0715447557208633,0.014024151043884893,0.05752060467697841,0.05563571259064747,0.9424460431654677,278,278,2782
2020-05-31,-0.044069963372991086,-0.016026108975773425,0.005488949365061032,31,2782,0.04505545982635379,0.04302883492093863,0.0020266249054151572,0.0005356501761732799,0.7454873646209387,277,277,2778
2020-06-30,-0.3666413671905524,-0.2004965363226547,0.004324551706149899,52,2778,0.014277714743321299,0.06417108587833935,-0.04989337113501805,-0.051608172579061376,0.8574007220216606,277,277,2773
2020-07-31,-0.004622334029123738,-0.04149068975805922,0.00502298910225447,29,2773,0.04132981634981949,0.023197804892057767,0.018132011457761724,0.01634500784765342,0.8935018050541517,277,277,2773
2020-08-31,-0.012312914356936723,-0.054637137954324205,0.00531129935773932,30,2773,-0.033982912394223824,-0.013289640435379061,-0.020693271958844763,-0.022455004810830324,0.8808664259927798,277,277,2779
2020-09-30,-0.02190089905608374,0.0765466347275187,0.008003014045962417,9,2779,0.018331257527797837,-0.0073758341505415145,0.02570709167833935,0.02386954655198556,0.9187725631768953,277,277,2778
2020-10-31,-0.06401430677684676,-0.015799161515332144,0.006674895967192697,19,2778,0.14746866041920287,0.20803976654130435,-0.06057110612210148,-0.062277627861231914,0.8532608695652173,276,276,2767
2020-11-30,-0.04991583144444163,0.1178734398409277,0.011943837413910998,11,2767,0.10958689204892086,0.05260959324316546,0.056977298805755396,0.055038449884892086,0.9694244604316546,278,278,2780
2020-12-31,0.18883388463975578,0.23844373021903326,0.012669444099850054,5,2780,0.14686936380072466,0.003427874042391306,0.14344148975833335,0.14219148975833334,0.625,276,276,2764
2021-01-31,0.16967022923463107,0.22270898454376,0.0050078926384506724,39,2764,0.1481861469003597,0.024494557959712226,0.12369158894064747,0.1224218047679856,0.6348920863309353,278,278,2787
2021-02-28,-0.0046501261302623435,-0.006105030563680308,0.0046026835852397245,52,2787,0.034939366142293905,0.020651766378136205,0.0142875997641577,0.01285749223727598,0.7150537634408602,279,279,2792
2021-03-31,0.11259441161089759,0.037959899833488644,0.005010996545251327,31,2792,0.041123859089679714,-0.01637108240711744,0.05749494149679715,0.05580455003772242,0.8451957295373665,281,281,2819
2021-04-30,-0.02292699837859245,-0.021348999834108616,0.003343327307992799,35,2819,0.036102896503169016,0.021941461187323943,0.014161435315845072,0.01272129447077465,0.7200704225352113,284,284,2846
2021-05-31,0.121021518154889,-0.08379097311867144,0.004001486973785806,36,2846,0.057462086082775435,0.04548910149859649,0.011972984584178947,0.010372984584178947,0.8,285,285,2854
2021-06-30,-0.0508890761532626,-0.18960744541651756,0.003008810797649436,52,2854,-0.08650378380210526,-0.015772187783508772,-0.0707315960185965,-0.0724052802291228,0.8368421052631578,285,285,2855
2021-07-31,-0.10867849555469627,0.0035621598564597977,0.0025240344259364264,56,2855,0.018005947291258744,0.03129340412692308,-0.013287456835664336,-0.015242002290209791,0.9772727272727273,286,286,2864
2021-08-31,-2.3145042592069987e-17,,0.010020318017653422,0,2864,0.0032113938919580433,-0.01522420119125874,0.018435595083216783,0.01661391676153846,0.9108391608391608,286,286,2861
2021-09-30,0.017444575417906907,-0.05753600297497883,0.0036403788637702434,49,2861,0.04633535578421052,0.04762375194175439,-0.001288396157543871,-0.003081378613684222,0.8964912280701754,285,285,2859
2021-10-31,0.11314620469681214,0.07928598091549705,0.004791393558923056,19,2859,-0.014237563546315791,-0.06798993930070177,0.053752375754385975,0.05202605996491229,0.8631578947368421,285,285,2856
2021-11-30,0.1289430009563514,0.10434107986680974,0.005189502996480939,20,2856,0.03179484616328671,-0.025607512293706294,0.057402358456993006,0.056101659156293705,0.6503496503496503,286,286,2869
2021-12-31,0.1988913975018303,0.08209313018620934,0.0028913220922098595,52,2869,-0.038566733062975776,-0.12530387190069203,0.08673713883771625,0.08541187932214532,0.6626297577854672,289,289,2894
2022-01-31,0.004441055611978346,0.10543571937824184,0.003556076551002945,50,2894,0.028856068511034484,-0.003088632034482761,0.03194470054551724,0.030572286752413795,0.6862068965517241,290,290,2902
2022-02-28,0.11198882381866186,0.12494622000848543,0.0024486098359525325,66,2902,0.0738687482924138,0.022410015861724142,0.05145873243068966,0.04989321518931035,0.7827586206896551,290,290,2901
2022-03-31,0.05145004891646286,0.030800675960961997,0.003963277604107335,40,2901,-0.051852948521107264,-0.07590617548304497,0.024053226961937707,0.022665683709342552,0.6937716262975778,289,289,2898
2022-04-30,0.09706143580287056,0.03316217695398077,0.00294959252619704,41,2898,0.013370522739655177,-0.045936399368965514,0.059306922108620694,0.057679335901724145,0.8137931034482759,290,290,2902
2022-05-31,-0.21343512789507676,-0.23673333019363532,0.0046644766105411045,33,2902,-0.1519837083231834,-0.05425150485778547,-0.09773220346539793,-0.09893981592214533,0.6038062283737025,289,289,2894
2022-06-30,-0.2489665146158121,-0.3620034370060024,0.002596768320888047,58,2894,0.003451090271527778,0.11390334680763889,-0.11045225653611111,-0.11236197875833334,0.9548611111111112,288,288,2882
2022-07-31,-0.027866574649324315,-0.11709727720156642,0.004587967823590995,31,2882,-0.004342885151916375,-0.0030725215616724732,-0.0012703635902439015,-0.003204161499651567,0.9668989547038327,287,287,2875
2022-08-31,-0.011416199575420808,0.022620494735630346,0.004225499589167987,35,2875,-0.12441259813216782,-0.11186975625314685,-0.012542841879020966,-0.01433654817272726,0.8968531468531469,286,286,2866
2022-09-30,-0.14501876932326774,-0.1973071294898263,0.0025687970126535738,61,2866,0.024013653222027972,0.10684651573986015,-0.08283286251783217,-0.08468600937097903,0.9265734265734266,286,286,2860
2022-10-31,0.14503223546638203,0.16607673157786704,0.0022989186660696895,75,2860,0.03338893947455831,-0.02402824177844523,0.05741718125300354,0.05557619185371025,0.9204946996466431,283,283,2838
2022-11-30,0.027306619991038557,-0.045292413858125935,0.003724532768227836,44,2838,-0.0679732832996454,-0.07095780596489362,0.002984522665248221,0.0016689198283687883,0.6578014184397163,282,282,2822
2022-12-31,-0.03265380575990515,-0.3291606161821594,0.005234853350705266,26,2822,0.04048750404945848,0.1589806246541516,-0.11849312060469314,-0.12003824695848375,0.772563176895307,277,277,2779
2023-01-31,-0.08447726614038994,-0.17537174865895166,0.004486848693727835,36,2779,-0.04635404261690648,0.0022613245780575553,-0.04861536719496404,-0.050536230504316555,0.960431654676259,278,278,2780
2023-02-28,0.047905968614841005,0.014587992623032058,0.004188476004413197,28,2780,-0.05938024013768115,-0.0872839978923913,0.02790375775471015,0.025932743261956527,0.9855072463768115,276,276,2761
2023-03-31,0.06168364742984495,0.14207326307644652,0.00324305512183072,58,2761,-0.008838312535036499,-0.05177413868722628,0.042935826152189785,0.04121319841496351,0.8613138686131387,274,274,2746
2023-04-30,-0.02010636895597129,0.07529563393828287,0.005212663142953202,17,2746,-0.014598307335036495,-0.06855328814452555,0.05395498080948905,0.052852791028467155,0.551094890510949,274,274,2741
2023-05-31,-0.0338966453482886,-0.16042487920891474,0.007053667902968585,14,2741,0.04364758042454213,0.06450361549853481,-0.020856035073992682,-0.021738818956776564,0.4413919413919414,273,273,2737
2023-06-30,0.015281564703632044,0.05617740168340509,0.0033443925940533207,43,2737,0.06739466046119116,0.032589439997794116,0.03480522046339705,0.03301110281633823,0.8970588235294117,272,272,2721
2023-07-31,-0.1061151127381538,-0.21045287415743832,0.0030711030831105583,54,2721,-0.07912377176983149,-0.03266900919518518,-0.046454762574646306,-0.04808068850057223,0.8129629629629629,270,270,2706
2023-08-31,0.23097895139846714,0.19690814000506246,0.005001973634035366,23,2706,-0.025532305945353155,-0.09263119896542751,0.06709889302007435,0.06524387443271376,0.9275092936802973,269,269,2698
2023-09-30,0.18370544157506205,0.22720442492618567,0.004268822328428702,30,2698,-0.02631633207211896,-0.12558759704200742,0.09927126496988846,0.09808910883605947,0.5910780669144982,269,269,2690
2023-10-31,-0.08662835597552591,-0.19731969556934345,0.004219224078604265,24,2690,0.01618248956928839,0.11891744424157304,-0.10273495467228465,-0.10387727676966292,0.5711610486891386,267,267,2674
2023-11-30,0.3064462582904607,0.4349795014277997,0.005320474257462687,32,2674,0.18519118126566037,0.0020507628920754715,0.18314041837358488,0.1812913617698113,0.9245283018867925,265,265,2655
2023-12-31,-0.10710944303016634,-0.2632325642980021,0.0035769106014804826,57,2655,-0.07509526956212122,-0.029095271645833334,-0.04599999791628788,-0.04708333124962121,0.5416666666666666,264,264,2641
2024-01-31,-0.026540606177735914,-0.021128547135711995,0.006295280426054589,17,2641,0.03536159825570175,0.07087133687499998,-0.03550973861929823,-0.03750973861929823,1.0,228,228,2287
2024-02-29,-0.18235227894841943,-0.17354596128223757,0.003383118773844789,44,2287,0.0024391072039301317,0.047563516915283835,-0.0451244097113537,-0.04701087259344977,0.9432314410480349,229,229,2290
2024-03-31,0.15067204088681715,0.19902360700347824,0.0020045809050656957,72,2290,-0.020222382137610618,-0.09579214788849558,0.07556976575088496,0.0736361374323009,0.9668141592920354,226,226,2261
2024-04-30,0.006904498097760064,0.009614677519328475,0.003140354585192457,38,2261,0.05461962931250001,0.058657977267857146,-0.004038347955357138,-0.005502633669642853,0.7321428571428572,224,224,2243
2024-05-31,0.06378591902048011,-0.19237722641230026,0.003665715733962782,47,2243,-0.04343860079369369,-0.010997839271171175,-0.03244076152252251,-0.03397229305405404,0.7657657657657657,222,222,2225
2024-06-30,0.00412241557588141,-0.005266752746386402,0.008506655650280599,13,2225,0.05261566232511211,0.06514587162869956,-0.012530209303587447,-0.014436038900000003,0.952914798206278,223,223,2230
2024-07-31,0.011569010802542358,-0.012194776236311296,0.003594698286025602,50,2230,-0.011388621441891891,-0.01515029847837838,0.003761677036486489,0.00184275811756757,0.9594594594594594,222,222,2225
2024-08-31,-0.0006515762173450459,0.03267881378465193,0.004504959664357945,40,2225,0.011660321596832581,0.013186950172398187,-0.001526628575565606,-0.003359207761085968,0.9162895927601811,221,221,2214
2024-09-30,0.052979734229825354,0.025057195484069025,0.004414576365288184,28,2214,0.014123088474545454,-0.014508598301818179,0.028631686776363633,0.027004414049090906,0.8136363636363637,220,220,2205
2024-10-31,0.11588017153187745,0.1472325314847704,0.005291358728769918,27,2205,0.11772623820810811,0.07821197742387388,0.03951426078423423,0.03782507159504504,0.8445945945945945,222,222,2223
2024-11-30,0.05079787417025806,-0.044920862414783935,0.006137796552605258,25,2223,-0.0782636630672811,-0.08143442937695851,0.003170766309677414,0.0015670796737327134,0.8018433179723503,217,217,2175
2024-12-31,,,0.0026254299898224717,61,2175,0.0935240669,0.0740870914,0.019436975499999995,0.018436975499999994,0.5,1,1,3
2025-02-28,0.035160800696028074,0.18655329695745332,0.0050769183733093024,27,2574,-0.030483288800389103,-0.11161845115992218,0.08113516235953308,0.07913905341011673,0.9980544747081712,257,257,2571
2025-03-31,0.001039459304031423,0.08527370755061199,0.004125676734788702,34,2571,-0.016066365519921876,-0.017569207245312496,0.0015028417253906204,9.268547539062044e-05,0.705078125,256,256,2565
2025-04-30,0.017648221486259736,-0.05498224351022784,0.0036093950321892435,53,2565,0.04230607221102362,0.052070839844881894,-0.009764767633858272,-0.01148917708267717,0.8622047244094488,254,254,2541
2025-05-31,0.012738774798432821,0.18497115619308457,0.005696649696511445,26,2541,0.0633651716972441,0.022189024371653546,0.04117614732559055,0.03932969063267717,0.9232283464566929,254,254,2548
2025-06-30,-7.695339809415838e-18,,0.01938733676973988,0,2548,0.0028328383945098014,-0.0006140897298039195,0.003446928124313721,0.0016783006733333287,0.884313725490196,255,255,2558
2025-07-31,-3.086655288163042e-17,,0.013794257041151328,0,2558,0.06433712585058823,0.019648015471764705,0.04468911037882353,0.044583228025882354,0.05294117647058827,255,255,2557
2025-08-31,-0.010234303360761999,-0.04698364264662362,0.004000438871741452,57,2557,0.010247427341176472,-0.0010863977039215656,0.011333825045098039,0.009639707398039215,0.8470588235294118,255,255,2556
2025-09-30,0.07926857537931872,0.0676178629672995,0.009527793892522195,14,2556,-0.01244857250627451,-0.04735232673882352,0.03490375423254902,0.03330767580117647,0.7980392156862746,255,255,2557
2025-10-31,0.1477342035630599,0.07155700172531554,0.00638395586389318,16,2557,0.012586873350196079,-0.05800816041686275,0.07059503376705883,0.06954797494352942,0.5235294117647059,255,255,2559
