eom,ic_pearson,ic_spearman,best_iteration,n_train,long_ret,short_ret,qspread,net_qspread,turnover,n_long,n_short,n_universe
1981-02-28,-0.006354228612766682,0.03674069760772014,63,2675,0.07485389653108614,0.05626601773071161,0.018587878800374526,0.016587878800374524,1.0,267,267,2678
1981-03-31,0.10465730479440358,0.1593821406683923,38,2678,0.03159974127806691,-0.03133798012527881,0.06293772140334572,0.06127972883828996,0.828996282527881,269,269,2690
1981-04-30,0.12836059347831108,0.08964898396083236,28,2690,0.04509072147695167,-0.00016181065464684018,0.045252532131598515,0.04383245778215614,0.7100371747211895,269,269,2696
1981-05-31,-0.14975417624178586,-0.215947799187807,33,2696,-0.07549636524814815,-0.005624521616666666,-0.06987184363148148,-0.07112369548333333,0.625925925925926,270,270,2706
1981-06-30,-0.031171502217013793,0.04693385871219626,183,2706,-0.04079385332619927,-0.01840916485166052,-0.02238468847453875,-0.024237086998523987,0.9261992619926199,271,271,2714
1981-07-31,0.1460661826649953,0.22169841138281154,30,2714,-0.07425367788419118,-0.13001512283897057,0.05576144495477939,0.05416218024889703,0.7996323529411764,272,272,2723
1981-08-31,0.16139411997556635,0.21900389129795605,51,2723,-0.07472916843750001,-0.11739965202977942,0.042670483592279415,0.041155777709926476,0.7573529411764706,272,272,2721
1981-09-30,-0.0945782007731904,-0.057618381291611745,112,2721,0.04245849210073801,0.07470645611771218,-0.03224796401697417,-0.03362434778081181,0.6881918819188192,271,271,2718
1981-10-31,-0.07409331756631514,-0.07835927982741198,62,2718,0.013308625486397059,0.027349552942279413,-0.014040927455882354,-0.01580930980882353,0.8841911764705883,272,272,2721
1981-11-30,-0.0233938017557284,0.05133559615637059,1,2721,-0.033674261377573525,-0.02792516155882353,-0.0057490998187499955,-0.007510129230514702,0.880514705882353,272,272,2722
1981-12-31,0.028804337225671127,0.10375158808287818,36,2722,-0.016233844572363636,-0.030963173911272724,0.014729329338909088,0.013103874793454541,0.8127272727272727,275,275,2759
1982-01-31,0.17957230623673018,0.1847660178291167,53,2759,-0.035806114002888086,-0.10424939467906136,0.06844328067617328,0.06685844313104693,0.7924187725631768,277,277,2773
1982-02-28,0.07337678733479985,0.11896218186130651,109,2773,-0.0057103898942029,-0.04150464980869566,0.035794259914492754,0.03446817295797101,0.6630434782608696,276,276,2761
1982-03-31,0.011566923066920034,0.015622191422103995,41,2761,0.052821844025266906,0.04590991644733096,0.006911927577935947,0.005545379535231321,0.6832740213523132,281,281,2817
1982-04-30,-0.029623188348834987,0.02135532028975978,66,2817,-0.027108868256939502,-0.054938369463701064,0.027829501206761562,0.026260106188967968,0.7846975088967971,281,281,2814
1982-05-31,0.058520175222791376,0.049849500290260106,46,2814,-0.019669866073571428,-0.05915605996428572,0.03948619389071429,0.037804051033571436,0.8410714285714286,280,280,2806
1982-06-30,0.12269950404040217,0.149143915897437,26,2806,0.011852590041992881,-0.052685732365124555,0.06453832240711743,0.06301874945338078,0.7597864768683273,281,281,2813
1982-07-31,-0.059986623041053934,-0.14496159103066564,31,2813,0.04792365213142857,0.07634766675571429,-0.028424014624285725,-0.029666871767142867,0.6214285714285714,280,280,2807
1982-08-31,-0.09319068552449551,-0.10906196759503872,88,2807,-0.004123902554121867,0.03924488140537634,-0.043368783959498204,-0.04524333593082437,0.9372759856630825,279,279,2797
1982-09-30,-0.033584461905212686,0.06535992549230679,54,2797,0.16534367510467626,0.14383364573057553,0.021510029374100736,0.019722259589928074,0.8938848920863309,278,278,2789
1982-10-31,0.22174706381918402,0.21081799011737068,132,2789,0.1701099849799283,0.0448999825483871,0.1252100024315412,0.12371179454623654,0.7491039426523297,279,279,2795
1982-11-30,0.039807282244326885,-0.02982402804206953,40,2795,0.03339201865698924,0.025705028302150535,0.007686990354838708,0.006385915086021504,0.6505376344086021,279,279,2795
1982-12-31,0.16383501560151756,0.0920960289498673,20,2795,0.12015238415964287,0.08136947765750001,0.03878290650214286,0.037125763645000004,0.8285714285714285,280,280,2803
1983-01-31,0.07365983461154739,0.05147652603138589,73,2803,0.06951812660857142,0.033256235375,0.03626189123357142,0.03477974837642856,0.7410714285714286,280,280,2805
1983-02-28,0.09720062310092939,0.10072380260189132,117,2805,0.05856184422491103,0.010167413666903916,0.048394430558007115,0.04680724194590747,0.7935943060498221,281,281,2811
1983-03-31,0.08438614967558498,0.07476379240716098,17,2811,0.08386444770459364,0.06225544277844525,0.021609004926148395,0.02006836888374557,0.7703180212014133,283,283,2832
1983-04-30,0.11123435307093213,0.08841247888078953,17,2832,0.10597566006,0.04864396973789475,0.05733169032210526,0.05575976049754385,0.7859649122807018,285,285,2851
1983-05-31,0.13006491951382318,0.08579563543244693,22,2851,0.05514316848807017,0.0030917111154385966,0.052051457372631574,0.050490053863859644,0.7807017543859649,285,285,2856
1983-06-30,-0.041326810278621805,-0.13414722962172276,28,2856,-0.032036227345833335,0.006274445103125,-0.03831067244895833,-0.039446089115625,0.5677083333333333,288,288,2882
1983-07-31,0.16180728724061408,0.14752643213025735,39,2882,-0.024851536284879724,-0.07052196904742268,0.045670432762542956,0.043969401834707905,0.8505154639175257,291,291,2912
1983-08-31,0.07461601339505355,0.10683698315981205,61,2912,0.0028118632624573384,-0.026321182809556313,0.02913304607201365,0.027525537539590444,0.8037542662116041,293,293,2936
1983-09-30,0.22678411842099858,0.28534700370587746,83,2936,-0.024312219539189193,-0.09659602945067568,0.07228380991148649,0.07081759369527027,0.7331081081081081,296,296,2963
1983-10-31,-0.09494695514262894,-0.10525171213903643,50,2963,0.007663542296610169,0.04796462867932204,-0.04030108638271187,-0.04180617112847458,0.752542372881356,295,295,2953
1983-11-30,-0.14237835358569412,-0.05660539648996396,39,2953,-0.020488695245454543,-0.03312105258181818,0.012632357336363639,0.010859630063636366,0.8863636363636364,22,22,225
1983-12-31,0.14286211383827627,0.09699680073863887,17,225,0.055784955566666676,-0.0052627078761904806,0.061047663442857156,0.05942861582380954,0.8095238095238095,21,21,219
1984-01-31,0.03376149884574142,0.04249673260440463,0,219,-0.06337951067592593,-0.06802528598240741,0.004645775306481484,0.002668923454629632,0.9884259259259259,216,216,2167
1984-02-29,0.001125321556811541,-0.03820362066438512,51,2167,-0.008165980125345624,-0.006283755416589862,-0.0018822247087557625,-0.0036564182571428593,0.8870967741935484,217,217,2176
1984-03-31,0.13083246315216907,0.14539776544212218,15,2176,-0.014584366542660553,-0.05719326120091743,0.042608894658256874,0.04088412401605504,0.8623853211009174,218,218,2183
1984-04-30,-0.0038673754437033928,0.057815645938550576,26,2183,-0.03835497305090909,-0.054004313034090916,0.015649339983181826,0.014158430892272734,0.7454545454545454,220,220,2209
1984-05-31,-0.028015873206126238,-0.018632583263516522,34,2209,-0.0030482164230769236,0.011040673438461535,-0.014088889861538459,-0.015713324250678732,0.8122171945701357,221,221,2213
1984-06-30,0.09981131427100169,0.11881828799495597,76,2213,-0.047835030363348414,-0.08838890842533938,0.04055387806199096,0.03878917217963802,0.8823529411764706,221,221,2218
1984-07-31,-0.08278487497185312,-0.13621077950093707,29,2218,0.05093750795829596,0.10458007579910317,-0.053642567840807204,-0.05522104317713007,0.789237668161435,223,223,2237
1984-08-31,-0.16898708212275906,-0.1938912465828893,58,2237,-0.04747698212901786,0.009960484879017855,-0.05743746700803572,-0.059214252722321434,0.8883928571428571,224,224,2247
1984-09-30,0.14126616389917307,0.20464950408151164,78,2247,0.007927796495089285,-0.045285090809821425,0.05321288730491071,0.051404851590624995,0.9040178571428572,224,224,2246
1984-10-31,0.2202192034942953,0.2630248063080146,46,2246,0.013246889650442477,-0.06083749829955752,0.07408438795,0.07287199856946902,0.6061946902654868,226,226,2261
1984-11-30,0.07920370558806562,0.1044454208249729,13,2261,0.021363925514601773,-0.025453425298672568,0.046817350813274344,0.045596111875221244,0.6106194690265486,226,226,2260
1984-12-31,-0.10643232651075381,-0.0692492133413782,56,2260,0.12043992345221238,0.1567491066699115,-0.036309183217699104,-0.037556970828318575,0.6238938053097345,226,226,2262
1985-01-31,0.05661461338150912,0.056580557014984635,28,2262,0.038623752437610626,0.01252834222079646,0.026095410216814163,0.02429452526106195,0.9004424778761062,226,226,2264
1985-02-28,0.05119344388155547,-0.09080275436990383,17,2264,0.007732928409734516,0.005082245130530972,0.002650683279203544,0.0014117452261061987,0.6194690265486726,226,226,2267
1985-03-31,0.14074746612257333,0.21734845043634546,44,2267,0.0009245574365638782,-0.04333013047488986,0.04425468791145373,0.042615921391629945,0.8193832599118943,227,227,2275
1985-04-30,0.06444005651526793,0.05940018070069569,15,2275,0.03802427104716158,0.004554901246288209,0.033469369800873366,0.03195845277030568,0.7554585152838428,229,229,2292
1985-05-31,0.16622472915304295,0.20188093257733575,37,2292,0.02687333635327511,-0.034157920682532754,0.06103125703580786,0.05941990332401747,0.8056768558951966,229,229,2297
1985-06-30,-0.18601036322331085,-0.15424737634729463,52,2297,0.007152015119565218,0.059618600506956526,-0.05246658538739131,-0.05390136799608696,0.717391304347826,230,230,2305
1985-07-31,0.03962210493779538,-0.08672464718838319,36,2305,0.010538880590086204,0.006293976612068966,0.004244903978017238,0.0023569729435344794,0.9439655172413792,232,232,2322
1985-08-31,0.03515096533310658,0.06682148473274943,0,2322,-0.07110915141508621,-0.06767962558017242,-0.0034295258349137936,-0.0051838361797413805,0.8771551724137931,232,232,2326
1985-09-30,0.01720818076440409,-0.017383638887508473,54,2326,0.021054853713247862,0.03726420627991453,-0.016209352566666668,-0.01791875427606838,0.8547008547008548,234,234,2340
1985-10-31,-0.0018263074909722888,0.08535509646692394,22,2340,0.07869624982948718,0.06707369882222222,0.011622551007264961,0.009994345879059834,0.8141025641025641,234,234,2343
1985-11-30,0.06992833386009417,0.10963517360917345,11,2343,0.03283728553787234,0.003654922617021277,0.029182362920851062,0.02755257568680851,0.8148936170212766,235,235,2350
1985-12-31,-0.03331597040754163,0.009196447622086932,17,2350,0.02533236398445378,0.021294769476890754,0.004037594507563025,0.002495577700840336,0.7710084033613446,238,238,2381
1986-01-31,0.052236604149629336,0.04984698433006544,25,2381,0.05416866742310923,0.017035098974369747,0.03713356844873948,0.0354823079445378,0.8256302521008403,238,238,2387
1986-02-28,0.04457897087834602,0.07582328415589132,48,2387,0.037416579779079494,0.02310615011924686,0.014310429659832632,0.012774864806276147,0.7677824267782427,239,239,2395
1986-03-31,0.004852782808185941,-0.016437317726822876,11,2395,0.011387412238114753,0.005383381957786887,0.006004030280327866,0.004401571263934424,0.8012295081967213,244,244,2440
1986-04-30,0.0035254193540821817,-0.045101220834253254,24,2440,0.03940256723428572,0.04031562111510204,-0.0009130538808163197,-0.002643666125714279,0.8653061224489796,245,245,2450
1986-05-31,0.0048079286738986786,0.038520743485199925,23,2450,0.004622417717142861,-0.014792760877959183,0.019415178595102042,0.017737627574693878,0.8387755102040817,245,245,2458
1986-06-30,0.17621041259559775,0.20828459950630818,22,2458,-0.06275849623665339,-0.12227900161752987,0.059520505380876484,0.05782727828924302,0.846613545816733,251,251,2515
1986-07-31,-0.0018353657856364555,0.0023275893757773217,84,2515,0.040896288583399214,0.022752341679841904,0.01814394690355731,0.01664592318814229,0.7490118577075099,253,253,2537
1986-08-31,-0.012665313855475615,-0.001529237609366184,44,2537,-0.04569607824645669,-0.07212602383779528,0.026429945591338586,0.024717347166141736,0.8562992125984252,254,254,2548
1986-09-30,-0.14564000659389856,-0.16183046127428163,55,2548,-0.0036646470509727634,0.05883183321867704,-0.0624964802696498,-0.06420854252645915,0.8560311284046693,257,257,2579
1986-10-31,0.11005651105852807,0.1550397477150589,48,2579,0.0192321482992278,-0.02898457918223938,0.04821672748146718,0.04636730663204633,0.9247104247104247,259,259,2591
1986-11-30,0.13075939043865603,0.0835729785134212,33,2591,-0.02410864163667954,-0.06704921513320464,0.042940573496525095,0.04141933797528957,0.7606177606177607,259,259,2596
1986-12-31,-0.10203439646847448,-0.03612003528436295,70,2596,0.10830386709015151,0.13648847250946972,-0.028184605419318207,-0.029570969055681844,0.6931818181818181,264,264,2647
1987-01-31,0.08304670816922716,0.1226647414724464,46,2647,0.08952336766792453,0.03267165111660377,0.056851716551320756,0.05507813164566038,0.8867924528301887,265,265,2650
1987-02-28,0.08467458438985033,-0.0016439271068896095,123,2650,0.056465498194736834,0.013689502792481205,0.04277599540225563,0.041185769838345855,0.7951127819548872,266,266,2661
1987-03-31,0.04290097144125462,0.10175594698275423,117,2661,-0.020951509185714288,-0.04451082643516484,0.02355931724945055,0.02194759563772894,0.8058608058608059,273,273,2732
1987-04-30,0.046363532826710435,0.0901644248849013,24,2732,0.004536859537591241,-0.014782213629927007,0.01931907316751825,0.01773878119671533,0.7901459854014599,274,274,2741
1987-05-31,0.04033596001351241,0.03807421615233761,75,2741,0.02311408096569343,0.009601887427737228,0.013512193537956203,0.011877157041605838,0.8175182481751825,274,274,2744
1987-06-30,0.026958353557619184,0.08825289061327651,34,2744,0.05565284376630435,0.044044394658695654,0.011608449107608693,0.010021492585869563,0.7934782608695652,276,276,2767
1987-07-31,-0.10113258136996918,-0.11643245278188936,25,2767,-0.02011423009280576,0.022332520429496405,-0.042446750522302165,-0.044112218148201446,0.8327338129496402,278,278,2784
1987-08-31,-0.06132216642782391,0.030961174952965187,14,2784,-0.03013236060071428,-0.04018037443678572,0.010048013836071436,0.008144442407500008,0.9517857142857142,280,280,2801
1987-09-30,0.012180111210148399,-0.03893277161165983,60,2801,-0.30234923571696115,-0.31058026789293286,0.008231032175971709,0.006686862564664288,0.7720848056537102,283,283,2837
1987-10-31,0.12310805613983689,0.18561803800822985,91,2837,-0.007340232322968199,-0.07442031019257951,0.06708007786961132,0.06541576691554771,0.8321554770318021,283,283,2837
1987-11-30,-0.0385019863953771,-0.07113642754813786,27,2837,0.02948684455563381,0.016408745966901415,0.013078098588732396,0.011669647884507044,0.704225352112676,284,284,2841
1987-12-31,-0.1916675441071045,-0.2367073245934237,60,2841,-0.005177588505555556,0.10765437889027779,-0.11283196739583334,-0.11441530072916668,0.7916666666666667,288,288,2885
1988-01-31,0.05316344341424717,0.03562390486330919,52,2885,0.07546288106354165,0.06068379657847221,0.01477908448506944,0.012831167818402774,0.9739583333333333,288,288,2883
1988-02-29,0.0696579873893415,0.13537510295244215,26,2883,0.039281872578819446,0.02202041042777778,0.017261462151041667,0.015448962151041667,0.90625,288,288,2886
1988-03-31,0.0795101190350316,0.04480338511973154,25,2886,0.021217243681034486,-0.0031011459065517235,0.024318389587586208,0.022728734415172414,0.7948275862068965,290,290,2902
1988-04-30,0.019012062442666153,0.02186096686131107,93,2902,-0.018030518480276814,-0.028018382249826983,0.00998786376955017,0.00844461117439446,0.7716262975778547,289,289,2895
1988-05-31,-0.11534973364964284,-0.045832039469974384,46,2895,0.04730067278275863,0.06537264894931034,-0.018071976166551713,-0.01964783823551723,0.7879310344827586,290,290,2901
1988-06-30,-0.016950301215062396,-0.0833079955804239,71,2901,-0.008679113751202748,0.0042468930481099655,-0.012926006799312714,-0.014726694084536082,0.9003436426116839,291,291,2918
1988-07-31,0.07524546247891345,0.12158740668292273,20,2918,-0.020480130210309273,-0.054713482029896905,0.03423335181958763,0.032453283091065294,0.8900343642611683,291,291,2916
1988-08-31,-0.012375010740306462,-0.01854578445754933,102,2916,0.012745283181379312,0.0032897144762068947,0.009455568705172418,0.007941775601724143,0.756896551724138,290,290,2909
1988-09-30,-0.018509166619292444,0.02333183729485529,36,2909,-0.006322614741638227,-0.021908329004778158,0.01558571426313993,0.013964553853583616,0.810580204778157,293,293,2932
1988-10-31,0.07076511411993407,0.07464193399614863,51,2932,-0.033986495135836174,-0.0517438425852587,0.017757347449422527,0.01606110171563413,0.848122866894198,293,293,2936
1988-11-30,0.03651950633421082,-0.0485628679507624,20,2936,0.02537650867235495,0.022949780831740617,0.0024267278406143317,0.0008601749395904408,0.7832764505119454,293,293,2934
1988-12-31,-0.02216294158504048,0.03441698506432438,168,2934,0.04431544261194539,0.04556001359215018,-0.0012445709802047927,-0.002838427635494895,0.7969283276450512,293,293,2934
1989-01-31,-0.017978078649870034,-0.03092158638716309,1,2934,-0.01571796309831081,0.0009940078422297303,-0.01671197094054054,-0.01838426823783784,0.8361486486486487,296,296,2960
1989-02-28,0.008805966518506948,0.00047466481033830917,34,2960,0.037403390265762705,0.01023237486101695,0.027171015404745757,0.0254184730318644,0.8762711864406779,295,295,2959
1989-03-31,-0.014725784694900086,0.059942737539207175,83,2959,0.028914167584848487,0.02054309975993266,0.008371067824915826,0.006872751326599327,0.7491582491582491,297,297,2971
1989-04-30,0.07468700105272277,0.11784184227586121,51,2971,0.04805993978686869,0.011498638457239058,0.036561301329629634,0.03505961782794613,0.7508417508417509,297,297,2972
1989-05-31,-0.08710600545282708,-0.05291690284691485,0,2972,-0.01324586261784512,-0.0008256719693602736,-0.012420190648484845,-0.014006049234343431,0.7929292929292929,297,297,2972
1989-06-30,-0.04979443698948213,-0.0883092846611648,46,2972,0.026011492114765104,0.04070813711744966,-0.014696645002684555,-0.016481879902013413,0.8926174496644295,298,298,2982
1989-07-31,0.015001545345460228,0.01940894381182289,96,2982,0.01657226934899329,0.014386842311744969,0.002185427037248321,0.0004102592520134215,0.8875838926174497,298,298,2984
1989-08-31,0.030626191448972617,0.05250948651400729,0,2984,0.014565478597986578,-0.00016927421107382575,0.014734752809060404,0.01315086019161074,0.7919463087248322,298,298,2982
1989-09-30,0.12801174590503578,0.11890890188101302,30,2982,-0.03621575883020134,-0.10753018783221475,0.07131442900201342,0.06976409343154362,0.7751677852348993,298,298,2981
1989-10-31,0.11297500205631891,0.14050166386854332,62,2981,0.013999592329765885,-0.03742128034515051,0.05142087267491639,0.049949300768561876,0.7357859531772575,299,299,2992
1989-11-30,0.17233135729717886,0.25410707696494655,11,2992,0.025255960062541803,-0.025726164585618726,0.05098212464816053,0.04959750926354514,0.6923076923076923,299,299,2995
1989-12-31,-0.09631906652023886,-0.08276249844556785,19,2995,-0.07030393834247492,-0.04854997456856187,-0.021753963773913053,-0.02309510089765887,0.6705685618729097,299,299,2993
1990-01-31,-0.0686050112107974,-0.10899214101083678,105,2993,0.014635205414715722,0.026243080989632107,-0.011607875574916385,-0.013454029421070232,0.9230769230769231,299,299,2993
1990-02-28,0.08427065067276868,0.1283723869880674,23,2993,0.033096991429431434,0.007857854414715718,0.025239137014715717,0.023516728987959864,0.8612040133779264,299,299,2993
1990-03-31,0.016569570090178825,0.10191590997800003,86,2993,-0.02022824890869565,-0.04083869219264214,0.02061044328394649,0.019058603819063547,0.7759197324414715,299,299,2996
1990-04-30,-0.006258041722041679,0.02152149513557876,9,2996,0.03573501271760797,0.057699270162458474,-0.021964257444850505,-0.023548975052823926,0.7923588039867109,301,301,3019
1990-05-31,0.057255900037369696,0.08645030894116361,25,3019,0.018970067805629143,-0.026636218729470196,0.045606286535099336,0.043881120972185425,0.8625827814569536,302,302,3029
1990-06-30,0.06312880864856715,0.053462849305595285,15,3029,-0.03194658797861842,-0.06324255886842105,0.03129597088980263,0.029953865626644732,0.6710526315789473,304,304,3046
1990-07-31,0.14586039628679967,0.16903381314073784,39,3046,-0.05490014584327868,-0.10602083059606557,0.05112068475278689,0.04982888147409836,0.6459016393442623,305,305,3058
1990-08-31,0.1759808514873179,0.22244761427327778,71,3058,-0.03692275348137255,-0.12679461412091506,0.0898718606395425,0.08836205671797387,0.7549019607843137,306,306,3061
1990-09-30,0.10544043233891187,0.10881028128694077,60,3061,-0.0387939979751634,-0.10523309903235294,0.06643910105718953,0.06510576772385619,0.6666666666666667,306,306,3061
1990-10-31,-0.04690731604577994,0.055870932969796644,88,3061,0.046099212195797386,0.07426976525718954,-0.02817055306139215,-0.0294385269176013,0.6339869281045751,306,306,3064
1990-11-30,0.17222357189001175,0.22054527478814578,166,3064,0.0369765113382353,-0.0423252712127451,0.07930178255098039,0.07761224006732026,0.8447712418300654,306,306,3062
1990-12-31,-0.19028586854869534,0.09031318229203099,30,3062,0.11971985660686274,0.11112328185588236,0.008596574750980385,0.007132522463398685,0.7320261437908496,306,306,3069
1991-01-31,0.2044549830756262,0.20326327833887634,88,3069,0.15664416572777778,0.04924619431470588,0.1073979714130719,0.1057182328509804,0.8398692810457516,306,306,3067
1991-02-28,0.1896674248220131,0.15042260138251903,36,3067,0.11503266991726384,0.01873199222247557,0.09630067769478827,0.0950726646654723,0.6140065146579805,307,307,3079
1991-03-31,0.038019279640774714,-0.009485659422636825,24,3079,0.014962444688673138,0.006084701141100323,0.008877743547572814,0.007524992738511325,0.6763754045307444,309,309,3094
1991-04-30,0.020951735876499566,-0.06317963538134476,9,3094,0.032984741248387094,0.026987324449354835,0.005997416799032259,0.004329674863548388,0.8338709677419355,310,310,3109
1991-05-31,0.015236737300802945,-0.09155296590361865,61,3109,-0.06928140187041801,-0.06415699767234727,-0.0051244041980707394,-0.006741767542122187,0.8086816720257235,311,311,3117
1991-06-30,-0.09731627095608282,-0.1263222766314348,33,3117,0.021957108887859428,0.07017879589776359,-0.04822168700990416,-0.049892613527476044,0.8354632587859425,313,313,3130
1991-07-31,0.022900003937680265,0.12368766951170145,78,3130,0.04922059164984127,0.016233408064761905,0.03298718358507936,0.031149088346984124,0.9190476190476191,315,315,3152
1991-08-31,0.056173658652750307,0.04843573648218194,22,3152,0.006906907661269839,-0.01943359805174603,0.02634050571301587,0.02501987079238095,0.6603174603174603,315,315,3157
1991-09-30,0.06588689850355754,0.09824198102697333,18,3157,0.08054595494433961,0.003726986419182392,0.07681896852515721,0.07551708173270438,0.6509433962264152,318,318,3180
1991-10-31,-0.046530106031371164,-0.06007468710585597,2,3180,-0.0547029725678125,-0.042869568310625,-0.0118334042571875,-0.0131677792571875,0.6671875,320,320,3200
1991-11-30,-0.09450873832804393,-0.20416566826607405,39,3200,0.007773436762422362,0.07738182092639752,-0.06960838416397516,-0.07131024751801243,0.8509316770186335,322,322,3225
1991-12-31,-0.18938087288226846,-0.1594419433993335,119,3225,0.052756468890712074,0.18751784485882356,-0.1347613759681115,-0.13654156172662543,0.890092879256966,323,323,3231
1992-01-31,0.2471202999982822,0.1555185206647701,68,3231,0.11805900988128837,0.0010173864515337432,0.11704162342975462,0.11507843324570553,0.9815950920245399,326,326,3269
1992-02-29,0.14222506682927652,0.06588036485773617,79,3269,-0.003920173262804879,-0.04138516290213415,0.03746498963932927,0.03614791646859756,0.6585365853658537,328,328,3289
1992-03-31,0.1788798140011183,0.215989067925035,91,3289,-0.002709914521921919,-0.08657112476636636,0.08386121024444444,0.0824167658,0.7222222222222222,333,333,3333
1992-04-30,0.07384178369721088,0.14983952552089974,31,3333,0.027086387878378377,-0.011588065271471474,0.03867445314984985,0.03729307176846847,0.6906906906906907,333,333,3339
1992-05-31,0.07323080773541368,0.11592806884118834,166,3339,-0.023916546986865673,-0.04514620897402985,0.021229661987164177,0.01976697542,0.7313432835820896,335,335,3355
1992-06-30,0.023097211214269654,0.03384369362646577,42,3355,0.044846602210355024,0.04774886444792899,-0.002902262237573963,-0.004387469338165679,0.742603550295858,338,338,3388
1992-07-31,-0.01044876187467456,0.027950575615767276,59,3388,-0.029041126169321536,-0.02192282483274336,-0.0071183013365781755,-0.008723021100589975,0.8023598820058997,339,339,3398
1992-08-31,0.012354630767117337,0.002689192779010424,45,3398,0.0264393483979472,0.019853852282697947,0.006585496115249254,0.004928604619648082,0.8284457478005864,341,341,3412
1992-09-30,0.01383525172572433,0.10612934509909627,37,3412,0.03433700740816326,-0.0024676917448979577,0.03680469915306122,0.03527408690816326,0.7653061224489796,343,343,3433
1992-10-31,0.1722086147270274,0.2176218772240894,76,3433,0.11827975252267442,0.03731796356395349,0.08096178895872093,0.07965364942383721,0.6540697674418605,344,344,3440
1992-11-30,0.041992252513331066,0.04076323527742597,41,3440,0.04680572175797103,0.023279494303768116,0.02352622745420291,0.022198691222318854,0.663768115942029,345,345,3454
1992-12-31,0.1426543623490807,0.24270883807888458,25,3454,0.12838656284310346,0.01121549204454023,0.11717107079856323,0.11548716275258622,0.8419540229885057,348,348,3484
1993-01-31,0.11462972333360343,0.1165871435624238,37,3484,0.02385923837057143,-0.05557228915971429,0.07943152753028572,0.07825152753028572,0.5900000000000001,350,350,3500
1993-02-28,0.004384458612558875,0.09317578435316647,73,3500,0.052789882636182346,0.005517846092307694,0.04727203654387465,0.045816196088034195,0.7279202279202279,351,351,3512
1993-03-31,0.025861454431962878,0.10806195181289133,19,3512,0.015939807841011233,-0.03164354579129214,0.04758335363230337,0.04612548846376405,0.7289325842696629,356,356,3568
1993-04-30,0.0075382922543708476,-0.06838544886471615,10,3568,0.03519533320139665,0.037867015331843584,-0.0026716821304469326,-0.004249894420949725,0.7891061452513966,358,358,3581
1993-05-31,-0.015889129446606497,-0.06202463164915923,40,3581,0.010444480558333335,0.011899232721666667,-0.0014547521633333314,-0.0031575299411111092,0.851388888888889,360,360,3605
1993-06-30,0.09693912652369238,0.11908546795249658,28,3605,0.013993928403561645,-0.012976832536986303,0.02697076094054795,0.025154322584383566,0.9082191780821918,365,365,3651
1993-07-31,0.03129318149141398,0.04141293029953801,14,3651,0.05254913394468666,0.0402101604972752,0.012338973447411458,0.010736793610899197,0.8010899182561309,367,367,3673
1993-08-31,0.07906281835500514,0.1363934885264678,34,3673,0.034998782549593495,0.01822465007127371,0.016774132478319784,0.015031585052845528,0.8712737127371274,369,369,3693
1993-09-30,0.018720928002886415,-0.009207205839546087,7,3693,0.04168605939112903,0.03146973346612904,0.010216325924999992,0.008665250656182788,0.7755376344086022,372,372,3729
1993-10-31,0.07996650265897304,0.074159431756289,42,3729,-0.014183462617066666,-0.05252963740853333,0.03834617479146667,0.036596841458133335,0.8746666666666667,375,375,3755
1993-11-30,0.02119460078681627,0.011281427720656078,34,3755,0.00725940355899471,0.0036240481171957656,0.0036353554417989445,0.001973979780423283,0.8306878306878307,378,378,3783
1993-12-31,-0.11873357710922491,-0.0703070115288632,56,3783,0.040330638027792215,0.07009232186883117,-0.029761683841038958,-0.031398047477402595,0.8181818181818181,385,385,3854
1994-01-31,0.07785900022970413,0.07543019095872056,31,3854,0.009640021982945734,-0.021527673073126617,0.03116769505607235,0.02927363820852713,0.9470284237726098,387,387,3878
1994-02-28,0.02620197415603235,0.007935719688274182,51,3878,-0.056189329846410264,-0.059447601545897434,0.0032582716994871697,0.0017685281097435798,0.7448717948717949,390,390,3902
1994-03-31,0.05216227184923598,0.06779404154246707,73,3902,-5.888773096446619e-05,-0.029188426669289336,0.02912953893832487,0.027583853659137052,0.7728426395939085,394,394,3941
1994-04-30,0.07181451927424963,0.13216431186395577,37,3941,0.021248521430226697,-0.017524043643576823,0.03877256507380352,0.03739221242896725,0.6901763224181361,397,397,3970
1994-05-31,0.17084307864532938,0.20165506836621439,72,3970,-0.0011038822142857146,-0.06928489186566417,0.06818100965137845,0.0669253705536341,0.6278195488721805,399,399,3992
1994-06-30,-0.016233077233975143,-0.039356074292331795,37,3992,0.013413069014925373,0.013445153162437811,-3.208414751243796e-05,-0.0012883030529850749,0.6281094527363185,402,402,4027
1994-07-31,0.030522104600000627,0.13535443894600993,6,4027,0.06191438410547264,0.031573140252487565,0.030341243852985075,0.028582537385323382,0.8793532338308458,402,402,4023
1994-08-31,0.0761996531746383,0.07746511256142931,41,4023,0.028750515573449126,-0.006250246291315137,0.035000761864764265,0.03344493059925558,0.7779156327543424,403,403,4036
1994-09-30,0.09934922816264066,0.04381370256217944,15,4036,0.024728731503448276,-0.012492127212561575,0.03722085871600985,0.03561987349433497,0.8004926108374384,406,406,4063
1994-10-31,0.10286894777682844,0.10972308643082643,16,4063,-0.01650148583808354,-0.05594468899606879,0.039443203157985246,0.037983743698525786,0.7297297297297297,407,407,4072
1994-11-30,-0.013844667400927371,-0.011646404172173348,25,4072,-0.025062744668137255,-0.014545650714950977,-0.010517093953186278,-0.011884741012009807,0.6838235294117647,408,408,4083
1994-12-31,-0.16571440432425347,-0.10840774122817892,105,4083,-0.0071908426512254904,0.0432677525375,-0.050458595188725495,-0.05216202656127451,0.8517156862745099,408,408,4080
1995-01-31,0.03365550827616848,0.028099884733235637,34,4080,0.04065526039804879,0.03713721713292683,0.0035180432651219576,0.0017521896065853721,0.8829268292682927,410,410,4101
1995-02-28,0.0199245544013073,0.06535527649299715,24,4101,0.023148872591219512,0.014055680971231709,0.009093191619987803,0.007395630644378047,0.8487804878048781,410,410,4109
1995-03-31,-0.014895761512446395,-0.0083413773725218,1,4109,0.026607849093051097,0.03626406789294404,-0.009656218799892945,-0.011364247996973238,0.8540145985401459,411,411,4115
1995-04-30,0.04321346560641444,0.0024837272099658848,43,4115,0.030918235928155336,0.020072095749757282,0.010846140178398054,0.009173810081310674,0.8361650485436893,412,412,4125
1995-05-31,-0.0163205937423625,0.03314537799715662,54,4125,0.049403190255205814,0.05359920718038741,-0.004196016925181595,-0.00576986680411622,0.7869249394673123,413,413,4131
1995-06-30,0.11845093604341564,0.13815783781236926,163,4131,0.09532995361086956,0.040837513364734304,0.054492440246135254,0.05285234362777776,0.820048309178744,414,414,4149
1995-07-31,0.047783661548000615,0.02305970391056428,16,4149,0.035244913942925664,0.025427118413669066,0.009817795529256598,0.008635541332613912,0.5911270983213429,417,417,4170
1995-08-31,0.09292163051622572,0.044612123118953746,31,4170,0.03878616726658712,0.009217933068973748,0.02956823419761337,0.027814057586634848,0.8770883054892602,419,419,4192
1995-09-30,0.052973598737132276,0.12389826211169278,42,4192,-0.03462766125322195,-0.07384577307422434,0.03921811182100239,0.0377741977398568,0.7219570405727924,419,419,4199
1995-10-31,0.02566688962788595,0.03411058806697403,27,4199,0.030171415881042656,0.02368739243270143,0.006484023448341227,0.004941369419905208,0.7713270142180095,422,422,4227
1995-11-30,0.0047304915768328236,0.014836373519399202,87,4227,0.010065926842688677,-0.0029739452433962255,0.013039872086084902,0.011412513595518864,0.8136792452830188,424,424,4249
1995-12-31,0.017846245627457884,0.06605343348000853,34,4249,0.04358451809529412,0.020395974550823526,0.023188543544470596,0.021576778838588242,0.8058823529411765,425,425,4259
1996-01-31,0.08048669202322728,-0.05336082540714993,53,4259,0.027110622863317755,0.03880049170070094,-0.011689868837383186,-0.013124448276635522,0.7172897196261683,428,428,4281
1996-02-29,0.08229305554954075,0.05052148681252397,2,4281,0.03616502180350468,0.015936995535280378,0.0202280262682243,0.018697652436448598,0.7651869158878505,428,428,4289
1996-03-31,0.05569595902591168,0.07009913108203673,56,4289,0.09274906855139535,0.09297058791046513,-0.00022151935906977727,-0.0018331472660465217,0.8058139534883721,430,430,4307
1996-04-30,0.2017365260213732,0.14962445239244357,44,4307,0.09486987874133948,0.01262117582586605,0.08224870291547343,0.08042653201478059,0.9110854503464203,433,433,4337
1996-05-31,-0.1524837427194853,-0.21939176906467509,28,4337,-0.05143017261350114,-0.003621661072540045,-0.04780851154096109,-0.04918608591167047,0.6887871853546911,437,437,4378
1996-06-30,0.3496787803767839,0.36627189012349215,64,4378,-0.03352759392409091,-0.16503135974522726,0.13150376582113635,0.12971967491204545,0.8920454545454546,440,440,4407
1996-07-31,-0.04093109372538595,-0.10475619597843398,51,4407,0.02894850051252715,0.09177048827330317,-0.06282198776077602,-0.06402334522683938,0.6006787330316742,442,442,4428
1996-08-31,0.12002330731916612,0.12446054298992063,59,4428,0.06742367679162896,0.020062243789140267,0.04736143300248869,0.04556052802511312,0.9004524886877828,442,442,4429
1996-09-30,-0.08636046959302279,-0.035138720440164764,30,4429,-0.04663794139550561,-0.024892283068988767,-0.021745658326516842,-0.02304678192202246,0.650561797752809,445,445,4456
1996-10-31,0.13152584100755899,0.16661117147406224,81,4456,0.05865049144654788,-0.005007452665033405,0.06365794411158128,0.06179825591559019,0.9298440979955457,449,449,4498
1996-11-30,0.0014155274501709374,-0.017845090170149864,50,4498,-0.0006135883834070799,-0.005489689437168138,0.004876101053761059,0.0034911453015486695,0.6924778761061947,452,452,4520
1996-12-31,-0.17528705284729465,-0.09028864650598156,64,4520,0.03685669109845475,0.10077510748675497,-0.06391841638830023,-0.06554314045011038,0.8123620309050773,453,453,4536
1997-01-31,0.05087427116808637,-0.016792737124232994,32,4536,-0.0013728592982378874,-0.037174981977753305,0.035802122679515415,0.03387480990418502,0.9636563876651982,454,454,4546
1997-02-28,0.21713209702696218,0.21942885545715546,86,4546,-0.019884823885964912,-0.1124207000236842,0.0925358761377193,0.09081219192719298,0.861842105263158,456,456,4561
1997-03-31,0.05467009498435216,0.09073439009851253,50,4561,-0.00946974636367615,-0.055530726510722106,0.04606098014704596,0.04487717270722102,0.5919037199124726,457,457,4572
1997-04-30,-0.1797769821312071,-0.09835726184186931,42,4572,0.06634720195679825,0.14923987694013158,-0.08289267498333333,-0.08440802586052631,0.7576754385964912,456,456,4567
1997-05-31,-0.030066021327134904,-0.03977779908803854,58,4567,0.04541033000262582,0.039724731287527355,0.005685598715098467,0.003825642478774615,0.9299781181619255,457,457,4578
1997-06-30,0.0384033851568386,0.03730771408010772,27,4578,0.04696889094376368,0.046763212582275705,0.0002056783614879723,-0.0015054813759299707,0.8555798687089715,457,457,4577
1997-07-31,0.007318255153985275,-0.023336684600642643,106,4577,0.052884780040611354,0.036558772493231445,0.01632600754737991,0.014775789206768555,0.7751091703056769,458,458,4588
1997-08-31,0.09029808628643195,0.05716035151309372,37,4588,0.09938454595076586,0.050053040303282274,0.049331505647483585,0.047622534093873084,0.8544857768052516,457,457,4576
1997-09-30,0.028226432261619343,0.03957077195419956,112,4576,-0.04014620201484716,-0.039925159338646286,-0.00022104267620087076,-0.0016577238989082944,0.7183406113537119,458,458,4585
1997-10-31,0.18982760732436552,0.18650820106632443,90,4585,0.012362590338126363,-0.06284942316579521,0.07521201350392158,0.07353881088954249,0.8366013071895425,459,459,4593
1997-11-30,0.3249984956710167,0.3755056633356265,44,4593,0.06740674271869565,-0.08705728718326086,0.1544640299019565,0.1530335951193478,0.7152173913043478,460,460,4604
1997-12-31,-0.17258744530444503,-0.13131431585279163,98,4604,-0.033829102672489085,0.03270024928689956,-0.06652935195938864,-0.06758830392445414,0.5294759825327511,458,458,4586
1998-01-31,0.10539419247895514,0.08030776007621498,128,4586,0.10504734811008772,0.05315637171535087,0.051890976394736846,0.05004887113157895,0.9210526315789473,456,456,4565
1998-02-28,0.04711624808067181,0.0436253254022967,29,4565,0.05308558891772429,0.0274266506678337,0.02565893824989059,0.023976224901969365,0.8413566739606126,457,457,4571
1998-03-31,0.10520389665171151,-0.0028926067541707803,49,4571,0.053224132666448806,0.01564221652701525,0.037581916139433555,0.035943571912854036,0.8191721132897604,459,459,4591
1998-04-30,-0.04702194314294936,-0.06136362177834618,104,4591,-0.05360079662017354,-0.03716060710477223,-0.016440189515401306,-0.0179759812724512,0.7678958785249458,461,461,4614
1998-05-31,-0.016364202250663016,0.014308082850511833,76,4614,-0.0254695580926087,-0.01616006602695652,-0.009309492065652177,-0.010972535543913047,0.8315217391304348,460,460,4608
1998-06-30,0.008351987232057791,0.08211196834415613,214,4608,-0.05489806088951965,-0.07717540493471615,0.022277344045196504,0.020578654088864626,0.8493449781659389,458,458,4581
1998-07-31,0.21716311195876442,0.234869582679725,118,4581,-0.16115516028552632,-0.25265908369868423,0.09150392341315791,0.08998199358859651,0.7609649122807017,456,456,4567
1998-08-31,-0.19232579978942727,-0.17755797891142824,81,4567,0.011689837142070484,0.1221167577746696,-0.11042692063259911,-0.1119974052140969,0.7852422907488987,454,454,4544
1998-09-30,0.021705767152669087,0.059721534177891805,242,4544,0.05354871384301552,0.0387610161022173,0.014787697740798224,0.012905214370509975,0.9412416851441242,451,451,4519
1998-10-31,0.07334986151643219,0.16387008767845956,112,4519,0.10993165021636772,0.02106362166412556,0.08886802855224216,0.08728731106345292,0.7903587443946188,446,446,4460
1998-11-30,0.16464787280851162,0.13062323917520552,56,4460,0.07101854217024609,-0.01857157765234899,0.08959011982259507,0.088024124296868,0.7829977628635347,447,447,4471
1998-12-31,0.03059266514981042,-0.004178220928265305,66,4471,0.06290808179999999,0.07776218203340807,-0.01485410023340808,-0.016203876018161444,0.6748878923766817,446,446,4464
1999-01-31,0.022919871882087127,-0.07326883512028082,54,4464,-0.047693403898433996,-0.04583001851856823,-0.001863385379865766,-0.0036329603239373546,0.8847874720357942,447,447,4475
1999-02-28,-0.03265153969388339,-0.002567324011901857,98,4475,-0.011842290814125559,0.014321289283408072,-0.026163580097533633,-0.027975239290358743,0.905829596412556,446,446,4466
1999-03-31,0.07412873192970233,0.10652928432741379,78,4466,0.10943923272437922,0.06215548326162528,0.04728374946275394,0.04550496842437922,0.889390519187359,443,443,4437
1999-04-30,0.06418271202839441,0.0867949244675957,113,4437,0.03345309128600451,-0.0022771186740406344,0.035730209960045146,0.03415007451986456,0.7900677200902935,443,443,4434
1999-05-31,-0.0814265072983209,-0.005009341207662792,63,4434,0.03297770634189189,0.05551265707297298,-0.02253495073108109,-0.024179094875225234,0.822072072072072,444,444,4445
1999-06-30,0.020920458550123866,0.007330627412561965,49,4445,0.012891526401809955,0.018489181616515835,-0.00559765521470588,-0.0073804606445701335,0.8914027149321266,442,442,4424
1999-07-31,0.048235570209725506,0.04207306097767463,99,4424,-0.027668963672562358,-0.04278079163809523,0.01511182796553287,0.013363528645804978,0.8741496598639455,441,441,4411
1999-08-31,0.07192398398792856,0.0780783499289209,50,4411,0.012700421405479449,-0.01916895984109589,0.03186938124657534,0.030335134671232875,0.7671232876712328,438,438,4384
1999-09-30,0.125644554462669,0.035362451878923104,24,4384,0.06779136906513762,0.012134566398853209,0.055656802666284415,0.05422102284977065,0.7178899082568808,436,436,4369
1999-10-31,0.14552273320120632,0.1335448207874958,74,4369,0.1347840358230947,0.03364306410115474,0.10114097172193996,0.0998130271491917,0.663972286374134,433,433,4338
1999-11-30,0.34088175036392127,0.2719805559742152,95,4338,0.1796698314981352,-0.009289890168298369,0.18895972166643357,0.18741892912564104,0.7703962703962703,429,429,4299
1999-12-31,0.0043908801325091285,0.13382980084660806,39,4299,0.04394149010616438,-0.046712524764155244,0.09065401487031963,0.08920196007579907,0.726027397260274,438,438,4383
2000-01-31,0.3155523604315444,0.3415349015287864,144,4383,0.2105252652074592,-0.028988259435897435,0.23951352464335665,0.23790047103030304,0.8065268065268065,429,429,4293
2000-02-29,-0.2765864618929489,-0.2965566678204416,146,4293,-0.1176067631413242,0.12608157114292237,-0.24368833428424658,-0.24510842560844748,0.7100456621004566,438,438,4382
2000-03-31,0.3930887356014386,0.2936590387999458,128,4382,0.0017627459567505744,-0.2713094487217391,0.2730721946784897,0.27112024959839814,0.9759725400457666,437,437,4377
2000-04-30,0.3339944816578094,0.31523673924384865,87,4377,0.017511588932951943,-0.16059571839405035,0.17810730732700228,0.17691737597688786,0.5949656750572082,437,437,4370
2000-05-31,-0.2924677312856521,-0.21881026270188125,90,4370,0.004829069024539765,0.19842906347465117,-0.1935999944501114,-0.1948534828222044,0.6267441860465116,430,430,4306
2000-06-30,-0.2121958995841443,-0.1990286187315824,238,4306,-0.09437785054872978,0.02761558996004619,-0.12199344050877597,-0.12385949131709006,0.9330254041570438,433,433,4339
2000-07-31,-0.1359134456547511,-0.0599367403519877,24,4339,0.051973577876851855,0.11415532600324074,-0.06218174812638889,-0.06413313701527777,0.9756944444444444,432,432,4322
2000-08-31,-0.03295702478367022,-0.03761536413322799,115,4322,-0.05368370338422274,-0.0370902587962877,-0.01659344458793504,-0.018410149924361956,0.9083526682134571,431,431,4316
2000-09-30,0.20028470146277164,0.16784969529062874,73,4316,-0.027359637750116555,-0.14438657425011656,0.1170269365,0.11530665677972028,0.8601398601398602,429,429,4290
2000-10-31,0.4832020813428595,0.44316303205852364,63,4290,-0.008294810191569088,-0.31985266999274004,0.31155785980117096,0.3101480237355972,0.7049180327868853,427,427,4273
2000-11-30,0.19945144654413255,0.23544121707357227,70,4273,0.06563608120449171,-0.04979333895484635,0.11542942015933806,0.11443887642411348,0.4952718676122931,423,423,4235
2000-12-31,-0.5356485184629366,-0.45029339502000565,183,4235,-0.011009379356723721,0.3461958271163814,-0.35720520647310516,-0.358799338502445,0.7970660146699267,409,409,4094
2001-01-31,-0.1191032715054102,-0.1471409123523057,174,4094,-0.11102310186004785,-0.04868102607057416,-0.06234207578947369,-0.0643109753110048,0.9844497607655502,418,418,4181
2001-02-28,0.35369777267373337,0.3311317555310314,80,4181,-0.0007511091622596158,-0.1985721036125,0.19782099445024037,0.1960661867579327,0.8774038461538461,416,416,4160
2001-03-31,-0.31659097347348547,-0.26596872748563044,46,4160,0.013569264196116503,0.1825119229230583,-0.16894265872694178,-0.17014896940655344,0.6031553398058251,412,412,4120
2001-04-30,-0.0201757169922158,-0.04793911099458497,145,4120,0.036418083419612585,0.05669174086585956,-0.020273657446246977,-0.022109008535835355,0.9176755447941889,413,413,4138
2001-05-31,0.04122080373191189,0.0344723131118637,22,4138,0.01630730229101942,-0.004992052352669903,0.021299354643689324,0.019457121633980584,0.921116504854369,412,412,4127
2001-06-30,0.04898598573470948,0.03703297629597038,21,4127,-0.049092381666909976,-0.05087521452822385,0.0017828328613138725,0.00021105670559611088,0.7858880778588808,411,411,4112
2001-07-31,0.2135562521421193,0.23603510933594474,70,4112,0.009403016412713938,-0.1168389752193154,0.12624199163202934,0.1245280552017115,0.8569682151589242,409,409,4096
2001-08-31,0.2624246677095602,0.34347186573917154,50,4096,-0.07186281794619165,-0.23162540343538085,0.1597625854891892,0.1586790474056511,0.5417690417690417,407,407,4071
2001-09-30,-0.04569913250189374,-0.2841774052760149,37,4071,0.0015267703221393033,0.18184995301194032,-0.18032318268980102,-0.18152467522711446,0.6007462686567164,402,402,4024
2001-10-31,0.27156404970618575,0.14410733464189934,47,4024,0.16005434744751243,0.0467944522238806,0.11325989522363183,0.11129720865646765,0.9813432835820896,402,402,4026
2001-11-30,0.1726043432853663,0.1265315605684175,66,4026,0.11718352389002494,0.0530416596079207,0.06414186428210425,0.06267303635192968,0.7344139650872819,401,401,4010
2001-12-31,-0.015549191765461514,-0.0906526853211585,17,4010,0.001486488793984961,0.0277831734593985,-0.026296684665413537,-0.02770520596867168,0.7042606516290727,399,399,3990
2002-01-31,0.2219945621903375,0.15981638989038563,27,3990,-0.023807616312342572,-0.14615314135793453,0.12234552504559196,0.12059489532267004,0.8753148614609572,397,397,3978
2002-02-28,-0.10976460278411425,-0.08610618852365949,94,3978,0.07594529519217172,0.10655849837323231,-0.03061320318106059,-0.0318733041911616,0.6300505050505051,396,396,3966
2002-03-31,-0.04294795292871116,-0.09386093000870113,94,3966,-0.004431577978481011,-0.0024596060675949397,-0.0019719719108860717,-0.0038099465944303754,0.9189873417721519,395,395,3958
2002-04-30,0.20316424881666353,0.20588089204963203,68,3958,0.03185417525670886,-0.08603762442177215,0.11789179967848101,0.11617534398227848,0.8582278481012657,395,395,3954
2002-05-31,0.227669305980261,0.23904362843671495,57,3954,-0.03131154430934343,-0.15685582216439395,0.1255442778550505,0.12450387381464648,0.5202020202020202,396,396,3962
2002-06-30,0.16545234300282646,0.21812538603488638,99,3962,-0.06211500844658228,-0.14675630344810126,0.08464129500151898,0.08326661145721519,0.6873417721518987,395,395,3959
2002-07-31,0.035138640314313616,0.047533180876721884,43,3959,0.0162082150606599,-0.00321657584111675,0.01942479090177665,0.018041542170812185,0.6916243654822335,394,394,3944
2002-08-31,0.1481424902553171,0.1712921482653207,33,3944,-0.08385078079822335,-0.1411808298104061,0.05733004901218276,0.05566761246395941,0.8312182741116751,394,394,3945
2002-09-30,-0.24303078735489111,-0.16911904914635253,74,3945,0.013699529118267684,0.14375167461984734,-0.13005214550157965,-0.13155596229547278,0.751908396946565,393,393,3933
2002-10-31,0.3766690985220597,0.3034505680114658,60,3933,0.28039185849256415,0.049840033049487184,0.23055182544307695,0.2286159280071795,0.967948717948718,390,390,3901
2002-11-30,-0.2323783666197369,-0.30495275959053747,140,3901,-0.1336990816832061,0.0063528236206106875,-0.14005190530381678,-0.14135215975674298,0.6501272264631043,393,393,3938
2002-12-31,-0.03908053351429163,0.10098986724997712,74,3938,0.018837134301020412,0.0326569835994898,-0.013819849298469387,-0.015786686033163265,0.9834183673469388,392,392,3929
2003-01-31,0.10413257897225629,0.12084636537181898,72,3929,-0.006309723984693878,-0.0444069414882653,0.03809721750357142,0.03639568689132652,0.8507653061224489,392,392,3926
2003-02-28,-0.005751817450079097,0.026493269366644274,90,3926,0.026988922443333334,0.011942896739743587,0.015046025703589747,0.013622948780512824,0.7115384615384615,390,390,3909
2003-03-31,-0.02431347523968481,-0.02930320964541082,125,3909,0.1231291130293059,0.12132652590976863,0.0018025871195372772,0.00019333262082262405,0.8046272493573265,389,389,3890
2003-04-30,0.05975969848866478,0.3151001144869383,35,3890,0.2538650733142857,0.06387186831844156,0.18999320499584416,0.1882477504503896,0.8727272727272728,385,385,3859
2003-05-31,0.031372328770227,0.10504129085342673,125,3859,0.06272875835788112,0.013944937668217052,0.04878382068966407,0.04753575867416019,0.624031007751938,387,387,3879
2003-06-30,0.21909524949118162,0.11795931579161209,18,3879,0.12493883097098447,0.04062514310077721,0.08431368787020727,0.08289140807746115,0.7111398963730571,386,386,3865
2003-07-31,0.06885685840421459,0.12211279273626423,66,3865,0.07367694522067184,0.03173013463540052,0.04194681058527132,0.04051011807881137,0.7183462532299741,387,387,3872
2003-08-31,-0.02943882224066162,-0.06630938232506084,49,3872,0.0450644948765625,0.022338211887499997,0.022726282989062502,0.0212887829890625,0.71875,384,384,3847
2003-09-30,0.11113472664597229,-0.024469280971563107,86,3847,0.115646649565625,0.09062442988333334,0.025022219682291652,0.023355553015624985,0.8333333333333334,384,384,3845
2003-10-31,0.10594956529652935,0.02598634492098475,92,3845,0.08321625346710183,0.03376097820731071,0.049455275259791126,0.04788086272715405,0.7872062663185379,383,383,3838
2003-11-30,-0.029903575388251915,-0.022194700915766374,4,3838,0.029731248185677083,0.0379671371734375,-0.008235888987760415,-0.009668180654427082,0.7161458333333333,384,384,3844
2003-12-31,0.015064037588752991,-0.03786306009234171,128,3844,0.06910256542604166,0.09331886449453125,-0.024216299068489586,-0.025953278235156252,0.8684895833333333,384,384,3843
2004-01-31,-0.00686091744487761,-0.1653820538215411,42,3843,-0.004171407465364587,0.03322518511536458,-0.03739659258072917,-0.039128363414062506,0.8658854166666667,384,384,3844
2004-02-29,0.07227190561837289,0.14217276282574126,24,3844,0.019516699376041665,-0.013862215615625001,0.03337891499166667,0.03155860249166667,0.91015625,384,384,3843
2004-03-31,0.051075362256952916,0.0348047693644342,43,3843,-0.0442516183075718,-0.07798595978616188,0.03373434147859008,0.032413192653524804,0.660574412532637,383,383,3835
2004-04-30,-0.13465420498630298,-0.1330664244529573,87,3835,-0.003154900986125655,0.04872875363167539,-0.05188365461780105,-0.05327632477486911,0.6963350785340314,382,382,3825
2004-05-31,0.053685645714652584,0.09790310624946902,42,3825,0.04240811792020998,0.0048972352165354335,0.037510882703674545,0.0356998590816273,0.905511811023622,381,381,3817
2004-06-30,0.07826011518120098,0.04759844935048397,80,3817,-0.036771923852755906,-0.0849028976328084,0.04813097378005249,0.04680288979055117,0.6640419947506562,381,381,3815
2004-07-31,0.12810601809333713,0.16959037588309916,102,3815,6.860343184210525e-05,-0.03556569444631579,0.035634297878157896,0.03406850840447369,0.7828947368421053,380,380,3808
2004-08-31,0.03679829160931602,-0.1238472024069864,15,3808,0.026799938843157897,0.07591435673947368,-0.04911441789631578,-0.05060652315947367,0.7460526315789474,380,380,3802
2004-09-30,0.05327598610309171,0.018366375405983633,68,3802,0.03235727922210526,0.010193791482631578,0.022163487739473683,0.02028190879210526,0.9407894736842105,380,380,3800
2004-10-31,-0.1376617382521176,-0.024609334238539383,66,3800,0.10293587399182058,0.0902082442216359,0.012727629770184684,0.011149793358575185,0.7889182058047494,379,379,3795
2004-11-30,0.06620977088093633,0.1047347590007921,32,3795,0.07847361109842105,0.0347909084118421,0.04368270268657895,0.04205112373921053,0.8157894736842105,380,380,3804
2004-12-31,-0.12094848939749292,-0.07827776988522554,51,3804,-0.05022981855328084,-0.022355924453018372,-0.027873894100262468,-0.029364707748556432,0.7454068241469816,381,381,3813
2005-01-31,0.1036628765347262,0.104947019161273,51,3813,0.03390824840629922,0.0022764587614173223,0.0316317896448819,0.02985226208582678,0.889763779527559,381,381,3811
2005-02-28,-0.00948225783848631,0.0018806965413632642,96,3811,-0.04000995515590552,-0.040178668612860895,0.0001687134569553772,-0.001311601503674544,0.7401574803149606,381,381,3819
2005-03-31,-0.03873040051567984,0.14858788013254476,111,3819,-0.039407217721259845,-0.10020402715590551,0.06079680943464567,0.05923512964461942,0.7808398950131233,381,381,3812
2005-04-30,-0.18021965719353275,-0.16874826402918883,64,3812,0.025355688377572558,0.08522117197255936,-0.05986548359498681,-0.06130083979551451,0.7176781002638523,379,379,3799
2005-05-31,0.004674722357255509,0.028701231259459423,28,3799,0.027233118685751977,0.016710675886543534,0.010522442799208442,0.008583128815039576,0.9696569920844327,379,379,3793
2005-06-30,0.04462563228017272,0.044000900646328424,88,3793,0.07903830004564644,0.07115581765065965,0.00788248239498679,0.006164804294722937,0.8588390501319261,379,379,3796
2005-07-31,0.048284716521982435,-0.019067894558658826,52,3796,-0.008107352457255934,-0.011659792068865436,0.003552439611609502,0.0019825187672823253,0.7849604221635884,379,379,3795
2005-08-31,0.0850995004259286,0.11424408008072715,11,3795,0.031789312277572555,-0.010047043318469657,0.041836355596042214,0.040094930793931394,0.870712401055409,379,379,3795
2005-09-30,-0.04838689974257144,-0.09893858839955011,70,3795,-0.053943455972486766,-0.04078929797539683,-0.013154157997089938,-0.01457479291772486,0.7103174603174602,378,378,3787
2005-10-31,-0.03375991264467412,0.016909615817999064,95,3787,0.034194610947619046,0.03566073002328042,-0.0014661190756613748,-0.003188341297883597,0.8611111111111112,378,378,3784
2005-11-30,0.026826904310954493,0.037769216628959594,9,3784,0.01980041791296296,0.014824704526455026,0.004975713386507933,0.0031370890478835942,0.9193121693121693,378,378,3783
2005-12-31,0.14380032360637507,0.12466904873988628,36,3783,0.10951907498806367,0.04809939397824934,0.06141968100981433,0.059732678357294434,0.8435013262599469,377,377,3771
2006-01-31,-0.04223742646782365,-0.0812112338362393,106,3771,-0.013446042332180849,0.010654016151329788,-0.024100058483510635,-0.025682505292021273,0.7912234042553192,376,376,3761
2006-02-28,0.1025267224347241,0.018627384987601657,52,3761,0.06098869087546666,0.0476190599984,0.013369630877066663,0.011633630877066663,0.868,375,375,3759
2006-03-31,0.028181870643744777,0.07418779499538217,28,3759,0.0444721146315508,-0.002013114244735295,0.046485228876286096,0.04492907914366578,0.7780748663101604,374,374,3742
2006-04-30,-0.03482443287511618,-0.04334522249811116,108,3742,-0.06351538554411765,-0.049792838657486634,-0.013722546886631014,-0.015145006779679141,0.7112299465240641,374,374,3747
2006-05-31,0.092599563334085,0.11874889500307138,26,3747,-0.0007396959561146671,-0.027818023414666663,0.027078327458551994,0.025379660791885326,0.8493333333333333,375,375,3754
2006-06-30,0.13280248612143378,0.19474247171368522,21,3754,-0.0055643678842245995,-0.05613583884679144,0.050571470962566846,0.049071470962566845,0.75,374,374,3746
2006-07-31,-0.027648776867105644,-0.013999928684522999,162,3746,0.031532624486694374,0.04095918768016085,-0.009426563193466478,-0.01075900287175066,0.6662198391420912,373,373,3738
2006-08-31,0.03553152098035044,0.07220979229532339,76,3738,0.006337191643817206,-0.0048523477346774195,0.011189539378494626,0.009361582389247315,0.913978494623656,372,372,3726
2006-09-30,0.032331240289544004,0.023538063241332497,130,3726,0.05824264634865592,0.057040701325,0.0012019450236559204,-0.0003733237935483807,0.7876344086021505,372,372,3728
2006-10-31,0.09563718876414783,0.11412098533705133,7,3728,0.05087285128194071,0.010154246681994338,0.040718604599946376,0.038939628858706485,0.889487870619946,371,371,3716
2006-11-30,-0.03045758474679474,-0.06815688455402595,20,3716,0.00880334217708895,0.011478300607547169,-0.0026749584304582193,-0.00380972931994609,0.5673854447439353,371,371,3713
2006-12-31,0.08072227867548219,0.018093950422288944,130,3713,0.05169871311517615,0.02274121306097561,0.028957500054200537,0.027250182981029804,0.8536585365853658,369,369,3699
2007-01-31,0.0894064075738605,0.06840804973490876,53,3699,0.020061203067934782,-0.012259711962771739,0.03232091503070652,0.030763849813315217,0.7785326086956521,368,368,3684
2007-02-28,0.07493831521655944,0.11363141579948074,12,3684,0.013945359897547683,-0.011789930924795642,0.025735290822343326,0.024293873928610356,0.720708446866485,367,367,3675
2007-03-31,0.061445243734626356,0.19393792121085274,6,3675,0.04694036841092896,0.006026496801366119,0.04091387160956284,0.039279991828142076,0.8169398907103825,366,366,3661
2007-04-30,0.04416248597999435,0.11089675264867513,128,3661,0.030767575659178082,0.010311899737534247,0.020455675921643837,0.01894334715452055,0.7561643835616438,365,365,3650
2007-05-31,0.05447420246775919,0.0979752717912358,37,3650,0.006788262147527473,-0.017839232685989012,0.024627494833516485,0.023056066262087914,0.7857142857142857,364,364,3646
2007-06-30,-0.007462882717942381,0.19175068643661244,32,3646,-0.016970763288980718,-0.09021792812396695,0.07324716483498624,0.07150611800303032,0.8705234159779615,363,363,3635
2007-07-31,-0.10669743603897651,-0.18455704530372194,72,3635,-0.03810816610082873,0.028126005855801106,-0.06623417195662984,-0.06756013880745856,0.6629834254143646,362,362,3627
2007-08-31,-0.002059800168474734,0.038455818843158636,47,3627,0.00628943345401662,0.020885860712188363,-0.014596427258171743,-0.016474543601662048,0.9390581717451523,361,361,3611
2007-09-30,-0.047488435411768046,0.2177955078318323,17,3611,0.08302039566648044,-0.009507472637988824,0.09252786830446927,0.09091613646089385,0.8058659217877095,358,358,3582
2007-10-31,-0.022180013679129522,-0.013248852839102496,84,3582,-0.09094056992240897,-0.08364769132661065,-0.007292878595798316,-0.008735455626610641,0.7212885154061625,357,357,3571
2007-11-30,-0.010893635928914952,0.016519311442327603,53,3571,-0.0018953330929971995,-0.01475781179635854,0.012862478703361341,0.011108977302801117,0.876750700280112,357,357,3572
2007-12-31,-0.2364056533484402,-0.27464376255784134,15,3572,-0.10789955700421348,0.0028450159373595496,-0.11074457294157303,-0.11252828080674157,0.8918539325842696,356,356,3566
2008-01-31,-0.0113439031732609,-0.027371650428239462,110,3566,-0.04257036295646068,-0.03211544585308988,-0.010454917103370799,-0.012373456429213496,0.9592696629213484,356,356,3562
2008-02-29,-0.05713639670232395,-0.12309824590358015,69,3562,-0.04641356255847458,0.0009064469093220335,-0.04732000946779661,-0.049130743931073445,0.905367231638418,354,354,3547
2008-03-31,-0.05949610148038057,-0.012496707984833138,88,3547,0.014891768048158642,0.02858051239688385,-0.01368874434872521,-0.015532936983286116,0.9220963172804533,353,353,3536
2008-04-30,0.1176049617148502,0.1657889731052757,42,3536,0.05644283586647727,-0.004058922590056819,0.06050175845653409,0.05866653118380682,0.9176136363636364,352,352,3525
2008-05-31,0.21512928080143134,0.1519658351767752,35,3525,-0.04383053624517045,-0.15711570927698862,0.11328517303181818,0.11190449121363635,0.6903409090909092,352,352,3520
2008-06-30,-0.239803101411529,-0.23194980359140563,59,3520,-0.07692232881914288,0.07526943365857143,-0.15219176247771432,-0.15343747676342862,0.6228571428571428,350,350,3509
2008-07-31,0.060846220685150505,0.15209886262563924,111,3509,0.05601373986389686,0.015206206059598852,0.040807533804298,0.03886197506504299,0.9727793696275071,349,349,3496
2008-08-31,0.050138695442612374,0.07424776386290427,159,3496,-0.11643421166618911,-0.1678563754209169,0.05142216375472777,0.049860559170200554,0.7808022922636103,349,349,3490
2008-09-30,0.19989685629489579,0.2695865302967027,82,3490,-0.15339537839164266,-0.26713197711383285,0.11373659872219019,0.11213429324668586,0.8011527377521614,347,347,3476
2008-10-31,0.16280037701120426,0.2037455019196161,138,3476,-0.07551053863594202,-0.21200141234405798,0.13649087370811597,0.1351401490704348,0.6753623188405797,345,345,3454
2008-11-30,-0.09776838447940599,-0.07755681426293251,61,3454,0.006276592257017544,0.07444751800087719,-0.06817092574385965,-0.06948086726432748,0.6549707602339182,342,342,3427
2008-12-31,-0.08434927729681199,-0.12642833014267296,88,3427,-0.06771760897595307,0.006102763619061583,-0.07382037259501464,-0.07566494737507329,0.9222873900293256,341,341,3416
2009-01-31,0.17161413243862078,0.1876915811717367,148,3416,-0.0750944796377193,-0.1896277636885965,0.11453328405087719,0.11268825481111111,0.922514619883041,342,342,3422
2009-02-28,-0.1586354697457528,-0.1253618684996497,36,3422,0.07978763153224852,0.14673008758698225,-0.06694245605473373,-0.06830931996005918,0.6834319526627219,338,338,3387
2009-03-31,0.4019651970201887,0.45175608206789386,30,3387,0.35459925908791545,0.07596828750725075,0.2786309715806647,0.2767276483178248,0.9516616314199395,331,331,3315
2009-04-30,0.18736538745532721,0.19519035807759114,62,3315,0.17859344325863097,0.034421411274934526,0.14417203198369644,0.14291012722179167,0.6309523809523809,336,336,3369
2009-05-31,0.03644048922676512,-0.0228097830787539,101,3369,0.014926889483431951,0.005878597114497042,0.00904829236893491,0.007628174025739644,0.7100591715976332,338,338,3387
2009-06-30,0.05392827172158265,0.03750295360202797,42,3387,0.09494708733313609,0.07718730057218935,0.017759786760946736,0.01608818912781064,0.8357988165680473,338,338,3386
2009-07-31,0.18906030054205258,0.19422010977193918,63,3386,0.13883103218545995,0.019511057348961428,0.11931997483649852,0.11776507869406529,0.7774480712166172,337,337,3373
2009-08-31,0.25545377104386163,0.15312489568480925,108,3373,0.13474201784822484,0.03062342236982249,0.10411859547840235,0.102725104354142,0.6967455621301775,338,338,3389
2009-09-30,-0.05357691098243311,-0.09196225901130477,85,3389,-0.06625034933431953,-0.05252787706272189,-0.01372247227159764,-0.014826022567455627,0.5517751479289941,338,338,3388
2009-10-31,0.00861478233259647,0.005100428873588376,59,3388,0.007196851204747774,0.026597695105341247,-0.019400843900593472,-0.02117829197181009,0.8887240356083086,337,337,3374
2009-11-30,0.07047044437819394,0.10140636950763762,15,3374,0.07852079736458333,0.013652858933035715,0.06486793843154762,0.06308520033630952,0.8913690476190477,336,336,3362
2009-12-31,-0.10175873639538961,-0.1394489615565064,104,3362,-0.0016542838901492552,0.038063502992537315,-0.03971778688268657,-0.04091778688268657,0.6000000000000001,335,335,3354
2010-01-31,-0.07578989054027217,-0.1142888147557108,44,3354,0.02228236546835821,0.05912632147402985,-0.03684395600567164,-0.038718582871343284,0.9373134328358208,335,335,3359
2010-02-28,0.046153074229180364,0.10497471790877244,36,3359,0.08724753344234235,0.09481905762702704,-0.007571524184684694,-0.00945741007057058,0.942942942942943,333,333,3339
2010-03-31,0.24129226921705788,0.22020901809937382,24,3339,0.17093759096107783,0.044501136162874246,0.1264364547982036,0.12490651467844312,0.7649700598802396,334,334,3342
2010-04-30,-0.19547992267268252,-0.18613313384510657,91,3342,-0.11340512466976047,-0.05747104523473054,-0.055934079435029926,-0.05728437883622753,0.6751497005988024,334,334,3347
2010-05-31,0.18096514669429642,0.30359663375786433,39,3347,-0.027640154715568865,-0.1424911534248503,0.11485099870928143,0.11292884302065868,0.9610778443113772,334,334,3344
2010-06-30,-0.1363949165537283,-0.1849926757264377,66,3344,0.04588270128438438,0.09752684068768769,-0.051644139403303306,-0.05298347874264264,0.6696696696696697,333,333,3339
2010-07-31,-0.09235037936777896,-0.1929618517265656,84,3339,-0.09661204278198197,-0.04421201988108108,-0.05240002290090089,-0.054198821699699695,0.8993993993993994,333,333,3333
2010-08-31,-0.23474305747624555,-0.31894757329372153,121,3333,0.05463648544457832,0.1630171121861446,-0.10838062674156627,-0.11024207252469881,0.9307228915662651,332,332,3323
2010-09-30,0.04167060995677713,0.13377706283784116,55,3323,0.053429087658006046,0.0250298503489426,0.028399237309063446,0.026492892898187313,0.9531722054380665,331,331,3317
2010-10-31,0.08784139042456322,0.1045111435426342,48,3317,0.04093455170876133,-0.0004205718341389719,0.0413551235429003,0.04000467037069486,0.675226586102719,331,331,3318
2010-11-30,-0.06298955610061321,0.004667410791456935,24,3318,0.06800571376151514,0.09390404767424243,-0.025898333912727292,-0.027383182397575777,0.7424242424242424,330,330,3309
2010-12-31,0.0028912288546275944,-0.023615908846057597,95,3309,0.022583448536363637,0.035547127675151516,-0.01296367913878788,-0.014675800350909091,0.8560606060606061,330,330,3302
2011-01-31,0.02062467036695884,-0.03951846112377211,50,3302,0.046638797287575764,0.04364037644060606,0.0029984208469697043,0.0012923602409090982,0.853030303030303,330,330,3307
2011-02-28,0.0025274748387832647,0.01120308724667708,15,3307,0.007187586526060604,-0.00710867936939394,0.014296265895454543,0.01263262953181818,0.8318181818181818,330,330,3301
2011-03-31,0.03712146607607348,0.047642594636118404,35,3301,0.03305530741337386,0.007345386487841946,0.025709920925531916,0.02416584797720365,0.7720364741641337,329,329,3296
2011-04-30,0.04259737678747094,0.08137808426595881,0,3296,-0.003688192460909091,-0.027029340299090907,0.023341147838181815,0.02171690541393939,0.8121212121212121,330,330,3301
2011-05-31,0.0010577235695449758,0.09509121230807038,113,3301,-0.025762605418541036,-0.043684225145592705,0.01792161972705167,0.01620125498541033,0.8601823708206686,329,329,3293
2011-06-30,-0.16593038490978174,-0.0027639717866546564,45,3293,-0.020632818923241588,-0.028521696860856267,0.00788887793761468,0.006298663870336392,0.7951070336391437,327,327,3274
2011-07-31,0.030135865679301457,0.099204895859382,49,3274,-0.07538169502018349,-0.106720546670948,0.03133885165076451,0.02963242963241589,0.8532110091743119,327,327,3277
2011-08-31,0.23947035397503408,0.3236557483085505,214,3277,-0.06373636331437331,-0.1513204255337423,0.087584062219369,0.0859521603788782,0.8159509202453987,326,326,3266
2011-09-30,-0.4411127892566271,-0.4766047129655802,45,3266,0.01880367554570552,0.23158187201411043,-0.2127781964684049,-0.2140542700880368,0.638036809815951,326,326,3263
2011-10-31,0.011279419399381265,-0.016244497604081982,47,3263,-0.01949413011707317,-0.02738758384887195,0.00789345373179878,0.005905648853749999,0.9939024390243902,328,328,3288
2011-11-30,0.04833414159289541,0.06035248121753959,13,3288,0.0057906904993902455,-0.020282230353658535,0.02607292085304878,0.02438084768231707,0.8460365853658537,328,328,3283
2011-12-31,-0.22723288921979917,-0.19303354064789044,90,3283,0.08232778741859756,0.15276675142408538,-0.07043896400548783,-0.07196030546890246,0.760670731707317,328,328,3283
2012-01-31,0.13125050484491407,0.14769034079535207,65,3283,0.06562471094359756,0.010621486287195121,0.05500322465640244,0.0531038344125,0.9496951219512195,328,328,3282
2012-02-29,0.09396225119031514,0.019763095594970574,104,3282,0.06108578803577982,0.020817356035168193,0.04026843200061163,0.038745496220795116,0.7614678899082569,327,327,3278
2012-03-31,0.07589595714959009,0.05692084524566133,64,3278,0.007430229509756096,-0.03145136842073171,0.0388815979304878,0.037415134515853654,0.7332317073170731,328,328,3285
2012-04-30,0.22341029424177059,0.2926032274356175,59,3285,-0.021622100707294836,-0.12208967541063828,0.10046757470334344,0.09910283306200605,0.682370820668693,329,329,3290
2012-05-31,-0.007054090013283109,-0.014764619545344155,80,3290,0.01893007020914634,0.030949690919207316,-0.012019620710060977,-0.013242181685670734,0.6112804878048781,328,328,3285
2012-06-30,-0.037141443116138394,-0.06044306333184522,11,3285,-0.007743597760670732,0.007667984877743902,-0.015411582638414634,-0.017222558248170733,0.9054878048780488,328,328,3281
2012-07-31,-0.0264203858474073,-0.021656054933941724,15,3281,0.036526449149390246,0.03411257846585365,0.002413870683536594,0.0006760658054878134,0.8689024390243902,328,328,3280
2012-08-31,0.0032731215810729644,0.06084886877060526,63,3280,0.04243914161009174,0.04062941131865443,0.0018097302914373073,9.719206513761304e-05,0.8562691131498471,327,327,3272
2012-09-30,-0.07489526410959664,-0.09185921170581586,26,3272,-0.0217758043883792,-0.00277925421585321,-0.01899655017252599,-0.020638752007388378,0.8211009174311927,327,327,3272
2012-10-31,-0.06783976383165333,-0.05502360167661112,96,3272,-0.01712030450552147,0.010013112715644172,-0.02713341722116564,-0.028823601270245396,0.8450920245398773,326,326,3268
2012-11-30,0.021419540560390058,0.07787125347329722,48,3268,0.030680454150613493,0.017951036508895707,0.012729417641717786,0.010984018868711651,0.8726993865030674,326,326,3267
2012-12-31,-0.10665421636248519,-0.01120780351544078,1,3267,0.08870707569415384,0.11195595574184616,-0.023248880047692322,-0.024731956970769246,0.7415384615384615,325,325,3256
2013-01-31,0.08814110978517728,0.023816002061713564,55,3256,0.023829699327076924,0.004487402695692308,0.019342296631384617,0.017899219708307695,0.7215384615384616,325,325,3252
2013-02-28,0.06923464426777888,0.05644153739753408,76,3252,0.055360395020987656,0.028652951295679015,0.02670744372530864,0.02530003631790123,0.7037037037037037,324,324,3245
2013-03-31,0.053894071662765435,0.0976714278447161,2,3245,0.011941264701234569,-0.02191876506882716,0.03386002977006173,0.032285955695987655,0.787037037037037,324,324,3240
2013-04-30,-0.042065890761639,-0.1058025108929543,31,3240,0.029025509386996898,0.04511954061424149,-0.016094031227244593,-0.017437684478018585,0.6718266253869969,323,323,3236
2013-05-31,-0.026690580419586843,-0.048849259794256424,32,3236,-0.020108637374922602,-0.006384231386068112,-0.01372440598885449,-0.015467440044582044,0.8715170278637772,323,323,3239
2013-06-30,-0.094473835952702,-0.02311222703626124,65,3239,0.0644191505123839,0.08699859907616099,-0.022579448563777096,-0.024297714817647066,0.8591331269349846,323,323,3234
2013-07-31,0.13260482802343274,0.10022941368407963,27,3234,0.016528859169349847,-0.040548916619504646,0.05707777578885449,0.05537189343591332,0.8529411764705883,323,323,3235
2013-08-31,-0.0244827870953299,-0.018995213059129927,101,3235,0.051443547162848303,0.04693658138575852,0.004506965777089783,0.0032840555603715167,0.6114551083591331,323,323,3238
2013-09-30,-0.02736688520425991,-0.009728165074883572,50,3238,0.014264305254629631,0.025853031768518515,-0.011588726513888883,-0.013276998118827155,0.8441358024691358,324,324,3247
2013-10-31,0.0052922436793164575,0.021337107362461135,26,3247,0.04788523028024692,0.030493027612962964,0.017392202667283953,0.015768745877160494,0.8117283950617284,324,324,3242
2013-11-30,-0.04156254213555348,-0.02183835959106974,90,3242,0.016022773919444448,0.022751623657098763,-0.006728849737654315,-0.00825045467592592,0.7608024691358024,324,324,3241
2013-12-31,0.006457421420502399,-0.05305009836479224,16,3241,0.012519418985758512,0.0350792639244582,-0.022559844938699683,-0.02408306475294117,0.7616099071207431,323,323,3236
2014-01-31,0.08018583954985996,-0.040391781944388645,89,3236,0.06350434367407407,0.043163224666358024,0.02034111900771604,0.01865902024228394,0.8410493827160493,324,324,3241
2014-02-28,-0.02516235164715754,-0.12737287131925176,41,3241,-0.015227875335913311,0.002705219463467492,-0.0179330947993808,-0.01951513814303405,0.7910216718266254,323,323,3238
2014-03-31,0.09134549106702372,0.1976562972876509,45,3238,-0.008742787031790123,-0.08250324056265432,0.07376045353086419,0.07206600908641975,0.8472222222222222,324,324,3240
2014-04-30,0.07017677082884019,0.10873031336671309,64,3240,0.01751541480308642,-0.024731660437654318,0.04224707524074074,0.04091374190740741,0.6666666666666667,324,324,3248
2014-05-31,-0.10221138748226358,-0.0075794879884453804,6,3248,0.04173196031476923,0.06464002302215385,-0.022908062707384623,-0.02424652424584616,0.6692307692307693,325,325,3256
2014-06-30,-0.1314615952086391,-0.18099982727061723,74,3256,-0.05460265047269939,-0.0009092167904907976,-0.053693433682208594,-0.05534374043067485,0.8251533742331288,326,326,3264
2014-07-31,-0.06691611507629236,-0.143987765772058,24,3264,0.015645987970858897,0.06382435894938651,-0.04817837097852762,-0.05007100901533743,0.946319018404908,326,326,3268
2014-08-31,-0.005658243029864934,-0.1069554040023084,35,3268,-0.048728292700305806,-0.04688152578105505,-0.0018467669192507585,-0.0036541063687920428,0.9036697247706422,327,327,3271
2014-09-30,0.09278332867300872,-0.04302309223212774,102,3271,-0.0009558170094073706,-0.04204003758623853,0.041084220576831164,0.03938391476643361,0.8501529051987767,327,327,3273
2014-10-31,0.09770192585304134,0.01530561681963639,172,3273,-0.007692758139449541,-0.04396494159633027,0.03627218345688073,0.034691143701529044,0.7905198776758409,327,327,3276
2014-11-30,0.07331388235964327,-0.01298414928773595,42,3276,0.019801546119571863,-0.0398846781440367,0.05968622426360856,0.05826726401896024,0.709480122324159,327,327,3276
2014-12-31,-0.0805719745403523,-0.08397539190072685,39,3276,-0.03345000615015291,-0.00860371002905199,-0.024846296121100918,-0.026408987252599388,0.7813455657492354,327,327,3275
2015-01-31,-0.03216069043939408,-0.2435277167369134,149,3275,0.004370456174846623,0.09008405819417177,-0.08571360201932515,-0.08751114803159508,0.8987730061349694,326,326,3261
2015-02-28,-0.09254197757494662,-0.0760309550257033,46,3261,-0.02264782243846154,0.007411082824307693,-0.030058905262769234,-0.03192659757046154,0.9338461538461539,325,325,3253
2015-03-31,-0.20335891046260224,-0.21471049925673713,53,3253,-0.007988750412307693,0.0644365778790769,-0.0724253282913846,-0.07422840521446152,0.9015384615384616,325,325,3250
2015-04-30,-0.16021147098289149,-0.19301757717750737,97,3250,-0.017794953857407408,0.041352845086728394,-0.0591477989441358,-0.06097495943796296,0.9135802469135803,324,324,3248
2015-05-31,0.13496155982829533,0.16410455241310581,34,3248,-0.0030310564879999996,-0.048141730200615386,0.04511067371261539,0.043218366020307694,0.9461538461538461,325,325,3253
2015-06-30,0.01890999067833921,0.130977503248878,54,3253,0.004744759630461538,-0.09351300466,0.09825776429046154,0.09681468736738462,0.7215384615384615,325,325,3257
2015-07-31,-0.09512800945957117,-0.03797093503206061,87,3257,-0.06063992165185185,-0.0307996318978395,-0.029840289754012348,-0.031290907037962966,0.7253086419753086,324,324,3242
2015-08-31,0.04776659052474932,0.02101958397483987,2,3242,-0.03628459741578947,-0.07416372706130031,0.037879129645510844,0.036033928407120754,0.9226006191950464,323,323,3239
2015-09-30,-0.151500099862573,-0.16725746557675694,81,3239,0.03114459067679412,0.08491504020092878,-0.053770449524134664,-0.055231749833732184,0.7306501547987616,323,323,3233
2015-10-31,-0.030812730430463696,-0.06865103386944235,55,3233,-0.0024117955919254644,0.010227605253726705,-0.01263940084565217,-0.014536916373602481,0.9487577639751552,322,322,3225
2015-11-30,0.07002245319569683,0.06893062107173993,27,3225,-0.035780860786377704,-0.08371217861795666,0.04793131783157895,0.0461944757263158,0.868421052631579,323,323,3230
2015-12-31,0.1566514333387203,0.24293709364237007,59,3230,-0.0426230558321875,-0.11159982499531249,0.06897676916312498,0.06780489416312498,0.5859375,320,320,3206
2016-01-31,0.029160545660467434,0.03643305921147485,56,3206,0.022643832122257054,-0.006710034779937305,0.02935386690219436,0.02796515216865204,0.6943573667711599,319,319,3194
2016-02-29,0.09192438605843023,0.1240889278872473,108,3194,0.12135300918548896,0.08782776490189274,0.03352524428359621,0.03203313071892744,0.7460567823343849,317,317,3173
2016-03-31,0.19151000660579298,0.16267743269211415,109,3173,0.13848813448825395,0.044304032002539684,0.09418410248571427,0.0926190231206349,0.7825396825396825,315,315,3159
2016-04-30,-0.1688157349483078,-0.10120221395772712,103,3159,-0.040850559195873014,0.01473750032825397,-0.05558805952412699,-0.05710551984158731,0.7587301587301587,315,315,3153
2016-05-31,-0.07886450793363298,-0.021534427058816242,28,3153,-0.009240395891111114,0.02283563032920635,-0.032076026220317466,-0.03389507383936508,0.9095238095238095,315,315,3150
2016-06-30,-0.008081084380248113,-0.12932940389675662,142,3150,0.055511348377635786,0.0782965132773163,-0.022785164899680507,-0.024551938062619804,0.8833865814696485,313,313,3138
2016-07-31,0.03584518034045634,0.06150098521404718,17,3138,0.016868983685623003,-0.010653707788817891,0.027522691474440895,0.025762308087859426,0.8801916932907348,313,313,3133
2016-08-31,0.0049092064274542215,0.023200207289120502,121,3133,0.028605084098070735,0.02364795466045016,0.004957129437620576,0.0034812451932475855,0.7379421221864952,311,311,3119
2016-09-30,-0.13020791681324156,-0.09167546566190912,30,3119,-0.07881718686548386,-0.045820669371290326,-0.032996517494193536,-0.03466103362322579,0.832258064516129,310,310,3106
2016-10-31,0.010034010184814673,0.06942288262872919,122,3106,0.09112540763774193,0.08887421649612903,0.0022511911416129016,0.00039957823838709505,0.9258064516129032,310,310,3107
2016-11-30,0.11571378610547414,0.16361791513804602,155,3107,0.060970613406148864,0.015152858576699029,0.04581775482944984,0.0442255218197411,0.7961165048543689,309,309,3099
2016-12-31,-0.08247443549900908,-0.1434906743476669,48,3099,0.006653050917887701,0.045268042025566335,-0.03861499110767863,-0.04011337298470129,0.7491909385113269,309,309,3090
2017-01-31,0.0063817243722309475,-0.014947739033247524,94,3090,0.00528611557922078,0.0036697758886363656,0.0016163396905844144,-0.0002472966730519494,0.9318181818181819,308,308,3085
2017-02-28,0.011560091954599101,0.014875661419414203,66,3085,0.006676974882467531,-0.016013879302597404,0.022690854185064935,0.020999295743506494,0.8457792207792207,308,308,3084
2017-03-31,0.10079298621919568,0.12377370302791912,66,3084,0.010127913329967427,-0.03505279690716613,0.04518071023713356,0.0436497656117264,0.7654723127035831,307,307,3076
2017-04-30,0.14641003049425932,0.11014596012434086,100,3076,-0.012100301490553746,-0.053756857701954396,0.04165655621140065,0.04020378748175896,0.726384364820847,307,307,3071
2017-05-31,-0.16997453495753445,-0.2030127204505366,55,3071,0.001563067320588235,0.055178211543790864,-0.053615144223202627,-0.054974621347385635,0.6797385620915033,306,306,3063
2017-06-30,-0.028217780675089458,-0.028970567873968015,11,3063,0.0015683325957377035,0.0056132389740983606,-0.004044906378360657,-0.005841627689836067,0.8983606557377048,305,305,3054
2017-07-31,-0.07358980145688206,0.03183085258514202,40,3054,-0.01278663611118421,-0.010911771192105268,-0.0018748649190789418,-0.003545917550657889,0.8355263157894737,304,304,3045
2017-08-31,-0.10466000035365006,-0.17428898934334122,127,3045,0.05196491076217105,0.09373679655723685,-0.0417718857950658,-0.04330478053190791,0.7664473684210527,304,304,3041
2017-09-30,0.0198002300633649,-0.00415767895899328,54,3041,-0.00217468688741722,-0.002746226589403973,0.0005715397019867533,-0.001296009966887419,0.9337748344370861,302,302,3022
2017-10-31,-0.06190930404753938,0.011684465296082778,32,3022,0.01511327303754153,0.029638295504983387,-0.014525022467441856,-0.01636555402890365,0.920265780730897,301,301,3013
2017-11-30,0.04071042513453095,0.004957060824987987,16,3013,0.02964702144219269,0.03452840899302326,-0.004881387550830566,-0.006436204826578074,0.7774086378737541,301,301,3017
2017-12-31,0.0031094003592174705,0.009323343211518289,23,3017,0.019577010522666662,0.02959725375466667,-0.010020243232000008,-0.011780243232000007,0.8799999999999999,300,300,3004
2018-01-31,0.1465613207452497,0.11523903946808924,100,3004,-0.018927013494684383,-0.07171740412392028,0.05279039062923589,0.05101962650963456,0.8853820598006644,301,301,3014
2018-02-28,0.034970372069854934,-0.00033774777364583566,68,3014,0.015906849213,0.004987744947000001,0.010919104265999999,0.009569104265999998,0.6749999999999999,300,300,3008
2018-03-31,-0.030138418778608796,0.03940957995695664,11,3008,0.014199240991304346,0.028846537250167222,-0.014647296258862876,-0.016276058800668895,0.81438127090301,299,299,2996
2018-04-30,0.04327584107846438,0.02861121364574747,27,2996,0.06011181162341137,0.04167571238026756,0.018436099243143815,0.016666868473913046,0.8846153846153846,299,299,2998
2018-05-31,-0.009140725416365455,0.027148891393385582,22,2998,0.007935175338127091,0.006659909063879599,0.0012752662742474925,-0.00034346282274247387,0.8093645484949832,299,299,2997
2018-06-30,-0.00716380334233968,-0.04102623865595635,2,2997,0.0020038608892617446,0.021283185580536917,-0.019279324691275173,-0.021004156906040274,0.8624161073825503,298,298,2988
2018-07-31,-0.0009127868616855202,0.016385552557236234,32,2988,0.02766475627575758,0.027762981455892254,-9.822518013467493e-05,-0.0018120298939393886,0.8569023569023568,297,297,2979
2018-08-31,0.005561679593665227,0.00333131754939204,44,2979,-0.012970159348821547,-0.015987472434343432,0.0030173130855218853,0.001316976385185185,0.8501683501683501,297,297,2976
2018-09-30,-0.016507039642272736,0.06534997310656417,69,2976,-0.10491088238181819,-0.10030348682760944,-0.004607395554208749,-0.006297631244444439,0.8451178451178452,297,297,2970
2018-10-31,-0.04876151791672038,0.0052319024582874,47,2970,-0.010251010953898305,-0.000906534348813561,-0.009344476605084744,-0.010954646096610168,0.8050847457627118,295,295,2956
2018-11-30,0.11808651163580193,0.052584721525660065,48,2956,-0.11522184288605443,-0.1506357044642857,0.03541386157823127,0.033631548653061206,0.8911564625850341,294,294,2944
2018-12-31,-0.40633265586251605,-0.3987318348946568,33,2944,0.05791984636219931,0.228570783662543,-0.1706509373003437,-0.17219045620068735,0.7697594501718212,291,291,2918
2019-01-31,0.0879060842268809,0.012939716703362124,70,2918,0.07255957029413794,0.03830990589758621,0.03424966439655173,0.032291043706896554,0.9793103448275862,290,290,2906
2019-02-28,-0.09684963430115597,-0.1971561192531594,30,2906,-0.028653410013840835,0.0058306461048442905,-0.03448405611868512,-0.036124194526989624,0.8200692041522492,289,289,2893
2019-03-31,-0.09969686482720498,-0.14241552711660557,72,2893,0.0004625357649305564,0.03808964262916666,-0.03762710686423611,-0.03941530130868055,0.8940972222222222,288,288,2886
2019-04-30,-0.08458313533586566,-0.17991793231488665,29,2886,-0.11484893641944444,-0.06704097443194444,-0.047807961987499994,-0.04963087865416666,0.9114583333333333,288,288,2884
2019-05-31,-0.14913014533584468,-0.24605822740979977,71,2884,0.027820648077700343,0.09733752945714286,-0.06951688137944251,-0.07133569671045296,0.9094076655052266,287,287,2878
2019-06-30,0.019603714988452113,0.01990836532852253,23,2878,-0.000333569235888502,-0.01231557101849129,0.011982001782602787,0.01012485892545993,0.9285714285714286,287,287,2874
2019-07-31,-0.06652509145192971,0.15366213602707343,35,2874,-0.019995839181818183,-0.07682834929265733,0.056832510110839146,0.05516118143951047,0.8356643356643356,286,286,2866
2019-08-31,-0.22346541530578984,-0.3130952715429347,64,2866,-0.01368732795804196,0.06493566927447553,-0.07862299723251749,-0.08012649373601399,0.7517482517482517,286,286,2862
2019-09-30,-0.03600046660445335,0.012283552898454475,82,2862,-0.017161053115492958,-0.003887656474295774,-0.013273396641197184,-0.015192410725704226,0.9595070422535212,284,284,2846
2019-10-31,0.033433962247354954,0.09976474661942099,33,2846,0.043332630124468086,-0.019485617001063833,0.06281824712553191,0.06109129677092198,0.8634751773049645,282,282,2829
2019-11-30,-0.05912535877939151,0.0313816226316869,109,2829,0.03387036852375886,0.0695106490351064,-0.03564028051134754,-0.037001982639007114,0.6808510638297872,282,282,2821
2019-12-31,-0.06817075481349245,-0.27037060531740925,115,2821,-0.1124575638188612,-0.005846612392170818,-0.10661095142669039,-0.10830134288576512,0.8451957295373665,281,281,2811
2020-01-31,0.1644237758139833,0.18714721416924715,141,2811,-0.060218312294642855,-0.13290785153535714,0.07268953924071428,0.07081811066928571,0.9357142857142857,280,280,2802
2020-02-29,0.1755321511120821,0.14883276119493302,15,2802,-0.24154405844035715,-0.3859909733135714,0.14444691487321426,0.14318620058749998,0.6303571428571428,280,280,2808
2020-03-31,-0.31811463504293974,-0.2741379073497113,180,2808,0.10719218695234657,0.319422189233213,-0.21223000228086647,-0.21386177123393507,0.8158844765342961,277,277,2770
2020-04-30,0.17599376801084582,0.18640539995628852,95,2770,0.08171386649100719,-0.004499525949280574,0.08621339244028776,0.08425655790791367,0.9784172661870504,278,278,2782
2020-05-31,0.06932466209593559,0.013657975895557563,15,2782,0.07764031144440432,0.03492694786498194,0.04271336357942238,0.041428165023465705,0.6425992779783394,277,277,2778
2020-06-30,0.06096557233776222,-0.09016984818199218,26,2778,0.031063732970758127,0.04694493644079423,-0.0158812034700361,-0.017545463397833933,0.8321299638989169,277,277,2773
2020-07-31,0.003891964704590529,-0.010181516616905322,52,2773,0.06048018172166064,0.03369442121913357,0.026785760502527074,0.024984316459205774,0.9007220216606497,277,277,2773
2020-08-31,-0.011943062059493378,-0.019529676857435382,52,2773,-0.025707671866787,-0.026008728558122744,0.00030105669133574306,-0.001402914427797831,0.851985559566787,277,277,2779
2020-09-30,-0.006506747497016796,-0.11716022134000599,40,2779,0.00123201139169675,-0.006240607243682311,0.0074726186353790604,0.005750596974729241,0.8610108303249098,277,277,2778
2020-10-31,0.023267417705202072,0.1321365619451998,48,2778,0.1591227264612319,0.18965292202463768,-0.030530195563405776,-0.03234903614311592,0.9094202898550725,276,276,2767
2020-11-30,0.12052481606279929,0.15727440619838864,91,2767,0.1169299277089928,0.05467425405539568,0.06225567365359712,0.06047509811402877,0.8902877697841727,278,278,2780
2020-12-31,0.07287141074456129,0.13519475307040235,47,2780,0.09280532915144928,0.03094304819710145,0.06186228095434783,0.06051445486739131,0.673913043478261,276,276,2764
2021-01-31,0.18379117749850016,0.15514135901851414,55,2764,0.13520219050035973,0.03463162012553957,0.10057057037482016,0.09914970706546763,0.710431654676259,278,278,2787
2021-02-28,0.03145910452396566,-0.0042453578062909125,49,2787,0.03447378472939068,0.048951825622222216,-0.014478040892831535,-0.01571460003261648,0.6182795698924731,279,279,2792
2021-03-31,0.10758630088863368,0.07854066164587684,61,2792,0.04357750197259787,-0.006990567956683273,0.05056806992928114,0.048884795907928824,0.8416370106761566,281,281,2819
2021-04-30,-0.056893371623809856,-0.03953779416955112,83,2819,0.01949831007359155,0.03651530103309859,-0.017016990959507042,-0.018569807860915492,0.7764084507042254,284,284,2846
2021-05-31,0.027713864509474107,-0.10690824697545373,210,2846,0.043193331568771934,0.04697528438947368,-0.0037819528207017478,-0.005480198434736835,0.8491228070175438,285,285,2854
2021-06-30,-0.17105164193560987,-0.11683547719639974,85,2854,-0.0776247760031579,-0.01526859941754386,-0.062356176585614036,-0.06401582570842106,0.8298245614035087,285,285,2855
2021-07-31,-0.09661751763819852,-0.016949252430614275,37,2855,0.012638405223426573,0.03778857989405594,-0.02515017467062937,-0.02711870613916084,0.9842657342657343,286,286,2864
2021-08-31,-0.046068875355932785,0.011758898457789008,29,2864,-0.019950625243356647,0.008892484440209791,-0.02884310968356644,-0.03055639639685315,0.8566433566433567,286,286,2861
2021-09-30,-0.013009938179380013,-0.0800546487035522,127,2861,0.04314014013964912,0.04372553575017544,-0.0005853956105263194,-0.002325746487719302,0.8701754385964913,285,285,2859
2021-10-31,0.07759106456590552,0.04653137200125445,69,2859,-0.02952510889754386,-0.07621117991438596,0.0466860710168421,0.04498431663087719,0.8508771929824561,285,285,2856
2021-11-30,0.057222453660411766,0.016337833568612087,82,2856,0.017072283690209793,-0.010187170418881118,0.027259454109090912,0.025672041521678325,0.7937062937062938,286,286,2869
2021-12-31,0.19981290007068397,0.049964440997590585,64,2869,-0.032163927853633215,-0.11291482663667819,0.08075089878304498,0.07921802681072664,0.7664359861591695,289,289,2894
2022-01-31,0.10852517586700239,0.1624547413029317,224,2894,0.049917476724482754,-0.01056505487275862,0.060482531597241374,0.05899632470068965,0.743103448275862,290,290,2902
2022-02-28,0.1961928701370856,0.09767323905598138,45,2902,0.09065094768965516,0.020481689323448276,0.07016925836620688,0.06871063767655171,0.7293103448275862,290,290,2901
2022-03-31,0.05140371125345739,0.028493337897736858,96,2901,-0.05636242986435986,-0.08218883984290656,0.025826409978546704,0.02447000859446366,0.6782006920415224,289,289,2898
2022-04-30,0.10421374303124765,0.032653291356175326,118,2898,0.008884743686206897,-0.05182082693068966,0.060705570616896555,0.058971087858275865,0.8672413793103448,290,290,2902
2022-05-31,-0.1104740444968253,-0.1398088664084115,114,2902,-0.13401669616747405,-0.09462756392491349,-0.03938913224256056,-0.04079051632560554,0.7006920415224913,289,289,2894
2022-06-30,-0.2936652726496611,-0.38666457718660935,68,2894,0.006318697146527777,0.11473082321770835,-0.10841212607118057,-0.11026282051562501,0.9253472222222223,288,288,2882
2022-07-31,-0.05508198357059898,-0.13871016673383618,50,2882,-0.01468430747804878,-0.0005970784999999994,-0.014087228978048781,-0.01605587009303136,0.9843205574912892,287,287,2875
2022-08-31,0.014451950840762923,0.11075268435158593,105,2875,-0.12747735533671328,-0.12175644619370629,-0.005720909143006991,-0.007511118933216781,0.8951048951048951,286,286,2866
2022-09-30,-0.1290279179818654,-0.18386749972065203,47,2866,0.020515758787062934,0.09796762847167831,-0.07745186968461537,-0.07925256898531467,0.9003496503496503,286,286,2860
2022-10-31,0.19476364654777215,0.16674211383277832,66,2860,0.03948330794699647,-0.03382222617243816,0.07330553411943463,0.07148574613356891,0.9098939929328622,283,283,2838
2022-11-30,0.07392912165012218,-0.005975739113832642,40,2838,-0.04942302200744681,-0.09696011289078015,0.047537090883333334,0.04613992776276596,0.698581560283688,282,282,2822
2022-12-31,-0.2998871482211751,-0.2676676800725803,110,2822,0.05323995020830325,0.1734230431433213,-0.12018309293501805,-0.12176071026353791,0.7888086642599278,277,277,2779
2023-01-31,-0.054306816660387135,-0.15035287378019885,77,2779,-0.043941461521582736,-0.008072975445323741,-0.035868486076259,-0.037731795428776985,0.9316546762589928,278,278,2780
2023-02-28,-0.0025016947269397754,-0.09287196969092706,76,2780,-0.053855604186231885,-0.07875017063514492,0.02489456644891303,0.02303224760833332,0.931159420289855,276,276,2761
2023-03-31,0.0699774730986254,0.14266464488683914,67,2761,-0.00724112858759124,-0.0525279430609489,0.04528681447335766,0.043509442210583935,0.8886861313868614,274,274,2746
2023-04-30,0.0650318011010969,0.04479577556724624,74,2746,-0.013709716986861312,-0.05053296382664234,0.036823246839781026,0.035403538810583945,0.7098540145985401,274,274,2741
2023-05-31,-0.06515464956815094,-0.16621244837692836,41,2741,0.04975939336117216,0.0815422051051282,-0.031782811743956044,-0.0331344600956044,0.6758241758241759,273,273,2737
2023-06-30,-0.008872007165766187,0.19283546987055608,58,2737,0.08223064400183823,0.00399744307867647,0.07823320092316176,0.07638761268786765,0.9227941176470589,272,272,2721
2023-07-31,-0.09003541442343634,-0.19592762444769266,81,2721,-0.08146045785296296,-0.03745447276037038,-0.044005985092592584,-0.0453207999074074,0.6574074074074074,270,270,2706
2023-08-31,0.19903458499187046,0.22773225892890167,22,2706,-0.012112751018215613,-0.0839518419360595,0.07183909091784388,0.07000637716319703,0.9163568773234201,269,269,2698
2023-09-30,0.20159248403736135,0.20988714242027903,49,2698,-0.024214784425278812,-0.13041741818066915,0.10620263375539034,0.10497215048401487,0.6152416356877324,269,269,2690
2023-10-31,-0.18685003791829724,-0.2212203574389406,42,2690,0.030241021761048693,0.12411972639962547,-0.09387870463857678,-0.09513713160486892,0.6292134831460674,267,267,2674
2023-11-30,0.29458437593091163,0.3952266712697973,20,2674,0.15214185356528304,-0.0006055748675011308,0.15274742843278416,0.15090969258372755,0.9188679245283019,265,265,2655
2023-12-31,-0.10371517080481474,-0.26194565924231933,91,2655,-0.061653266528030305,-0.03374013366212121,-0.027913132865909095,-0.029041920744696973,0.5643939393939394,264,264,2641
2024-01-31,0.0006380176144855527,-0.00121237093968496,95,2641,0.04865571426315788,0.0381406350495614,0.010515079213596477,0.008515079213596477,1.0,228,228,2287
2024-02-29,-0.10931279045248193,-0.10272380650914026,59,2287,0.0020663677917030572,0.04711994640174673,-0.04505357861004367,-0.046756635378602626,0.8515283842794761,229,229,2290
2024-03-31,0.13685610834560816,0.16820553666185115,102,2290,-0.045334138414159286,-0.10057682976681416,0.055242691352654874,0.05341968250309735,0.911504424778761,226,226,2261
2024-04-30,0.02701815830176187,0.0639754768847684,29,2261,0.05949791227366071,0.05101769436026786,0.008480217913392853,0.007140932199107138,0.6696428571428572,224,224,2243
2024-05-31,-0.11683815197373905,-0.1632289725138477,103,2243,-0.05272472907657658,-0.0034004538828828826,-0.0493242751936937,-0.05095490582432433,0.8153153153153153,222,222,2225
2024-06-30,-0.08894104866372189,-0.060338750391686485,48,2225,0.024579169012556055,0.07447314024932736,-0.049893971236771306,-0.05169217751479821,0.899103139013453,223,223,2230
2024-07-31,-0.03440447119083674,-0.05434427988331339,103,2230,-0.010737409908108108,0.00025385780225225033,-0.010991267710360358,-0.01284261906171171,0.9256756756756757,222,222,2225
2024-08-31,0.0101013531479254,0.06319309115605656,70,2225,0.017812554703167418,0.008981227714479637,0.008831326988687781,0.006989698029411763,0.9208144796380091,221,221,2214
2024-09-30,0.10998010616288906,0.019233130947649182,61,2214,0.035417310088181816,-0.02182842321636364,0.05724573330454545,0.05554573330454545,0.8500000000000001,220,220,2205
2024-10-31,0.18426763225753776,0.15919626088111147,66,2205,0.11663199607702703,0.05584468717207207,0.060787308904954956,0.05917920079684685,0.8040540540540541,222,222,2223
2024-11-30,0.022980755924977447,-0.03282352628614949,91,2223,-0.0788541597705069,-0.09155146197142856,0.012697302200921662,0.011061357500460833,0.8179723502304147,217,217,2175
2024-12-31,,,200,2175,0.0286461758,0.0740870914,-0.0454409156,-0.0464409156,0.5,1,1,3
2025-02-28,0.18882616318960893,0.25010853130256355,79,2574,-0.025631519742801555,-0.11513483069571985,0.0895033109529183,0.08750720200350195,0.9980544747081712,257,257,2571
2025-03-31,-0.049836844672573946,0.06207667641266557,31,2571,-0.017679776250390626,-0.032503390939062494,0.014823614688671868,0.013448614688671869,0.6875,256,256,2565
2025-04-30,0.044042668025437076,-0.029382551841755082,26,2565,0.045403575081102356,0.06483096047125984,-0.019427385390157488,-0.021116361768110246,0.844488188976378,254,254,2541
2025-05-31,0.06258472167683142,0.23388346036843327,97,2541,0.07635040586102364,0.0034212824629921263,0.07292912339803151,0.07122833599645671,0.8503937007874016,254,254,2548
2025-06-30,0.1271785094724468,0.10396116964694865,87,2548,0.03649737728235295,-0.017773054567450982,0.05427043184980393,0.05293317694784314,0.6686274509803922,255,255,2558
2025-07-31,0.1352248566124257,0.018941613658416477,62,2558,0.04867133362784313,0.011721588434901956,0.03694974519294117,0.03545562754588234,0.7470588235294118,255,255,2557
2025-08-31,-0.013304147889877703,-0.03385391241476293,119,2557,0.03735123164901961,-0.007418882847843143,0.04477011449686275,0.043264232143921576,0.7529411764705882,255,255,2556
2025-09-30,0.16198987130632073,0.13531887456409747,128,2556,0.0031695104329411737,-0.06570481984666666,0.06887433027960783,0.06733707537764705,0.7686274509803921,255,255,2557
2025-10-31,0.03587181880719527,-0.07669258102592832,34,2557,-0.021942047787152946,-0.031736019208235294,0.009793971421082348,0.008468481225003916,0.6627450980392158,255,255,2559
