,bidask,eqnpo_3m,ret_3_1,ret_6_1,ret_12_1,ret_12_7,seas_1_1an,nfna_gr1a,ocf_gr1a,fcf_gr1a,xido_at,nri_at,ocf_sale,fcf_sale,gp_at,cop_at,ope_be,ni_be,nix_be,ocf_be,fcf_be,gp_bev,ebitda_bev,ebit_bev,cop_bev,gp_ppen,ebitda_ppen,fcf_ppen,eqnpo_at,eqbb_at,ocf_cl,ocf_debt,lt_ppen,opex_at,inv_turnover,at_turnover,rec_turnover,ap_turnover,sale_bev,sale_be,sale_nwc,tax_pi,niq_be,niq_at,cop_atl1,pi_nix,ocf_at,ocf_at_chg1,at_be,at_me,be_me,debt_me,cash_me,sale_me,gp_me,ebitda_me,ebit_me,ope_me,ni_me,nix_me,cop_me,ocf_me,fcf_me,eqbb_me,eqnpo_me,ival_me,at_mev,bev_mev,be_mev,cash_mev,sale_mev,gp_mev,ebitda_mev,ebit_mev,cop_mev,ocf_mev,fcf_mev,debt_mev,debtlt_mev,debtst_mev,mispricing_mgmt,mispricing_perf,qmj_prof
1986-01-31,0,4,7,6,3,3,3,1,1,0,0,0,3,1,0,0,1,1,0,0,0,0,0,0,1,2,0,3,2,0,0,0,2,2,1,2,3,0,0,0,1,0,0,1,0,0,0,1,1,2,1,0,3,5,4,0,0,0,0,2,2,0,0,0,0,0,0,1,0,0,1,2,3,0,0,1,1,1,1,0,1,0,3
1986-02-28,0,4,7,6,3,3,3,1,1,0,0,0,3,1,0,0,1,1,0,0,0,0,0,0,1,2,0,3,2,0,0,0,2,2,1,2,3,0,0,0,1,0,0,1,0,0,0,1,1,2,1,0,3,5,4,0,0,0,0,2,2,0,0,0,0,0,0,1,0,0,1,2,3,0,0,1,1,1,1,0,1,0,3
1986-03-31,0,4,7,6,3,3,3,1,1,0,0,0,3,1,0,0,1,1,0,0,0,0,0,0,1,2,0,3,2,0,0,0,2,2,1,2,3,0,0,0,1,0,0,1,0,0,0,1,1,2,1,0,3,5,4,0,0,0,0,2,2,0,0,0,0,0,0,1,0,0,1,2,3,0,0,1,1,1,1,0,1,0,3
1986-04-30,0,4,7,6,3,3,3,1,1,0,0,0,3,1,0,0,1,1,0,0,0,0,0,0,1,2,0,3,2,0,0,0,2,2,1,2,3,0,0,0,1,0,0,1,0,0,0,1,1,2,1,0,3,5,4,0,0,0,0,2,2,0,0,0,0,0,0,1,0,0,1,2,3,0,0,1,1,1,1,0,1,0,3
1986-05-31,0,4,7,6,3,3,3,1,1,0,0,0,3,1,0,0,1,1,0,0,0,0,0,0,1,2,0,3,2,0,0,0,2,2,1,2,3,0,0,0,1,0,0,1,0,0,0,1,1,2,1,0,3,5,4,0,0,0,0,2,2,0,0,0,0,0,0,1,0,0,1,2,3,0,0,1,1,1,1,0,1,0,3
1986-06-30,0,4,7,6,3,3,3,1,1,0,0,0,3,1,0,0,1,1,0,0,0,0,0,0,1,2,0,3,2,0,0,0,2,2,1,2,3,0,0,0,1,0,0,1,0,0,0,1,1,2,1,0,3,5,4,0,0,0,0,2,2,0,0,0,0,0,0,1,0,0,1,2,3,0,0,1,1,1,1,0,1,0,3
1986-07-31,0,4,7,6,3,3,3,1,1,0,0,0,3,1,0,0,1,1,0,0,0,0,0,0,1,2,0,3,2,0,0,0,2,2,1,2,3,0,0,0,1,0,0,1,0,0,0,1,1,2,1,0,3,5,4,0,0,0,0,2,2,0,0,0,0,0,0,1,0,0,1,2,3,0,0,1,1,1,1,0,1,0,3
1986-08-31,0,4,7,6,3,3,3,1,1,0,0,0,3,1,0,0,1,1,0,0,0,0,0,0,1,2,0,3,2,0,0,0,2,2,1,2,3,0,0,0,1,0,0,1,0,0,0,1,1,2,1,0,3,5,4,0,0,0,0,2,2,0,0,0,0,0,0,1,0,0,1,2,3,0,0,1,1,1,1,0,1,0,3
1986-09-30,0,4,7,6,3,3,3,1,1,0,0,0,3,1,0,0,1,1,0,0,0,0,0,0,1,2,0,3,2,0,0,0,2,2,1,2,3,0,0,0,1,0,0,1,0,0,0,1,1,2,1,0,3,5,4,0,0,0,0,2,2,0,0,0,0,0,0,1,0,0,1,2,3,0,0,1,1,1,1,0,1,0,3
1986-10-31,0,4,7,6,3,3,3,1,1,0,0,0,3,1,0,0,1,1,0,0,0,0,0,0,1,2,0,3,2,0,0,0,2,2,1,2,3,0,0,0,1,0,0,1,0,0,0,1,1,2,1,0,3,5,4,0,0,0,0,2,2,0,0,0,0,0,0,1,0,0,1,2,3,0,0,1,1,1,1,0,1,0,3
1986-11-30,0,4,7,6,3,3,3,1,1,0,0,0,3,1,0,0,1,1,0,0,0,0,0,0,1,2,0,3,2,0,0,0,2,2,1,2,3,0,0,0,1,0,0,1,0,0,0,1,1,2,1,0,3,5,4,0,0,0,0,2,2,0,0,0,0,0,0,1,0,0,1,2,3,0,0,1,1,1,1,0,1,0,3
1986-12-31,0,4,7,6,3,3,3,1,1,0,0,0,3,1,0,0,1,1,0,0,0,0,0,0,1,2,0,3,2,0,0,0,2,2,1,2,3,0,0,0,1,0,0,1,0,0,0,1,1,2,1,0,3,5,4,0,0,0,0,2,2,0,0,0,0,0,0,1,0,0,1,2,3,0,0,1,1,1,1,0,1,0,3
1987-01-31,8,35,16,11,8,12,14,0,6,0,1,1,0,0,1,1,2,1,4,1,0,3,1,1,2,1,0,0,1,1,0,2,0,0,0,3,3,1,1,0,2,4,2,0,1,1,0,0,1,3,3,0,1,3,6,0,2,2,2,13,3,1,4,1,4,0,2,4,1,0,6,7,4,2,0,1,5,12,3,0,3,3,0,0,3,2,5,5,1
1987-02-28,8,35,16,11,8,12,14,0,6,0,1,1,0,0,1,1,2,1,4,1,0,3,1,1,2,1,0,0,1,1,0,2,0,0,0,3,3,1,1,0,2,4,2,0,1,1,0,0,1,3,3,0,1,3,6,0,2,2,2,13,3,1,4,1,4,0,2,4,1,0,6,7,4,2,0,1,5,12,3,0,3,3,0,0,3,2,5,5,1
1987-03-31,8,35,16,11,8,12,14,0,6,0,1,1,0,0,1,1,2,1,4,1,0,3,1,1,2,1,0,0,1,1,0,2,0,0,0,3,3,1,1,0,2,4,2,0,1,1,0,0,1,3,3,0,1,3,6,0,2,2,2,13,3,1,4,1,4,0,2,4,1,0,6,7,4,2,0,1,5,12,3,0,3,3,0,0,3,2,5,5,1
1987-04-30,8,35,16,11,8,12,14,0,6,0,1,1,0,0,1,1,2,1,4,1,0,3,1,1,2,1,0,0,1,1,0,2,0,0,0,3,3,1,1,0,2,4,2,0,1,1,0,0,1,3,3,0,1,3,6,0,2,2,2,13,3,1,4,1,4,0,2,4,1,0,6,7,4,2,0,1,5,12,3,0,3,3,0,0,3,2,5,5,1
1987-05-31,8,35,16,11,8,12,14,0,6,0,1,1,0,0,1,1,2,1,4,1,0,3,1,1,2,1,0,0,1,1,0,2,0,0,0,3,3,1,1,0,2,4,2,0,1,1,0,0,1,3,3,0,1,3,6,0,2,2,2,13,3,1,4,1,4,0,2,4,1,0,6,7,4,2,0,1,5,12,3,0,3,3,0,0,3,2,5,5,1
1987-06-30,8,35,16,11,8,12,14,0,6,0,1,1,0,0,1,1,2,1,4,1,0,3,1,1,2,1,0,0,1,1,0,2,0,0,0,3,3,1,1,0,2,4,2,0,1,1,0,0,1,3,3,0,1,3,6,0,2,2,2,13,3,1,4,1,4,0,2,4,1,0,6,7,4,2,0,1,5,12,3,0,3,3,0,0,3,2,5,5,1
1987-07-31,8,35,16,11,8,12,14,0,6,0,1,1,0,0,1,1,2,1,4,1,0,3,1,1,2,1,0,0,1,1,0,2,0,0,0,3,3,1,1,0,2,4,2,0,1,1,0,0,1,3,3,0,1,3,6,0,2,2,2,13,3,1,4,1,4,0,2,4,1,0,6,7,4,2,0,1,5,12,3,0,3,3,0,0,3,2,5,5,1
1987-08-31,8,35,16,11,8,12,14,0,6,0,1,1,0,0,1,1,2,1,4,1,0,3,1,1,2,1,0,0,1,1,0,2,0,0,0,3,3,1,1,0,2,4,2,0,1,1,0,0,1,3,3,0,1,3,6,0,2,2,2,13,3,1,4,1,4,0,2,4,1,0,6,7,4,2,0,1,5,12,3,0,3,3,0,0,3,2,5,5,1
1987-09-30,8,35,16,11,8,12,14,0,6,0,1,1,0,0,1,1,2,1,4,1,0,3,1,1,2,1,0,0,1,1,0,2,0,0,0,3,3,1,1,0,2,4,2,0,1,1,0,0,1,3,3,0,1,3,6,0,2,2,2,13,3,1,4,1,4,0,2,4,1,0,6,7,4,2,0,1,5,12,3,0,3,3,0,0,3,2,5,5,1
1987-10-31,8,35,16,11,8,12,14,0,6,0,1,1,0,0,1,1,2,1,4,1,0,3,1,1,2,1,0,0,1,1,0,2,0,0,0,3,3,1,1,0,2,4,2,0,1,1,0,0,1,3,3,0,1,3,6,0,2,2,2,13,3,1,4,1,4,0,2,4,1,0,6,7,4,2,0,1,5,12,3,0,3,3,0,0,3,2,5,5,1
1987-11-30,8,35,16,11,8,12,14,0,6,0,1,1,0,0,1,1,2,1,4,1,0,3,1,1,2,1,0,0,1,1,0,2,0,0,0,3,3,1,1,0,2,4,2,0,1,1,0,0,1,3,3,0,1,3,6,0,2,2,2,13,3,1,4,1,4,0,2,4,1,0,6,7,4,2,0,1,5,12,3,0,3,3,0,0,3,2,5,5,1
1987-12-31,8,35,16,11,8,12,14,0,6,0,1,1,0,0,1,1,2,1,4,1,0,3,1,1,2,1,0,0,1,1,0,2,0,0,0,3,3,1,1,0,2,4,2,0,1,1,0,0,1,3,3,0,1,3,6,0,2,2,2,13,3,1,4,1,4,0,2,4,1,0,6,7,4,2,0,1,5,12,3,0,3,3,0,0,3,2,5,5,1
1988-01-31,1,5,8,6,0,1,2,4,0,1,0,0,0,0,1,0,0,0,0,1,0,1,0,1,0,0,0,1,0,0,0,1,0,0,2,1,0,0,1,0,0,0,0,1,0,0,0,0,0,0,0,0,0,1,0,2,1,3,0,0,0,0,0,0,0,1,2,1,0,0,3,2,0,1,0,0,0,2,1,1
1988-02-29,1,5,8,6,0,1,2,4,0,1,0,0,0,0,1,0,0,0,0,1,0,1,0,1,0,0,0,1,0,0,0,1,0,0,2,1,0,0,1,0,0,0,0,1,0,0,0,0,0,0,0,0,0,1,0,2,1,3,0,0,0,0,0,0,0,1,2,1,0,0,3,2,0,1,0,0,0,2,1,1
1988-03-31,1,5,8,6,0,1,2,4,0,1,0,0,0,0,1,0,0,0,0,1,0,1,0,1,0,0,0,1,0,0,0,1,0,0,2,1,0,0,1,0,0,0,0,1,0,0,0,0,0,0,0,0,0,1,0,2,1,3,0,0,0,0,0,0,0,1,2,1,0,0,3,2,0,1,0,0,0,2,1,1
1988-04-30,1,5,8,6,0,1,2,4,0,1,0,0,0,0,1,0,0,0,0,1,0,1,0,1,0,0,0,1,0,0,0,1,0,0,2,1,0,0,1,0,0,0,0,1,0,0,0,0,0,0,0,0,0,1,0,2,1,3,0,0,0,0,0,0,0,1,2,1,0,0,3,2,0,1,0,0,0,2,1,1
1988-05-31,1,5,8,6,0,1,2,4,0,1,0,0,0,0,1,0,0,0,0,1,0,1,0,1,0,0,0,1,0,0,0,1,0,0,2,1,0,0,1,0,0,0,0,1,0,0,0,0,0,0,0,0,0,1,0,2,1,3,0,0,0,0,0,0,0,1,2,1,0,0,3,2,0,1,0,0,0,2,1,1
1988-06-30,1,5,8,6,0,1,2,4,0,1,0,0,0,0,1,0,0,0,0,1,0,1,0,1,0,0,0,1,0,0,0,1,0,0,2,1,0,0,1,0,0,0,0,1,0,0,0,0,0,0,0,0,0,1,0,2,1,3,0,0,0,0,0,0,0,1,2,1,0,0,3,2,0,1,0,0,0,2,1,1
1988-07-31,1,5,8,6,0,1,2,4,0,1,0,0,0,0,1,0,0,0,0,1,0,1,0,1,0,0,0,1,0,0,0,1,0,0,2,1,0,0,1,0,0,0,0,1,0,0,0,0,0,0,0,0,0,1,0,2,1,3,0,0,0,0,0,0,0,1,2,1,0,0,3,2,0,1,0,0,0,2,1,1
1988-08-31,1,5,8,6,0,1,2,4,0,1,0,0,0,0,1,0,0,0,0,1,0,1,0,1,0,0,0,1,0,0,0,1,0,0,2,1,0,0,1,0,0,0,0,1,0,0,0,0,0,0,0,0,0,1,0,2,1,3,0,0,0,0,0,0,0,1,2,1,0,0,3,2,0,1,0,0,0,2,1,1
1988-09-30,1,5,8,6,0,1,2,4,0,1,0,0,0,0,1,0,0,0,0,1,0,1,0,1,0,0,0,1,0,0,0,1,0,0,2,1,0,0,1,0,0,0,0,1,0,0,0,0,0,0,0,0,0,1,0,2,1,3,0,0,0,0,0,0,0,1,2,1,0,0,3,2,0,1,0,0,0,2,1,1
1988-10-31,1,5,8,6,0,1,2,4,0,1,0,0,0,0,1,0,0,0,0,1,0,1,0,1,0,0,0,1,0,0,0,1,0,0,2,1,0,0,1,0,0,0,0,1,0,0,0,0,0,0,0,0,0,1,0,2,1,3,0,0,0,0,0,0,0,1,2,1,0,0,3,2,0,1,0,0,0,2,1,1
1988-11-30,1,5,8,6,0,1,2,4,0,1,0,0,0,0,1,0,0,0,0,1,0,1,0,1,0,0,0,1,0,0,0,1,0,0,2,1,0,0,1,0,0,0,0,1,0,0,0,0,0,0,0,0,0,1,0,2,1,3,0,0,0,0,0,0,0,1,2,1,0,0,3,2,0,1,0,0,0,2,1,1
1988-12-31,1,5,8,6,0,1,2,4,0,1,0,0,0,0,1,0,0,0,0,1,0,1,0,1,0,0,0,1,0,0,0,1,0,0,2,1,0,0,1,0,0,0,0,1,0,0,0,0,0,0,0,0,0,1,0,2,1,3,0,0,0,0,0,0,0,1,2,1,0,0,3,2,0,1,0,0,0,2,1,1
1989-01-31,1,6,2,0,3,0,0,0,0,0,0,0,0,1,0,0,0,0,0,0,0,0,0,0,0,0,0,1,0,0,0,0,0,0,0,2,1,0,0,0,0,0,0,0,0,2,0,0,0,0,0,0,0,2,0,0,2,0,0,0,0,0,0,0,0,0,0,0,0,0,1,3,1,0,2,0,0,0,0,0,0
1989-02-28,1,6,2,0,3,0,0,0,0,0,0,0,0,1,0,0,0,0,0,0,0,0,0,0,0,0,0,1,0,0,0,0,0,0,0,2,1,0,0,0,0,0,0,0,0,2,0,0,0,0,0,0,0,2,0,0,2,0,0,0,0,0,0,0,0,0,0,0,0,0,1,3,1,0,2,0,0,0,0,0,0
1989-03-31,1,6,2,0,3,0,0,0,0,0,0,0,0,1,0,0,0,0,0,0,0,0,0,0,0,0,0,1,0,0,0,0,0,0,0,2,1,0,0,0,0,0,0,0,0,2,0,0,0,0,0,0,0,2,0,0,2,0,0,0,0,0,0,0,0,0,0,0,0,0,1,3,1,0,2,0,0,0,0,0,0
1989-04-30,1,6,2,0,3,0,0,0,0,0,0,0,0,1,0,0,0,0,0,0,0,0,0,0,0,0,0,1,0,0,0,0,0,0,0,2,1,0,0,0,0,0,0,0,0,2,0,0,0,0,0,0,0,2,0,0,2,0,0,0,0,0,0,0,0,0,0,0,0,0,1,3,1,0,2,0,0,0,0,0,0
1989-05-31,1,6,2,0,3,0,0,0,0,0,0,0,0,1,0,0,0,0,0,0,0,0,0,0,0,0,0,1,0,0,0,0,0,0,0,2,1,0,0,0,0,0,0,0,0,2,0,0,0,0,0,0,0,2,0,0,2,0,0,0,0,0,0,0,0,0,0,0,0,0,1,3,1,0,2,0,0,0,0,0,0
1989-06-30,1,6,2,0,3,0,0,0,0,0,0,0,0,1,0,0,0,0,0,0,0,0,0,0,0,0,0,1,0,0,0,0,0,0,0,2,1,0,0,0,0,0,0,0,0,2,0,0,0,0,0,0,0,2,0,0,2,0,0,0,0,0,0,0,0,0,0,0,0,0,1,3,1,0,2,0,0,0,0,0,0
1989-07-31,1,6,2,0,3,0,0,0,0,0,0,0,0,1,0,0,0,0,0,0,0,0,0,0,0,0,0,1,0,0,0,0,0,0,0,2,1,0,0,0,0,0,0,0,0,2,0,0,0,0,0,0,0,2,0,0,2,0,0,0,0,0,0,0,0,0,0,0,0,0,1,3,1,0,2,0,0,0,0,0,0
1989-08-31,1,6,2,0,3,0,0,0,0,0,0,0,0,1,0,0,0,0,0,0,0,0,0,0,0,0,0,1,0,0,0,0,0,0,0,2,1,0,0,0,0,0,0,0,0,2,0,0,0,0,0,0,0,2,0,0,2,0,0,0,0,0,0,0,0,0,0,0,0,0,1,3,1,0,2,0,0,0,0,0,0
1989-09-30,1,6,2,0,3,0,0,0,0,0,0,0,0,1,0,0,0,0,0,0,0,0,0,0,0,0,0,1,0,0,0,0,0,0,0,2,1,0,0,0,0,0,0,0,0,2,0,0,0,0,0,0,0,2,0,0,2,0,0,0,0,0,0,0,0,0,0,0,0,0,1,3,1,0,2,0,0,0,0,0,0
1989-10-31,1,6,2,0,3,0,0,0,0,0,0,0,0,1,0,0,0,0,0,0,0,0,0,0,0,0,0,1,0,0,0,0,0,0,0,2,1,0,0,0,0,0,0,0,0,2,0,0,0,0,0,0,0,2,0,0,2,0,0,0,0,0,0,0,0,0,0,0,0,0,1,3,1,0,2,0,0,0,0,0,0
1989-11-30,1,6,2,0,3,0,0,0,0,0,0,0,0,1,0,0,0,0,0,0,0,0,0,0,0,0,0,1,0,0,0,0,0,0,0,2,1,0,0,0,0,0,0,0,0,2,0,0,0,0,0,0,0,2,0,0,2,0,0,0,0,0,0,0,0,0,0,0,0,0,1,3,1,0,2,0,0,0,0,0,0
1989-12-31,1,6,2,0,3,0,0,0,0,0,0,0,0,1,0,0,0,0,0,0,0,0,0,0,0,0,0,1,0,0,0,0,0,0,0,2,1,0,0,0,0,0,0,0,0,2,0,0,0,0,0,0,0,2,0,0,2,0,0,0,0,0,0,0,0,0,0,0,0,0,1,3,1,0,2,0,0,0,0,0,0
1990-01-31,9,14,3,0,6,6,1,0,0,1,0,1,0,2,0,0,0,0,0,0,0,1,0,0,0,0,0,0,0,0,0,0,1,0,0,1,3,0,0,0,0,0,0,1,1,4,5,2,1,0,0,0,0,2,1,0,3,0,0,0,2,0,0,2,0,0,0,1,0,1,0,1,2,0,4,1,1,0,2,2,2
1990-02-28,9,14,3,0,6,6,1,0,0,1,0,1,0,2,0,0,0,0,0,0,0,1,0,0,0,0,0,0,0,0,0,0,1,0,0,1,3,0,0,0,0,0,0,1,1,4,5,2,1,0,0,0,0,2,1,0,3,0,0,0,2,0,0,2,0,0,0,1,0,1,0,1,2,0,4,1,1,0,2,2,2
1990-03-31,9,14,3,0,6,6,1,0,0,1,0,1,0,2,0,0,0,0,0,0,0,1,0,0,0,0,0,0,0,0,0,0,1,0,0,1,3,0,0,0,0,0,0,1,1,4,5,2,1,0,0,0,0,2,1,0,3,0,0,0,2,0,0,2,0,0,0,1,0,1,0,1,2,0,4,1,1,0,2,2,2
1990-04-30,9,14,3,0,6,6,1,0,0,1,0,1,0,2,0,0,0,0,0,0,0,1,0,0,0,0,0,0,0,0,0,0,1,0,0,1,3,0,0,0,0,0,0,1,1,4,5,2,1,0,0,0,0,2,1,0,3,0,0,0,2,0,0,2,0,0,0,1,0,1,0,1,2,0,4,1,1,0,2,2,2
1990-05-31,9,14,3,0,6,6,1,0,0,1,0,1,0,2,0,0,0,0,0,0,0,1,0,0,0,0,0,0,0,0,0,0,1,0,0,1,3,0,0,0,0,0,0,1,1,4,5,2,1,0,0,0,0,2,1,0,3,0,0,0,2,0,0,2,0,0,0,1,0,1,0,1,2,0,4,1,1,0,2,2,2
1990-06-30,9,14,3,0,6,6,1,0,0,1,0,1,0,2,0,0,0,0,0,0,0,1,0,0,0,0,0,0,0,0,0,0,1,0,0,1,3,0,0,0,0,0,0,1,1,4,5,2,1,0,0,0,0,2,1,0,3,0,0,0,2,0,0,2,0,0,0,1,0,1,0,1,2,0,4,1,1,0,2,2,2
1990-07-31,9,14,3,0,6,6,1,0,0,1,0,1,0,2,0,0,0,0,0,0,0,1,0,0,0,0,0,0,0,0,0,0,1,0,0,1,3,0,0,0,0,0,0,1,1,4,5,2,1,0,0,0,0,2,1,0,3,0,0,0,2,0,0,2,0,0,0,1,0,1,0,1,2,0,4,1,1,0,2,2,2
1990-08-31,9,14,3,0,6,6,1,0,0,1,0,1,0,2,0,0,0,0,0,0,0,1,0,0,0,0,0,0,0,0,0,0,1,0,0,1,3,0,0,0,0,0,0,1,1,4,5,2,1,0,0,0,0,2,1,0,3,0,0,0,2,0,0,2,0,0,0,1,0,1,0,1,2,0,4,1,1,0,2,2,2
1990-09-30,9,14,3,0,6,6,1,0,0,1,0,1,0,2,0,0,0,0,0,0,0,1,0,0,0,0,0,0,0,0,0,0,1,0,0,1,3,0,0,0,0,0,0,1,1,4,5,2,1,0,0,0,0,2,1,0,3,0,0,0,2,0,0,2,0,0,0,1,0,1,0,1,2,0,4,1,1,0,2,2,2
1990-10-31,9,14,3,0,6,6,1,0,0,1,0,1,0,2,0,0,0,0,0,0,0,1,0,0,0,0,0,0,0,0,0,0,1,0,0,1,3,0,0,0,0,0,0,1,1,4,5,2,1,0,0,0,0,2,1,0,3,0,0,0,2,0,0,2,0,0,0,1,0,1,0,1,2,0,4,1,1,0,2,2,2
1990-11-30,9,14,3,0,6,6,1,0,0,1,0,1,0,2,0,0,0,0,0,0,0,1,0,0,0,0,0,0,0,0,0,0,1,0,0,1,3,0,0,0,0,0,0,1,1,4,5,2,1,0,0,0,0,2,1,0,3,0,0,0,2,0,0,2,0,0,0,1,0,1,0,1,2,0,4,1,1,0,2,2,2
1990-12-31,9,14,3,0,6,6,1,0,0,1,0,1,0,2,0,0,0,0,0,0,0,1,0,0,0,0,0,0,0,0,0,0,1,0,0,1,3,0,0,0,0,0,0,1,1,4,5,2,1,0,0,0,0,2,1,0,3,0,0,0,2,0,0,2,0,0,0,1,0,1,0,1,2,0,4,1,1,0,2,2,2
1991-01-31,4,5,0,0,2,2,0,0,0,1,0,0,0,0,0,0,0,0,0,0,0,0,0,0,0,0,1,1,0,0,0,0,0,0,0,0,0,0,0,0,0,1,0,0,1,0,0,0,0,0,0,0,0,2,0,3,0,0,0,0,0,0,0,0,0,2,0,0,0,0,1,0,0,0,0,0,0,1,0,0,0,0,0,1,0,0,0,0,2,0
1991-02-28,4,5,0,0,2,2,0,0,0,1,0,0,0,0,0,0,0,0,0,0,0,0,0,0,0,0,1,1,0,0,0,0,0,0,0,0,0,0,0,0,0,1,0,0,1,0,0,0,0,0,0,0,0,2,0,3,0,0,0,0,0,0,0,0,0,2,0,0,0,0,1,0,0,0,0,0,0,1,0,0,0,0,0,1,0,0,0,0,2,0
1991-03-31,4,5,0,0,2,2,0,0,0,1,0,0,0,0,0,0,0,0,0,0,0,0,0,0,0,0,1,1,0,0,0,0,0,0,0,0,0,0,0,0,0,1,0,0,1,0,0,0,0,0,0,0,0,2,0,3,0,0,0,0,0,0,0,0,0,2,0,0,0,0,1,0,0,0,0,0,0,1,0,0,0,0,0,1,0,0,0,0,2,0
1991-04-30,4,5,0,0,2,2,0,0,0,1,0,0,0,0,0,0,0,0,0,0,0,0,0,0,0,0,1,1,0,0,0,0,0,0,0,0,0,0,0,0,0,1,0,0,1,0,0,0,0,0,0,0,0,2,0,3,0,0,0,0,0,0,0,0,0,2,0,0,0,0,1,0,0,0,0,0,0,1,0,0,0,0,0,1,0,0,0,0,2,0
1991-05-31,4,5,0,0,2,2,0,0,0,1,0,0,0,0,0,0,0,0,0,0,0,0,0,0,0,0,1,1,0,0,0,0,0,0,0,0,0,0,0,0,0,1,0,0,1,0,0,0,0,0,0,0,0,2,0,3,0,0,0,0,0,0,0,0,0,2,0,0,0,0,1,0,0,0,0,0,0,1,0,0,0,0,0,1,0,0,0,0,2,0
1991-06-30,4,5,0,0,2,2,0,0,0,1,0,0,0,0,0,0,0,0,0,0,0,0,0,0,0,0,1,1,0,0,0,0,0,0,0,0,0,0,0,0,0,1,0,0,1,0,0,0,0,0,0,0,0,2,0,3,0,0,0,0,0,0,0,0,0,2,0,0,0,0,1,0,0,0,0,0,0,1,0,0,0,0,0,1,0,0,0,0,2,0
1991-07-31,4,5,0,0,2,2,0,0,0,1,0,0,0,0,0,0,0,0,0,0,0,0,0,0,0,0,1,1,0,0,0,0,0,0,0,0,0,0,0,0,0,1,0,0,1,0,0,0,0,0,0,0,0,2,0,3,0,0,0,0,0,0,0,0,0,2,0,0,0,0,1,0,0,0,0,0,0,1,0,0,0,0,0,1,0,0,0,0,2,0
1991-08-31,4,5,0,0,2,2,0,0,0,1,0,0,0,0,0,0,0,0,0,0,0,0,0,0,0,0,1,1,0,0,0,0,0,0,0,0,0,0,0,0,0,1,0,0,1,0,0,0,0,0,0,0,0,2,0,3,0,0,0,0,0,0,0,0,0,2,0,0,0,0,1,0,0,0,0,0,0,1,0,0,0,0,0,1,0,0,0,0,2,0
1991-09-30,4,5,0,0,2,2,0,0,0,1,0,0,0,0,0,0,0,0,0,0,0,0,0,0,0,0,1,1,0,0,0,0,0,0,0,0,0,0,0,0,0,1,0,0,1,0,0,0,0,0,0,0,0,2,0,3,0,0,0,0,0,0,0,0,0,2,0,0,0,0,1,0,0,0,0,0,0,1,0,0,0,0,0,1,0,0,0,0,2,0
1991-10-31,4,5,0,0,2,2,0,0,0,1,0,0,0,0,0,0,0,0,0,0,0,0,0,0,0,0,1,1,0,0,0,0,0,0,0,0,0,0,0,0,0,1,0,0,1,0,0,0,0,0,0,0,0,2,0,3,0,0,0,0,0,0,0,0,0,2,0,0,0,0,1,0,0,0,0,0,0,1,0,0,0,0,0,1,0,0,0,0,2,0
1991-11-30,4,5,0,0,2,2,0,0,0,1,0,0,0,0,0,0,0,0,0,0,0,0,0,0,0,0,1,1,0,0,0,0,0,0,0,0,0,0,0,0,0,1,0,0,1,0,0,0,0,0,0,0,0,2,0,3,0,0,0,0,0,0,0,0,0,2,0,0,0,0,1,0,0,0,0,0,0,1,0,0,0,0,0,1,0,0,0,0,2,0
1991-12-31,4,5,0,0,2,2,0,0,0,1,0,0,0,0,0,0,0,0,0,0,0,0,0,0,0,0,1,1,0,0,0,0,0,0,0,0,0,0,0,0,0,1,0,0,1,0,0,0,0,0,0,0,0,2,0,3,0,0,0,0,0,0,0,0,0,2,0,0,0,0,1,0,0,0,0,0,0,1,0,0,0,0,0,1,0,0,0,0,2,0
1992-01-31,39,44,20,23,11,20,22,4,0,8,3,1,3,1,4,2,3,4,2,2,1,1,1,1,0,0,3,3,1,2,1,3,4,2,0,1,2,1,2,9,6,7,2,6,1,5,14,10,11,1,3,2,2,2,1,0,4,1,10,11,8,13,5,13,6,2,1,4,0,6,13,3,8,7,3,16,8,3,2,5,26,5
1992-02-29,39,44,20,23,11,20,22,4,0,8,3,1,3,1,4,2,3,4,2,2,1,1,1,1,0,0,3,3,1,2,1,3,4,2,0,1,2,1,2,9,6,7,2,6,1,5,14,10,11,1,3,2,2,2,1,0,4,1,10,11,8,13,5,13,6,2,1,4,0,6,13,3,8,7,3,16,8,3,2,5,26,5
1992-03-31,39,44,20,23,11,20,22,4,0,8,3,1,3,1,4,2,3,4,2,2,1,1,1,1,0,0,3,3,1,2,1,3,4,2,0,1,2,1,2,9,6,7,2,6,1,5,14,10,11,1,3,2,2,2,1,0,4,1,10,11,8,13,5,13,6,2,1,4,0,6,13,3,8,7,3,16,8,3,2,5,26,5
1992-04-30,39,44,20,23,11,20,22,4,0,8,3,1,3,1,4,2,3,4,2,2,1,1,1,1,0,0,3,3,1,2,1,3,4,2,0,1,2,1,2,9,6,7,2,6,1,5,14,10,11,1,3,2,2,2,1,0,4,1,10,11,8,13,5,13,6,2,1,4,0,6,13,3,8,7,3,16,8,3,2,5,26,5
1992-05-31,39,44,20,23,11,20,22,4,0,8,3,1,3,1,4,2,3,4,2,2,1,1,1,1,0,0,3,3,1,2,1,3,4,2,0,1,2,1,2,9,6,7,2,6,1,5,14,10,11,1,3,2,2,2,1,0,4,1,10,11,8,13,5,13,6,2,1,4,0,6,13,3,8,7,3,16,8,3,2,5,26,5
1992-06-30,39,44,20,23,11,20,22,4,0,8,3,1,3,1,4,2,3,4,2,2,1,1,1,1,0,0,3,3,1,2,1,3,4,2,0,1,2,1,2,9,6,7,2,6,1,5,14,10,11,1,3,2,2,2,1,0,4,1,10,11,8,13,5,13,6,2,1,4,0,6,13,3,8,7,3,16,8,3,2,5,26,5
1992-07-31,39,44,20,23,11,20,22,4,0,8,3,1,3,1,4,2,3,4,2,2,1,1,1,1,0,0,3,3,1,2,1,3,4,2,0,1,2,1,2,9,6,7,2,6,1,5,14,10,11,1,3,2,2,2,1,0,4,1,10,11,8,13,5,13,6,2,1,4,0,6,13,3,8,7,3,16,8,3,2,5,26,5
1992-08-31,39,44,20,23,11,20,22,4,0,8,3,1,3,1,4,2,3,4,2,2,1,1,1,1,0,0,3,3,1,2,1,3,4,2,0,1,2,1,2,9,6,7,2,6,1,5,14,10,11,1,3,2,2,2,1,0,4,1,10,11,8,13,5,13,6,2,1,4,0,6,13,3,8,7,3,16,8,3,2,5,26,5
1992-09-30,39,44,20,23,11,20,22,4,0,8,3,1,3,1,4,2,3,4,2,2,1,1,1,1,0,0,3,3,1,2,1,3,4,2,0,1,2,1,2,9,6,7,2,6,1,5,14,10,11,1,3,2,2,2,1,0,4,1,10,11,8,13,5,13,6,2,1,4,0,6,13,3,8,7,3,16,8,3,2,5,26,5
1992-10-31,39,44,20,23,11,20,22,4,0,8,3,1,3,1,4,2,3,4,2,2,1,1,1,1,0,0,3,3,1,2,1,3,4,2,0,1,2,1,2,9,6,7,2,6,1,5,14,10,11,1,3,2,2,2,1,0,4,1,10,11,8,13,5,13,6,2,1,4,0,6,13,3,8,7,3,16,8,3,2,5,26,5
1992-11-30,39,44,20,23,11,20,22,4,0,8,3,1,3,1,4,2,3,4,2,2,1,1,1,1,0,0,3,3,1,2,1,3,4,2,0,1,2,1,2,9,6,7,2,6,1,5,14,10,11,1,3,2,2,2,1,0,4,1,10,11,8,13,5,13,6,2,1,4,0,6,13,3,8,7,3,16,8,3,2,5,26,5
1992-12-31,39,44,20,23,11,20,22,4,0,8,3,1,3,1,4,2,3,4,2,2,1,1,1,1,0,0,3,3,1,2,1,3,4,2,0,1,2,1,2,9,6,7,2,6,1,5,14,10,11,1,3,2,2,2,1,0,4,1,10,11,8,13,5,13,6,2,1,4,0,6,13,3,8,7,3,16,8,3,2,5,26,5
1993-01-31,3,3,0,1,0,3,0,1,0,0,0,0,0,1,0,0,0,0,0,0,0,1,0,0,0,1,0,0,0,0,0,0,0,0,0,0,0,0,0,0,0,1,0,0,0,3,0,0,0,0,0,0,3,0,0,0,0,2,0,0,0,0,3,0,0,0,0,0,0,0,0,0,3,1
1993-02-28,3,3,0,1,0,3,0,1,0,0,0,0,0,1,0,0,0,0,0,0,0,1,0,0,0,1,0,0,0,0,0,0,0,0,0,0,0,0,0,0,0,1,0,0,0,3,0,0,0,0,0,0,3,0,0,0,0,2,0,0,0,0,3,0,0,0,0,0,0,0,0,0,3,1
1993-03-31,3,3,0,1,0,3,0,1,0,0,0,0,0,1,0,0,0,0,0,0,0,1,0,0,0,1,0,0,0,0,0,0,0,0,0,0,0,0,0,0,0,1,0,0,0,3,0,0,0,0,0,0,3,0,0,0,0,2,0,0,0,0,3,0,0,0,0,0,0,0,0,0,3,1
1993-04-30,3,3,0,1,0,3,0,1,0,0,0,0,0,1,0,0,0,0,0,0,0,1,0,0,0,1,0,0,0,0,0,0,0,0,0,0,0,0,0,0,0,1,0,0,0,3,0,0,0,0,0,0,3,0,0,0,0,2,0,0,0,0,3,0,0,0,0,0,0,0,0,0,3,1
1993-05-31,3,3,0,1,0,3,0,1,0,0,0,0,0,1,0,0,0,0,0,0,0,1,0,0,0,1,0,0,0,0,0,0,0,0,0,0,0,0,0,0,0,1,0,0,0,3,0,0,0,0,0,0,3,0,0,0,0,2,0,0,0,0,3,0,0,0,0,0,0,0,0,0,3,1
1993-06-30,3,3,0,1,0,3,0,1,0,0,0,0,0,1,0,0,0,0,0,0,0,1,0,0,0,1,0,0,0,0,0,0,0,0,0,0,0,0,0,0,0,1,0,0,0,3,0,0,0,0,0,0,3,0,0,0,0,2,0,0,0,0,3,0,0,0,0,0,0,0,0,0,3,1
1993-07-31,3,3,0,1,0,3,0,1,0,0,0,0,0,1,0,0,0,0,0,0,0,1,0,0,0,1,0,0,0,0,0,0,0,0,0,0,0,0,0,0,0,1,0,0,0,3,0,0,0,0,0,0,3,0,0,0,0,2,0,0,0,0,3,0,0,0,0,0,0,0,0,0,3,1
1993-08-31,3,3,0,1,0,3,0,1,0,0,0,0,0,1,0,0,0,0,0,0,0,1,0,0,0,1,0,0,0,0,0,0,0,0,0,0,0,0,0,0,0,1,0,0,0,3,0,0,0,0,0,0,3,0,0,0,0,2,0,0,0,0,3,0,0,0,0,0,0,0,0,0,3,1
1993-09-30,3,3,0,1,0,3,0,1,0,0,0,0,0,1,0,0,0,0,0,0,0,1,0,0,0,1,0,0,0,0,0,0,0,0,0,0,0,0,0,0,0,1,0,0,0,3,0,0,0,0,0,0,3,0,0,0,0,2,0,0,0,0,3,0,0,0,0,0,0,0,0,0,3,1
1993-10-31,3,3,0,1,0,3,0,1,0,0,0,0,0,1,0,0,0,0,0,0,0,1,0,0,0,1,0,0,0,0,0,0,0,0,0,0,0,0,0,0,0,1,0,0,0,3,0,0,0,0,0,0,3,0,0,0,0,2,0,0,0,0,3,0,0,0,0,0,0,0,0,0,3,1
1993-11-30,3,3,0,1,0,3,0,1,0,0,0,0,0,1,0,0,0,0,0,0,0,1,0,0,0,1,0,0,0,0,0,0,0,0,0,0,0,0,0,0,0,1,0,0,0,3,0,0,0,0,0,0,3,0,0,0,0,2,0,0,0,0,3,0,0,0,0,0,0,0,0,0,3,1
1993-12-31,3,3,0,1,0,3,0,1,0,0,0,0,0,1,0,0,0,0,0,0,0,1,0,0,0,1,0,0,0,0,0,0,0,0,0,0,0,0,0,0,0,1,0,0,0,3,0,0,0,0,0,0,3,0,0,0,0,2,0,0,0,0,3,0,0,0,0,0,0,0,0,0,3,1
1994-01-31,20,4,10,16,3,16,3,0,1,7,0,0,0,3,1,1,0,1,1,1,0,0,5,4,0,0,1,2,1,1,0,1,0,1,1,4,1,0,1,0,9,2,2,8,1,2,2,2,1,3,11,1,3,1,3,2,0,1,2,5,0,0,3,5,2,5,2,0,0,3,12,6
1994-02-28,20,4,10,16,3,16,3,0,1,7,0,0,0,3,1,1,0,1,1,1,0,0,5,4,0,0,1,2,1,1,0,1,0,1,1,4,1,0,1,0,9,2,2,8,1,2,2,2,1,3,11,1,3,1,3,2,0,1,2,5,0,0,3,5,2,5,2,0,0,3,12,6
1994-03-31,20,4,10,16,3,16,3,0,1,7,0,0,0,3,1,1,0,1,1,1,0,0,5,4,0,0,1,2,1,1,0,1,0,1,1,4,1,0,1,0,9,2,2,8,1,2,2,2,1,3,11,1,3,1,3,2,0,1,2,5,0,0,3,5,2,5,2,0,0,3,12,6
1994-04-30,20,4,10,16,3,16,3,0,1,7,0,0,0,3,1,1,0,1,1,1,0,0,5,4,0,0,1,2,1,1,0,1,0,1,1,4,1,0,1,0,9,2,2,8,1,2,2,2,1,3,11,1,3,1,3,2,0,1,2,5,0,0,3,5,2,5,2,0,0,3,12,6
1994-05-31,20,4,10,16,3,16,3,0,1,7,0,0,0,3,1,1,0,1,1,1,0,0,5,4,0,0,1,2,1,1,0,1,0,1,1,4,1,0,1,0,9,2,2,8,1,2,2,2,1,3,11,1,3,1,3,2,0,1,2,5,0,0,3,5,2,5,2,0,0,3,12,6
1994-06-30,20,4,10,16,3,16,3,0,1,7,0,0,0,3,1,1,0,1,1,1,0,0,5,4,0,0,1,2,1,1,0,1,0,1,1,4,1,0,1,0,9,2,2,8,1,2,2,2,1,3,11,1,3,1,3,2,0,1,2,5,0,0,3,5,2,5,2,0,0,3,12,6
1994-07-31,20,4,10,16,3,16,3,0,1,7,0,0,0,3,1,1,0,1,1,1,0,0,5,4,0,0,1,2,1,1,0,1,0,1,1,4,1,0,1,0,9,2,2,8,1,2,2,2,1,3,11,1,3,1,3,2,0,1,2,5,0,0,3,5,2,5,2,0,0,3,12,6
1994-08-31,20,4,10,16,3,16,3,0,1,7,0,0,0,3,1,1,0,1,1,1,0,0,5,4,0,0,1,2,1,1,0,1,0,1,1,4,1,0,1,0,9,2,2,8,1,2,2,2,1,3,11,1,3,1,3,2,0,1,2,5,0,0,3,5,2,5,2,0,0,3,12,6
1994-09-30,20,4,10,16,3,16,3,0,1,7,0,0,0,3,1,1,0,1,1,1,0,0,5,4,0,0,1,2,1,1,0,1,0,1,1,4,1,0,1,0,9,2,2,8,1,2,2,2,1,3,11,1,3,1,3,2,0,1,2,5,0,0,3,5,2,5,2,0,0,3,12,6
1994-10-31,20,4,10,16,3,16,3,0,1,7,0,0,0,3,1,1,0,1,1,1,0,0,5,4,0,0,1,2,1,1,0,1,0,1,1,4,1,0,1,0,9,2,2,8,1,2,2,2,1,3,11,1,3,1,3,2,0,1,2,5,0,0,3,5,2,5,2,0,0,3,12,6
1994-11-30,20,4,10,16,3,16,3,0,1,7,0,0,0,3,1,1,0,1,1,1,0,0,5,4,0,0,1,2,1,1,0,1,0,1,1,4,1,0,1,0,9,2,2,8,1,2,2,2,1,3,11,1,3,1,3,2,0,1,2,5,0,0,3,5,2,5,2,0,0,3,12,6
1994-12-31,20,4,10,16,3,16,3,0,1,7,0,0,0,3,1,1,0,1,1,1,0,0,5,4,0,0,1,2,1,1,0,1,0,1,1,4,1,0,1,0,9,2,2,8,1,2,2,2,1,3,11,1,3,1,3,2,0,1,2,5,0,0,3,5,2,5,2,0,0,3,12,6
1995-01-31,88,84,93,94,69,112,77,27,6,16,21,9,9,17,15,12,11,13,10,12,8,20,17,11,18,17,23,15,22,15,15,11,12,7,15,29,6,41,33,20,48,13,7,15,19,20,39,50,17,34,18,25,25,13,21,14,19,21,35,21,17,24,12,16,25,16,12,22,39,23
1995-02-28,88,84,93,94,69,112,77,27,6,16,21,9,9,17,15,12,11,13,10,12,8,20,17,11,18,17,23,15,22,15,15,11,12,7,15,29,6,41,33,20,48,13,7,15,19,20,39,50,17,34,18,25,25,13,21,14,19,21,35,21,17,24,12,16,25,16,12,22,39,23
1995-03-31,88,84,93,94,69,112,77,27,6,16,21,9,9,17,15,12,11,13,10,12,8,20,17,11,18,17,23,15,22,15,15,11,12,7,15,29,6,41,33,20,48,13,7,15,19,20,39,50,17,34,18,25,25,13,21,14,19,21,35,21,17,24,12,16,25,16,12,22,39,23
1995-04-30,88,84,93,94,69,112,77,27,6,16,21,9,9,17,15,12,11,13,10,12,8,20,17,11,18,17,23,15,22,15,15,11,12,7,15,29,6,41,33,20,48,13,7,15,19,20,39,50,17,34,18,25,25,13,21,14,19,21,35,21,17,24,12,16,25,16,12,22,39,23
1995-05-31,88,84,93,94,69,112,77,27,6,16,21,9,9,17,15,12,11,13,10,12,8,20,17,11,18,17,23,15,22,15,15,11,12,7,15,29,6,41,33,20,48,13,7,15,19,20,39,50,17,34,18,25,25,13,21,14,19,21,35,21,17,24,12,16,25,16,12,22,39,23
1995-06-30,88,84,93,94,69,112,77,27,6,16,21,9,9,17,15,12,11,13,10,12,8,20,17,11,18,17,23,15,22,15,15,11,12,7,15,29,6,41,33,20,48,13,7,15,19,20,39,50,17,34,18,25,25,13,21,14,19,21,35,21,17,24,12,16,25,16,12,22,39,23
1995-07-31,88,84,93,94,69,112,77,27,6,16,21,9,9,17,15,12,11,13,10,12,8,20,17,11,18,17,23,15,22,15,15,11,12,7,15,29,6,41,33,20,48,13,7,15,19,20,39,50,17,34,18,25,25,13,21,14,19,21,35,21,17,24,12,16,25,16,12,22,39,23
1995-08-31,88,84,93,94,69,112,77,27,6,16,21,9,9,17,15,12,11,13,10,12,8,20,17,11,18,17,23,15,22,15,15,11,12,7,15,29,6,41,33,20,48,13,7,15,19,20,39,50,17,34,18,25,25,13,21,14,19,21,35,21,17,24,12,16,25,16,12,22,39,23
1995-09-30,88,84,93,94,69,112,77,27,6,16,21,9,9,17,15,12,11,13,10,12,8,20,17,11,18,17,23,15,22,15,15,11,12,7,15,29,6,41,33,20,48,13,7,15,19,20,39,50,17,34,18,25,25,13,21,14,19,21,35,21,17,24,12,16,25,16,12,22,39,23
1995-10-31,88,84,93,94,69,112,77,27,6,16,21,9,9,17,15,12,11,13,10,12,8,20,17,11,18,17,23,15,22,15,15,11,12,7,15,29,6,41,33,20,48,13,7,15,19,20,39,50,17,34,18,25,25,13,21,14,19,21,35,21,17,24,12,16,25,16,12,22,39,23
1995-11-30,88,84,93,94,69,112,77,27,6,16,21,9,9,17,15,12,11,13,10,12,8,20,17,11,18,17,23,15,22,15,15,11,12,7,15,29,6,41,33,20,48,13,7,15,19,20,39,50,17,34,18,25,25,13,21,14,19,21,35,21,17,24,12,16,25,16,12,22,39,23
1995-12-31,88,84,93,94,69,112,77,27,6,16,21,9,9,17,15,12,11,13,10,12,8,20,17,11,18,17,23,15,22,15,15,11,12,7,15,29,6,41,33,20,48,13,7,15,19,20,39,50,17,34,18,25,25,13,21,14,19,21,35,21,17,24,12,16,25,16,12,22,39,23
1996-01-31,76,65,76,71,56,100,70,87,34,3,19,14,10,12,15,7,7,8,5,13,18,13,6,23,9,8,24,10,6,8,25,6,29,20,21,36,18,8,5,7,17,14,23,29,22,25,11,23,5,18,23,10,26,18,12,20,18,17,13,23,6,11,14,46,8
1996-02-29,76,65,76,71,56,100,70,87,34,3,19,14,10,12,15,7,7,8,5,13,18,13,6,23,9,8,24,10,6,8,25,6,29,20,21,36,18,8,5,7,17,14,23,29,22,25,11,23,5,18,23,10,26,18,12,20,18,17,13,23,6,11,14,46,8
1996-03-31,76,65,76,71,56,100,70,87,34,3,19,14,10,12,15,7,7,8,5,13,18,13,6,23,9,8,24,10,6,8,25,6,29,20,21,36,18,8,5,7,17,14,23,29,22,25,11,23,5,18,23,10,26,18,12,20,18,17,13,23,6,11,14,46,8
1996-04-30,76,65,76,71,56,100,70,87,34,3,19,14,10,12,15,7,7,8,5,13,18,13,6,23,9,8,24,10,6,8,25,6,29,20,21,36,18,8,5,7,17,14,23,29,22,25,11,23,5,18,23,10,26,18,12,20,18,17,13,23,6,11,14,46,8
1996-05-31,76,65,76,71,56,100,70,87,34,3,19,14,10,12,15,7,7,8,5,13,18,13,6,23,9,8,24,10,6,8,25,6,29,20,21,36,18,8,5,7,17,14,23,29,22,25,11,23,5,18,23,10,26,18,12,20,18,17,13,23,6,11,14,46,8
1996-06-30,76,65,76,71,56,100,70,87,34,3,19,14,10,12,15,7,7,8,5,13,18,13,6,23,9,8,24,10,6,8,25,6,29,20,21,36,18,8,5,7,17,14,23,29,22,25,11,23,5,18,23,10,26,18,12,20,18,17,13,23,6,11,14,46,8
1996-07-31,76,65,76,71,56,100,70,87,34,3,19,14,10,12,15,7,7,8,5,13,18,13,6,23,9,8,24,10,6,8,25,6,29,20,21,36,18,8,5,7,17,14,23,29,22,25,11,23,5,18,23,10,26,18,12,20,18,17,13,23,6,11,14,46,8
1996-08-31,76,65,76,71,56,100,70,87,34,3,19,14,10,12,15,7,7,8,5,13,18,13,6,23,9,8,24,10,6,8,25,6,29,20,21,36,18,8,5,7,17,14,23,29,22,25,11,23,5,18,23,10,26,18,12,20,18,17,13,23,6,11,14,46,8
1996-09-30,76,65,76,71,56,100,70,87,34,3,19,14,10,12,15,7,7,8,5,13,18,13,6,23,9,8,24,10,6,8,25,6,29,20,21,36,18,8,5,7,17,14,23,29,22,25,11,23,5,18,23,10,26,18,12,20,18,17,13,23,6,11,14,46,8
1996-10-31,76,65,76,71,56,100,70,87,34,3,19,14,10,12,15,7,7,8,5,13,18,13,6,23,9,8,24,10,6,8,25,6,29,20,21,36,18,8,5,7,17,14,23,29,22,25,11,23,5,18,23,10,26,18,12,20,18,17,13,23,6,11,14,46,8
1996-11-30,76,65,76,71,56,100,70,87,34,3,19,14,10,12,15,7,7,8,5,13,18,13,6,23,9,8,24,10,6,8,25,6,29,20,21,36,18,8,5,7,17,14,23,29,22,25,11,23,5,18,23,10,26,18,12,20,18,17,13,23,6,11,14,46,8
1996-12-31,76,65,76,71,56,100,70,87,34,3,19,14,10,12,15,7,7,8,5,13,18,13,6,23,9,8,24,10,6,8,25,6,29,20,21,36,18,8,5,7,17,14,23,29,22,25,11,23,5,18,23,10,26,18,12,20,18,17,13,23,6,11,14,46,8
1997-01-31,36,51,31,51,40,64,50,55,6,14,2,6,3,4,5,5,8,9,3,8,4,3,5,5,5,6,6,4,3,6,9,1,15,6,16,12,9,4,3,5,6,8,12,19,9,6,6,10,5,10,20,7,12,17,2,13,11,6,6,19,7,4,9,34,4
1997-02-28,36,51,31,51,40,64,50,55,6,14,2,6,3,4,5,5,8,9,3,8,4,3,5,5,5,6,6,4,3,6,9,1,15,6,16,12,9,4,3,5,6,8,12,19,9,6,6,10,5,10,20,7,12,17,2,13,11,6,6,19,7,4,9,34,4
1997-03-31,36,51,31,51,40,64,50,55,6,14,2,6,3,4,5,5,8,9,3,8,4,3,5,5,5,6,6,4,3,6,9,1,15,6,16,12,9,4,3,5,6,8,12,19,9,6,6,10,5,10,20,7,12,17,2,13,11,6,6,19,7,4,9,34,4
1997-04-30,36,51,31,51,40,64,50,55,6,14,2,6,3,4,5,5,8,9,3,8,4,3,5,5,5,6,6,4,3,6,9,1,15,6,16,12,9,4,3,5,6,8,12,19,9,6,6,10,5,10,20,7,12,17,2,13,11,6,6,19,7,4,9,34,4
1997-05-31,36,51,31,51,40,64,50,55,6,14,2,6,3,4,5,5,8,9,3,8,4,3,5,5,5,6,6,4,3,6,9,1,15,6,16,12,9,4,3,5,6,8,12,19,9,6,6,10,5,10,20,7,12,17,2,13,11,6,6,19,7,4,9,34,4
1997-06-30,36,51,31,51,40,64,50,55,6,14,2,6,3,4,5,5,8,9,3,8,4,3,5,5,5,6,6,4,3,6,9,1,15,6,16,12,9,4,3,5,6,8,12,19,9,6,6,10,5,10,20,7,12,17,2,13,11,6,6,19,7,4,9,34,4
1997-07-31,36,51,31,51,40,64,50,55,6,14,2,6,3,4,5,5,8,9,3,8,4,3,5,5,5,6,6,4,3,6,9,1,15,6,16,12,9,4,3,5,6,8,12,19,9,6,6,10,5,10,20,7,12,17,2,13,11,6,6,19,7,4,9,34,4
1997-08-31,36,51,31,51,40,64,50,55,6,14,2,6,3,4,5,5,8,9,3,8,4,3,5,5,5,6,6,4,3,6,9,1,15,6,16,12,9,4,3,5,6,8,12,19,9,6,6,10,5,10,20,7,12,17,2,13,11,6,6,19,7,4,9,34,4
1997-09-30,36,51,31,51,40,64,50,55,6,14,2,6,3,4,5,5,8,9,3,8,4,3,5,5,5,6,6,4,3,6,9,1,15,6,16,12,9,4,3,5,6,8,12,19,9,6,6,10,5,10,20,7,12,17,2,13,11,6,6,19,7,4,9,34,4
1997-10-31,36,51,31,51,40,64,50,55,6,14,2,6,3,4,5,5,8,9,3,8,4,3,5,5,5,6,6,4,3,6,9,1,15,6,16,12,9,4,3,5,6,8,12,19,9,6,6,10,5,10,20,7,12,17,2,13,11,6,6,19,7,4,9,34,4
1997-11-30,36,51,31,51,40,64,50,55,6,14,2,6,3,4,5,5,8,9,3,8,4,3,5,5,5,6,6,4,3,6,9,1,15,6,16,12,9,4,3,5,6,8,12,19,9,6,6,10,5,10,20,7,12,17,2,13,11,6,6,19,7,4,9,34,4
1997-12-31,36,51,31,51,40,64,50,55,6,14,2,6,3,4,5,5,8,9,3,8,4,3,5,5,5,6,6,4,3,6,9,1,15,6,16,12,9,4,3,5,6,8,12,19,9,6,6,10,5,10,20,7,12,17,2,13,11,6,6,19,7,4,9,34,4
1998-01-31,29,31,35,25,12,5,9,2,5,1,4,2,1,5,2,4,4,6,5,4,11,7,3,5,3,8,2,9,1,18,10,7,26,16,6,4,2,10,10,21,7,9,5,13,4,9,7,1,10,11,8,9,6,7,13,21,9,2,20,7,20,2
1998-02-28,29,31,35,25,12,5,9,2,5,1,4,2,1,5,2,4,4,6,5,4,11,7,3,5,3,8,2,9,1,18,10,7,26,16,6,4,2,10,10,21,7,9,5,13,4,9,7,1,10,11,8,9,6,7,13,21,9,2,20,7,20,2
1998-03-31,29,31,35,25,12,5,9,2,5,1,4,2,1,5,2,4,4,6,5,4,11,7,3,5,3,8,2,9,1,18,10,7,26,16,6,4,2,10,10,21,7,9,5,13,4,9,7,1,10,11,8,9,6,7,13,21,9,2,20,7,20,2
1998-04-30,29,31,35,25,12,5,9,2,5,1,4,2,1,5,2,4,4,6,5,4,11,7,3,5,3,8,2,9,1,18,10,7,26,16,6,4,2,10,10,21,7,9,5,13,4,9,7,1,10,11,8,9,6,7,13,21,9,2,20,7,20,2
1998-05-31,29,31,35,25,12,5,9,2,5,1,4,2,1,5,2,4,4,6,5,4,11,7,3,5,3,8,2,9,1,18,10,7,26,16,6,4,2,10,10,21,7,9,5,13,4,9,7,1,10,11,8,9,6,7,13,21,9,2,20,7,20,2
1998-06-30,29,31,35,25,12,5,9,2,5,1,4,2,1,5,2,4,4,6,5,4,11,7,3,5,3,8,2,9,1,18,10,7,26,16,6,4,2,10,10,21,7,9,5,13,4,9,7,1,10,11,8,9,6,7,13,21,9,2,20,7,20,2
1998-07-31,29,31,35,25,12,5,9,2,5,1,4,2,1,5,2,4,4,6,5,4,11,7,3,5,3,8,2,9,1,18,10,7,26,16,6,4,2,10,10,21,7,9,5,13,4,9,7,1,10,11,8,9,6,7,13,21,9,2,20,7,20,2
1998-08-31,29,31,35,25,12,5,9,2,5,1,4,2,1,5,2,4,4,6,5,4,11,7,3,5,3,8,2,9,1,18,10,7,26,16,6,4,2,10,10,21,7,9,5,13,4,9,7,1,10,11,8,9,6,7,13,21,9,2,20,7,20,2
1998-09-30,29,31,35,25,12,5,9,2,5,1,4,2,1,5,2,4,4,6,5,4,11,7,3,5,3,8,2,9,1,18,10,7,26,16,6,4,2,10,10,21,7,9,5,13,4,9,7,1,10,11,8,9,6,7,13,21,9,2,20,7,20,2
1998-10-31,29,31,35,25,12,5,9,2,5,1,4,2,1,5,2,4,4,6,5,4,11,7,3,5,3,8,2,9,1,18,10,7,26,16,6,4,2,10,10,21,7,9,5,13,4,9,7,1,10,11,8,9,6,7,13,21,9,2,20,7,20,2
1998-11-30,29,31,35,25,12,5,9,2,5,1,4,2,1,5,2,4,4,6,5,4,11,7,3,5,3,8,2,9,1,18,10,7,26,16,6,4,2,10,10,21,7,9,5,13,4,9,7,1,10,11,8,9,6,7,13,21,9,2,20,7,20,2
1998-12-31,29,31,35,25,12,5,9,2,5,1,4,2,1,5,2,4,4,6,5,4,11,7,3,5,3,8,2,9,1,18,10,7,26,16,6,4,2,10,10,21,7,9,5,13,4,9,7,1,10,11,8,9,6,7,13,21,9,2,20,7,20,2
1999-01-31,98,114,79,91,95,11,34,27,17,14,18,23,24,30,19,22,19,26,15,26,21,25,28,8,40,40,35,58,34,15,19,13,38,44,45,22,32,31,37,29,24,20,11,18,31,24,27,31,34,13,34,25,14,57,31,66,14
1999-02-28,98,114,79,91,95,11,34,27,17,14,18,23,24,30,19,22,19,26,15,26,21,25,28,8,40,40,35,58,34,15,19,13,38,44,45,22,32,31,37,29,24,20,11,18,31,24,27,31,34,13,34,25,14,57,31,66,14
1999-03-31,98,114,79,91,95,11,34,27,17,14,18,23,24,30,19,22,19,26,15,26,21,25,28,8,40,40,35,58,34,15,19,13,38,44,45,22,32,31,37,29,24,20,11,18,31,24,27,31,34,13,34,25,14,57,31,66,14
1999-04-30,98,114,79,91,95,11,34,27,17,14,18,23,24,30,19,22,19,26,15,26,21,25,28,8,40,40,35,58,34,15,19,13,38,44,45,22,32,31,37,29,24,20,11,18,31,24,27,31,34,13,34,25,14,57,31,66,14
1999-05-31,98,114,79,91,95,11,34,27,17,14,18,23,24,30,19,22,19,26,15,26,21,25,28,8,40,40,35,58,34,15,19,13,38,44,45,22,32,31,37,29,24,20,11,18,31,24,27,31,34,13,34,25,14,57,31,66,14
1999-06-30,98,114,79,91,95,11,34,27,17,14,18,23,24,30,19,22,19,26,15,26,21,25,28,8,40,40,35,58,34,15,19,13,38,44,45,22,32,31,37,29,24,20,11,18,31,24,27,31,34,13,34,25,14,57,31,66,14
1999-07-31,98,114,79,91,95,11,34,27,17,14,18,23,24,30,19,22,19,26,15,26,21,25,28,8,40,40,35,58,34,15,19,13,38,44,45,22,32,31,37,29,24,20,11,18,31,24,27,31,34,13,34,25,14,57,31,66,14
1999-08-31,98,114,79,91,95,11,34,27,17,14,18,23,24,30,19,22,19,26,15,26,21,25,28,8,40,40,35,58,34,15,19,13,38,44,45,22,32,31,37,29,24,20,11,18,31,24,27,31,34,13,34,25,14,57,31,66,14
1999-09-30,98,114,79,91,95,11,34,27,17,14,18,23,24,30,19,22,19,26,15,26,21,25,28,8,40,40,35,58,34,15,19,13,38,44,45,22,32,31,37,29,24,20,11,18,31,24,27,31,34,13,34,25,14,57,31,66,14
1999-10-31,98,114,79,91,95,11,34,27,17,14,18,23,24,30,19,22,19,26,15,26,21,25,28,8,40,40,35,58,34,15,19,13,38,44,45,22,32,31,37,29,24,20,11,18,31,24,27,31,34,13,34,25,14,57,31,66,14
1999-11-30,98,114,79,91,95,11,34,27,17,14,18,23,24,30,19,22,19,26,15,26,21,25,28,8,40,40,35,58,34,15,19,13,38,44,45,22,32,31,37,29,24,20,11,18,31,24,27,31,34,13,34,25,14,57,31,66,14
1999-12-31,98,114,79,91,95,11,34,27,17,14,18,23,24,30,19,22,19,26,15,26,21,25,28,8,40,40,35,58,34,15,19,13,38,44,45,22,32,31,37,29,24,20,11,18,31,24,27,31,34,13,34,25,14,57,31,66,14
2000-01-31,77,61,67,79,96,73,15,23,19,13,5,14,17,18,18,23,16,8,17,10,22,23,9,32,35,34,52,33,15,7,22,32,50,26,27,15,22,27,37,56,28,13,21,42,33,50,8
2000-02-29,77,61,67,79,96,73,15,23,19,13,5,14,17,18,18,23,16,8,17,10,22,23,9,32,35,34,52,33,15,7,22,32,50,26,27,15,22,27,37,56,28,13,21,42,33,50,8
2000-03-31,77,61,67,79,96,73,15,23,19,13,5,14,17,18,18,23,16,8,17,10,22,23,9,32,35,34,52,33,15,7,22,32,50,26,27,15,22,27,37,56,28,13,21,42,33,50,8
2000-04-30,77,61,67,79,96,73,15,23,19,13,5,14,17,18,18,23,16,8,17,10,22,23,9,32,35,34,52,33,15,7,22,32,50,26,27,15,22,27,37,56,28,13,21,42,33,50,8
2000-05-31,77,61,67,79,96,73,15,23,19,13,5,14,17,18,18,23,16,8,17,10,22,23,9,32,35,34,52,33,15,7,22,32,50,26,27,15,22,27,37,56,28,13,21,42,33,50,8
2000-06-30,77,61,67,79,96,73,15,23,19,13,5,14,17,18,18,23,16,8,17,10,22,23,9,32,35,34,52,33,15,7,22,32,50,26,27,15,22,27,37,56,28,13,21,42,33,50,8
2000-07-31,77,61,67,79,96,73,15,23,19,13,5,14,17,18,18,23,16,8,17,10,22,23,9,32,35,34,52,33,15,7,22,32,50,26,27,15,22,27,37,56,28,13,21,42,33,50,8
2000-08-31,77,61,67,79,96,73,15,23,19,13,5,14,17,18,18,23,16,8,17,10,22,23,9,32,35,34,52,33,15,7,22,32,50,26,27,15,22,27,37,56,28,13,21,42,33,50,8
2000-09-30,77,61,67,79,96,73,15,23,19,13,5,14,17,18,18,23,16,8,17,10,22,23,9,32,35,34,52,33,15,7,22,32,50,26,27,15,22,27,37,56,28,13,21,42,33,50,8
2000-10-31,77,61,67,79,96,73,15,23,19,13,5,14,17,18,18,23,16,8,17,10,22,23,9,32,35,34,52,33,15,7,22,32,50,26,27,15,22,27,37,56,28,13,21,42,33,50,8
2000-11-30,77,61,67,79,96,73,15,23,19,13,5,14,17,18,18,23,16,8,17,10,22,23,9,32,35,34,52,33,15,7,22,32,50,26,27,15,22,27,37,56,28,13,21,42,33,50,8
2000-12-31,77,61,67,79,96,73,15,23,19,13,5,14,17,18,18,23,16,8,17,10,22,23,9,32,35,34,52,33,15,7,22,32,50,26,27,15,22,27,37,56,28,13,21,42,33,50,8
2001-01-31,77,52,67,13,14,21,6,9,8,12,14,6,11,13,12,9,13,4,29,15,17,26,14,10,13,8,14,19,20,16,13,14,7,27,34,30,32,9,14,26,11,23,8
2001-02-28,77,52,67,13,14,21,6,9,8,12,14,6,11,13,12,9,13,4,29,15,17,26,14,10,13,8,14,19,20,16,13,14,7,27,34,30,32,9,14,26,11,23,8
2001-03-31,77,52,67,13,14,21,6,9,8,12,14,6,11,13,12,9,13,4,29,15,17,26,14,10,13,8,14,19,20,16,13,14,7,27,34,30,32,9,14,26,11,23,8
2001-04-30,77,52,67,13,14,21,6,9,8,12,14,6,11,13,12,9,13,4,29,15,17,26,14,10,13,8,14,19,20,16,13,14,7,27,34,30,32,9,14,26,11,23,8
2001-05-31,77,52,67,13,14,21,6,9,8,12,14,6,11,13,12,9,13,4,29,15,17,26,14,10,13,8,14,19,20,16,13,14,7,27,34,30,32,9,14,26,11,23,8
2001-06-30,77,52,67,13,14,21,6,9,8,12,14,6,11,13,12,9,13,4,29,15,17,26,14,10,13,8,14,19,20,16,13,14,7,27,34,30,32,9,14,26,11,23,8
2001-07-31,77,52,67,13,14,21,6,9,8,12,14,6,11,13,12,9,13,4,29,15,17,26,14,10,13,8,14,19,20,16,13,14,7,27,34,30,32,9,14,26,11,23,8
2001-08-31,77,52,67,13,14,21,6,9,8,12,14,6,11,13,12,9,13,4,29,15,17,26,14,10,13,8,14,19,20,16,13,14,7,27,34,30,32,9,14,26,11,23,8
2001-09-30,77,52,67,13,14,21,6,9,8,12,14,6,11,13,12,9,13,4,29,15,17,26,14,10,13,8,14,19,20,16,13,14,7,27,34,30,32,9,14,26,11,23,8
2001-10-31,77,52,67,13,14,21,6,9,8,12,14,6,11,13,12,9,13,4,29,15,17,26,14,10,13,8,14,19,20,16,13,14,7,27,34,30,32,9,14,26,11,23,8
2001-11-30,77,52,67,13,14,21,6,9,8,12,14,6,11,13,12,9,13,4,29,15,17,26,14,10,13,8,14,19,20,16,13,14,7,27,34,30,32,9,14,26,11,23,8
2001-12-31,77,52,67,13,14,21,6,9,8,12,14,6,11,13,12,9,13,4,29,15,17,26,14,10,13,8,14,19,20,16,13,14,7,27,34,30,32,9,14,26,11,23,8
2002-01-31,88,108,95,36,40,18,24,13,16,24,11,24,23,18,21,24,24,61,30,26,48,31,17,14,22,42,38,48,41,26,32,27,19,18,34,35,30,38,18,27,63,40,61,7
2002-02-28,88,108,95,36,40,18,24,13,16,24,11,24,23,18,21,24,24,61,30,26,48,31,17,14,22,42,38,48,41,26,32,27,19,18,34,35,30,38,18,27,63,40,61,7
2002-03-31,88,108,95,36,40,18,24,13,16,24,11,24,23,18,21,24,24,61,30,26,48,31,17,14,22,42,38,48,41,26,32,27,19,18,34,35,30,38,18,27,63,40,61,7
2002-04-30,88,108,95,36,40,18,24,13,16,24,11,24,23,18,21,24,24,61,30,26,48,31,17,14,22,42,38,48,41,26,32,27,19,18,34,35,30,38,18,27,63,40,61,7
2002-05-31,88,108,95,36,40,18,24,13,16,24,11,24,23,18,21,24,24,61,30,26,48,31,17,14,22,42,38,48,41,26,32,27,19,18,34,35,30,38,18,27,63,40,61,7
2002-06-30,88,108,95,36,40,18,24,13,16,24,11,24,23,18,21,24,24,61,30,26,48,31,17,14,22,42,38,48,41,26,32,27,19,18,34,35,30,38,18,27,63,40,61,7
2002-07-31,88,108,95,36,40,18,24,13,16,24,11,24,23,18,21,24,24,61,30,26,48,31,17,14,22,42,38,48,41,26,32,27,19,18,34,35,30,38,18,27,63,40,61,7
2002-08-31,88,108,95,36,40,18,24,13,16,24,11,24,23,18,21,24,24,61,30,26,48,31,17,14,22,42,38,48,41,26,32,27,19,18,34,35,30,38,18,27,63,40,61,7
2002-09-30,88,108,95,36,40,18,24,13,16,24,11,24,23,18,21,24,24,61,30,26,48,31,17,14,22,42,38,48,41,26,32,27,19,18,34,35,30,38,18,27,63,40,61,7
2002-10-31,88,108,95,36,40,18,24,13,16,24,11,24,23,18,21,24,24,61,30,26,48,31,17,14,22,42,38,48,41,26,32,27,19,18,34,35,30,38,18,27,63,40,61,7
2002-11-30,88,108,95,36,40,18,24,13,16,24,11,24,23,18,21,24,24,61,30,26,48,31,17,14,22,42,38,48,41,26,32,27,19,18,34,35,30,38,18,27,63,40,61,7
2002-12-31,88,108,95,36,40,18,24,13,16,24,11,24,23,18,21,24,24,61,30,26,48,31,17,14,22,42,38,48,41,26,32,27,19,18,34,35,30,38,18,27,63,40,61,7
2003-01-31,66,63,65,13,26,24,4,12,17,8,16,19,21,23,9,12,12,17,11,32,29,24,33,28,36,27,12,8,28,29,33,26,29,31,19,17,10,23,10,19,32,21,13,37,13,14,36,21,35,7
2003-02-28,66,63,65,13,26,24,4,12,17,8,16,19,21,23,9,12,12,17,11,32,29,24,33,28,36,27,12,8,28,29,33,26,29,31,19,17,10,23,10,19,32,21,13,37,13,14,36,21,35,7
2003-03-31,66,63,65,13,26,24,4,12,17,8,16,19,21,23,9,12,12,17,11,32,29,24,33,28,36,27,12,8,28,29,33,26,29,31,19,17,10,23,10,19,32,21,13,37,13,14,36,21,35,7
2003-04-30,66,63,65,13,26,24,4,12,17,8,16,19,21,23,9,12,12,17,11,32,29,24,33,28,36,27,12,8,28,29,33,26,29,31,19,17,10,23,10,19,32,21,13,37,13,14,36,21,35,7
2003-05-31,66,63,65,13,26,24,4,12,17,8,16,19,21,23,9,12,12,17,11,32,29,24,33,28,36,27,12,8,28,29,33,26,29,31,19,17,10,23,10,19,32,21,13,37,13,14,36,21,35,7
2003-06-30,66,63,65,13,26,24,4,12,17,8,16,19,21,23,9,12,12,17,11,32,29,24,33,28,36,27,12,8,28,29,33,26,29,31,19,17,10,23,10,19,32,21,13,37,13,14,36,21,35,7
2003-07-31,66,63,65,13,26,24,4,12,17,8,16,19,21,23,9,12,12,17,11,32,29,24,33,28,36,27,12,8,28,29,33,26,29,31,19,17,10,23,10,19,32,21,13,37,13,14,36,21,35,7
2003-08-31,66,63,65,13,26,24,4,12,17,8,16,19,21,23,9,12,12,17,11,32,29,24,33,28,36,27,12,8,28,29,33,26,29,31,19,17,10,23,10,19,32,21,13,37,13,14,36,21,35,7
2003-09-30,66,63,65,13,26,24,4,12,17,8,16,19,21,23,9,12,12,17,11,32,29,24,33,28,36,27,12,8,28,29,33,26,29,31,19,17,10,23,10,19,32,21,13,37,13,14,36,21,35,7
2003-10-31,66,63,65,13,26,24,4,12,17,8,16,19,21,23,9,12,12,17,11,32,29,24,33,28,36,27,12,8,28,29,33,26,29,31,19,17,10,23,10,19,32,21,13,37,13,14,36,21,35,7
2003-11-30,66,63,65,13,26,24,4,12,17,8,16,19,21,23,9,12,12,17,11,32,29,24,33,28,36,27,12,8,28,29,33,26,29,31,19,17,10,23,10,19,32,21,13,37,13,14,36,21,35,7
2003-12-31,66,63,65,13,26,24,4,12,17,8,16,19,21,23,9,12,12,17,11,32,29,24,33,28,36,27,12,8,28,29,33,26,29,31,19,17,10,23,10,19,32,21,13,37,13,14,36,21,35,7
2004-01-31,34,76,18,13,12,6,11,6,21,17,8,10,5,16,31,9,11,11,5,13,8,29,23,26,17,11,17,21,27,19,18,11,15,12,22,17,24,33,6,4,47,14,50,6
2004-02-29,34,76,18,13,12,6,11,6,21,17,8,10,5,16,31,9,11,11,5,13,8,29,23,26,17,11,17,21,27,19,18,11,15,12,22,17,24,33,6,4,47,14,50,6
2004-03-31,34,76,18,13,12,6,11,6,21,17,8,10,5,16,31,9,11,11,5,13,8,29,23,26,17,11,17,21,27,19,18,11,15,12,22,17,24,33,6,4,47,14,50,6
2004-04-30,34,76,18,13,12,6,11,6,21,17,8,10,5,16,31,9,11,11,5,13,8,29,23,26,17,11,17,21,27,19,18,11,15,12,22,17,24,33,6,4,47,14,50,6
2004-05-31,34,76,18,13,12,6,11,6,21,17,8,10,5,16,31,9,11,11,5,13,8,29,23,26,17,11,17,21,27,19,18,11,15,12,22,17,24,33,6,4,47,14,50,6
2004-06-30,34,76,18,13,12,6,11,6,21,17,8,10,5,16,31,9,11,11,5,13,8,29,23,26,17,11,17,21,27,19,18,11,15,12,22,17,24,33,6,4,47,14,50,6
2004-07-31,34,76,18,13,12,6,11,6,21,17,8,10,5,16,31,9,11,11,5,13,8,29,23,26,17,11,17,21,27,19,18,11,15,12,22,17,24,33,6,4,47,14,50,6
2004-08-31,34,76,18,13,12,6,11,6,21,17,8,10,5,16,31,9,11,11,5,13,8,29,23,26,17,11,17,21,27,19,18,11,15,12,22,17,24,33,6,4,47,14,50,6
2004-09-30,34,76,18,13,12,6,11,6,21,17,8,10,5,16,31,9,11,11,5,13,8,29,23,26,17,11,17,21,27,19,18,11,15,12,22,17,24,33,6,4,47,14,50,6
2004-10-31,34,76,18,13,12,6,11,6,21,17,8,10,5,16,31,9,11,11,5,13,8,29,23,26,17,11,17,21,27,19,18,11,15,12,22,17,24,33,6,4,47,14,50,6
2004-11-30,34,76,18,13,12,6,11,6,21,17,8,10,5,16,31,9,11,11,5,13,8,29,23,26,17,11,17,21,27,19,18,11,15,12,22,17,24,33,6,4,47,14,50,6
2004-12-31,34,76,18,13,12,6,11,6,21,17,8,10,5,16,31,9,11,11,5,13,8,29,23,26,17,11,17,21,27,19,18,11,15,12,22,17,24,33,6,4,47,14,50,6
2005-01-31,187,162,77,79,74,52,94,37,54,51,34,82,67,42,54,48,51,57,61,102,56,70,60,48,77,81,68,58,52,51,45,74,37,59,63,106,68,42,45,92,73,121,59
2005-02-28,187,162,77,79,74,52,94,37,54,51,34,82,67,42,54,48,51,57,61,102,56,70,60,48,77,81,68,58,52,51,45,74,37,59,63,106,68,42,45,92,73,121,59
2005-03-31,187,162,77,79,74,52,94,37,54,51,34,82,67,42,54,48,51,57,61,102,56,70,60,48,77,81,68,58,52,51,45,74,37,59,63,106,68,42,45,92,73,121,59
2005-04-30,187,162,77,79,74,52,94,37,54,51,34,82,67,42,54,48,51,57,61,102,56,70,60,48,77,81,68,58,52,51,45,74,37,59,63,106,68,42,45,92,73,121,59
2005-05-31,187,162,77,79,74,52,94,37,54,51,34,82,67,42,54,48,51,57,61,102,56,70,60,48,77,81,68,58,52,51,45,74,37,59,63,106,68,42,45,92,73,121,59
2005-06-30,187,162,77,79,74,52,94,37,54,51,34,82,67,42,54,48,51,57,61,102,56,70,60,48,77,81,68,58,52,51,45,74,37,59,63,106,68,42,45,92,73,121,59
2005-07-31,187,162,77,79,74,52,94,37,54,51,34,82,67,42,54,48,51,57,61,102,56,70,60,48,77,81,68,58,52,51,45,74,37,59,63,106,68,42,45,92,73,121,59
2005-08-31,187,162,77,79,74,52,94,37,54,51,34,82,67,42,54,48,51,57,61,102,56,70,60,48,77,81,68,58,52,51,45,74,37,59,63,106,68,42,45,92,73,121,59
2005-09-30,187,162,77,79,74,52,94,37,54,51,34,82,67,42,54,48,51,57,61,102,56,70,60,48,77,81,68,58,52,51,45,74,37,59,63,106,68,42,45,92,73,121,59
2005-10-31,187,162,77,79,74,52,94,37,54,51,34,82,67,42,54,48,51,57,61,102,56,70,60,48,77,81,68,58,52,51,45,74,37,59,63,106,68,42,45,92,73,121,59
2005-11-30,187,162,77,79,74,52,94,37,54,51,34,82,67,42,54,48,51,57,61,102,56,70,60,48,77,81,68,58,52,51,45,74,37,59,63,106,68,42,45,92,73,121,59
2005-12-31,187,162,77,79,74,52,94,37,54,51,34,82,67,42,54,48,51,57,61,102,56,70,60,48,77,81,68,58,52,51,45,74,37,59,63,106,68,42,45,92,73,121,59
2006-01-31,157,68,67,88,75,67,104,62,55,43,53,68,65,58,55,80,84,76,47,116,70,112,83,41,99,104,89,89,70,62,67,54,53,90,93,89,49,68,132,81,159,58
2006-02-28,157,68,67,88,75,67,104,62,55,43,53,68,65,58,55,80,84,76,47,116,70,112,83,41,99,104,89,89,70,62,67,54,53,90,93,89,49,68,132,81,159,58
2006-03-31,157,68,67,88,75,67,104,62,55,43,53,68,65,58,55,80,84,76,47,116,70,112,83,41,99,104,89,89,70,62,67,54,53,90,93,89,49,68,132,81,159,58
2006-04-30,157,68,67,88,75,67,104,62,55,43,53,68,65,58,55,80,84,76,47,116,70,112,83,41,99,104,89,89,70,62,67,54,53,90,93,89,49,68,132,81,159,58
2006-05-31,157,68,67,88,75,67,104,62,55,43,53,68,65,58,55,80,84,76,47,116,70,112,83,41,99,104,89,89,70,62,67,54,53,90,93,89,49,68,132,81,159,58
2006-06-30,157,68,67,88,75,67,104,62,55,43,53,68,65,58,55,80,84,76,47,116,70,112,83,41,99,104,89,89,70,62,67,54,53,90,93,89,49,68,132,81,159,58
2006-07-31,157,68,67,88,75,67,104,62,55,43,53,68,65,58,55,80,84,76,47,116,70,112,83,41,99,104,89,89,70,62,67,54,53,90,93,89,49,68,132,81,159,58
2006-08-31,157,68,67,88,75,67,104,62,55,43,53,68,65,58,55,80,84,76,47,116,70,112,83,41,99,104,89,89,70,62,67,54,53,90,93,89,49,68,132,81,159,58
2006-09-30,157,68,67,88,75,67,104,62,55,43,53,68,65,58,55,80,84,76,47,116,70,112,83,41,99,104,89,89,70,62,67,54,53,90,93,89,49,68,132,81,159,58
2006-10-31,157,68,67,88,75,67,104,62,55,43,53,68,65,58,55,80,84,76,47,116,70,112,83,41,99,104,89,89,70,62,67,54,53,90,93,89,49,68,132,81,159,58
2006-11-30,157,68,67,88,75,67,104,62,55,43,53,68,65,58,55,80,84,76,47,116,70,112,83,41,99,104,89,89,70,62,67,54,53,90,93,89,49,68,132,81,159,58
2006-12-31,157,68,67,88,75,67,104,62,55,43,53,68,65,58,55,80,84,76,47,116,70,112,83,41,99,104,89,89,70,62,67,54,53,90,93,89,49,68,132,81,159,58
2007-01-31,58,72,73,78,73,64,47,38,60,59,77,64,46,40,67,65,59,67,103,72,83,64,40,85,84,81,87,45,57,58,76,81,62,80,97,27,57,131,80,134,59
2007-02-28,58,72,73,78,73,64,47,38,60,59,77,64,46,40,67,65,59,67,103,72,83,64,40,85,84,81,87,45,57,58,76,81,62,80,97,27,57,131,80,134,59
2007-03-31,58,72,73,78,73,64,47,38,60,59,77,64,46,40,67,65,59,67,103,72,83,64,40,85,84,81,87,45,57,58,76,81,62,80,97,27,57,131,80,134,59
2007-04-30,58,72,73,78,73,64,47,38,60,59,77,64,46,40,67,65,59,67,103,72,83,64,40,85,84,81,87,45,57,58,76,81,62,80,97,27,57,131,80,134,59
2007-05-31,58,72,73,78,73,64,47,38,60,59,77,64,46,40,67,65,59,67,103,72,83,64,40,85,84,81,87,45,57,58,76,81,62,80,97,27,57,131,80,134,59
2007-06-30,58,72,73,78,73,64,47,38,60,59,77,64,46,40,67,65,59,67,103,72,83,64,40,85,84,81,87,45,57,58,76,81,62,80,97,27,57,131,80,134,59
2007-07-31,58,72,73,78,73,64,47,38,60,59,77,64,46,40,67,65,59,67,103,72,83,64,40,85,84,81,87,45,57,58,76,81,62,80,97,27,57,131,80,134,59
2007-08-31,58,72,73,78,73,64,47,38,60,59,77,64,46,40,67,65,59,67,103,72,83,64,40,85,84,81,87,45,57,58,76,81,62,80,97,27,57,131,80,134,59
2007-09-30,58,72,73,78,73,64,47,38,60,59,77,64,46,40,67,65,59,67,103,72,83,64,40,85,84,81,87,45,57,58,76,81,62,80,97,27,57,131,80,134,59
2007-10-31,58,72,73,78,73,64,47,38,60,59,77,64,46,40,67,65,59,67,103,72,83,64,40,85,84,81,87,45,57,58,76,81,62,80,97,27,57,131,80,134,59
2007-11-30,58,72,73,78,73,64,47,38,60,59,77,64,46,40,67,65,59,67,103,72,83,64,40,85,84,81,87,45,57,58,76,81,62,80,97,27,57,131,80,134,59
2007-12-31,58,72,73,78,73,64,47,38,60,59,77,64,46,40,67,65,59,67,103,72,83,64,40,85,84,81,87,45,57,58,76,81,62,80,97,27,57,131,80,134,59
2008-01-31,62,81,62,24,57,59,39,36,35,56,45,19,32,52,48,66,53,97,48,64,47,38,65,58,70,64,48,64,44,47,52,47,53,77,25,45,130,58,121,32
2008-02-29,62,81,62,24,57,59,39,36,35,56,45,19,32,52,48,66,53,97,48,64,47,38,65,58,70,64,48,64,44,47,52,47,53,77,25,45,130,58,121,32
2008-03-31,62,81,62,24,57,59,39,36,35,56,45,19,32,52,48,66,53,97,48,64,47,38,65,58,70,64,48,64,44,47,52,47,53,77,25,45,130,58,121,32
2008-04-30,62,81,62,24,57,59,39,36,35,56,45,19,32,52,48,66,53,97,48,64,47,38,65,58,70,64,48,64,44,47,52,47,53,77,25,45,130,58,121,32
2008-05-31,62,81,62,24,57,59,39,36,35,56,45,19,32,52,48,66,53,97,48,64,47,38,65,58,70,64,48,64,44,47,52,47,53,77,25,45,130,58,121,32
2008-06-30,62,81,62,24,57,59,39,36,35,56,45,19,32,52,48,66,53,97,48,64,47,38,65,58,70,64,48,64,44,47,52,47,53,77,25,45,130,58,121,32
2008-07-31,62,81,62,24,57,59,39,36,35,56,45,19,32,52,48,66,53,97,48,64,47,38,65,58,70,64,48,64,44,47,52,47,53,77,25,45,130,58,121,32
2008-08-31,62,81,62,24,57,59,39,36,35,56,45,19,32,52,48,66,53,97,48,64,47,38,65,58,70,64,48,64,44,47,52,47,53,77,25,45,130,58,121,32
2008-09-30,62,81,62,24,57,59,39,36,35,56,45,19,32,52,48,66,53,97,48,64,47,38,65,58,70,64,48,64,44,47,52,47,53,77,25,45,130,58,121,32
2008-10-31,62,81,62,24,57,59,39,36,35,56,45,19,32,52,48,66,53,97,48,64,47,38,65,58,70,64,48,64,44,47,52,47,53,77,25,45,130,58,121,32
2008-11-30,62,81,62,24,57,59,39,36,35,56,45,19,32,52,48,66,53,97,48,64,47,38,65,58,70,64,48,64,44,47,52,47,53,77,25,45,130,58,121,32
2008-12-31,62,81,62,24,57,59,39,36,35,56,45,19,32,52,48,66,53,97,48,64,47,38,65,58,70,64,48,64,44,47,52,47,53,77,25,45,130,58,121,32
2009-01-31,5,13,16,6,8,10,2,3,4,5,6,7,6,8,4,7,3,31,4,7,17,2,17,12,24,5,9,3,13,19,6,2,11,15,24,7,5,24,13,33,4
2009-02-28,5,13,16,6,8,10,2,3,4,5,6,7,6,8,4,7,3,31,4,7,17,2,17,12,24,5,9,3,13,19,6,2,11,15,24,7,5,24,13,33,4
2009-03-31,5,13,16,6,8,10,2,3,4,5,6,7,6,8,4,7,3,31,4,7,17,2,17,12,24,5,9,3,13,19,6,2,11,15,24,7,5,24,13,33,4
2009-04-30,5,13,16,6,8,10,2,3,4,5,6,7,6,8,4,7,3,31,4,7,17,2,17,12,24,5,9,3,13,19,6,2,11,15,24,7,5,24,13,33,4
2009-05-31,5,13,16,6,8,10,2,3,4,5,6,7,6,8,4,7,3,31,4,7,17,2,17,12,24,5,9,3,13,19,6,2,11,15,24,7,5,24,13,33,4
2009-06-30,5,13,16,6,8,10,2,3,4,5,6,7,6,8,4,7,3,31,4,7,17,2,17,12,24,5,9,3,13,19,6,2,11,15,24,7,5,24,13,33,4
2009-07-31,5,13,16,6,8,10,2,3,4,5,6,7,6,8,4,7,3,31,4,7,17,2,17,12,24,5,9,3,13,19,6,2,11,15,24,7,5,24,13,33,4
2009-08-31,5,13,16,6,8,10,2,3,4,5,6,7,6,8,4,7,3,31,4,7,17,2,17,12,24,5,9,3,13,19,6,2,11,15,24,7,5,24,13,33,4
2009-09-30,5,13,16,6,8,10,2,3,4,5,6,7,6,8,4,7,3,31,4,7,17,2,17,12,24,5,9,3,13,19,6,2,11,15,24,7,5,24,13,33,4
2009-10-31,5,13,16,6,8,10,2,3,4,5,6,7,6,8,4,7,3,31,4,7,17,2,17,12,24,5,9,3,13,19,6,2,11,15,24,7,5,24,13,33,4
2009-11-30,5,13,16,6,8,10,2,3,4,5,6,7,6,8,4,7,3,31,4,7,17,2,17,12,24,5,9,3,13,19,6,2,11,15,24,7,5,24,13,33,4
2009-12-31,5,13,16,6,8,10,2,3,4,5,6,7,6,8,4,7,3,31,4,7,17,2,17,12,24,5,9,3,13,19,6,2,11,15,24,7,5,24,13,33,4
2010-01-31,34,52,24,42,25,38,29,40,23,35,35,39,30,38,41,69,44,67,41,44,53,63,44,20,32,41,45,38,28,60,46,55,20,39,82,49,88,27
2010-02-28,34,52,24,42,25,38,29,40,23,35,35,39,30,38,41,69,44,67,41,44,53,63,44,20,32,41,45,38,28,60,46,55,20,39,82,49,88,27
2010-03-31,34,52,24,42,25,38,29,40,23,35,35,39,30,38,41,69,44,67,41,44,53,63,44,20,32,41,45,38,28,60,46,55,20,39,82,49,88,27
2010-04-30,34,52,24,42,25,38,29,40,23,35,35,39,30,38,41,69,44,67,41,44,53,63,44,20,32,41,45,38,28,60,46,55,20,39,82,49,88,27
2010-05-31,34,52,24,42,25,38,29,40,23,35,35,39,30,38,41,69,44,67,41,44,53,63,44,20,32,41,45,38,28,60,46,55,20,39,82,49,88,27
2010-06-30,34,52,24,42,25,38,29,40,23,35,35,39,30,38,41,69,44,67,41,44,53,63,44,20,32,41,45,38,28,60,46,55,20,39,82,49,88,27
2010-07-31,34,52,24,42,25,38,29,40,23,35,35,39,30,38,41,69,44,67,41,44,53,63,44,20,32,41,45,38,28,60,46,55,20,39,82,49,88,27
2010-08-31,34,52,24,42,25,38,29,40,23,35,35,39,30,38,41,69,44,67,41,44,53,63,44,20,32,41,45,38,28,60,46,55,20,39,82,49,88,27
2010-09-30,34,52,24,42,25,38,29,40,23,35,35,39,30,38,41,69,44,67,41,44,53,63,44,20,32,41,45,38,28,60,46,55,20,39,82,49,88,27
2010-10-31,34,52,24,42,25,38,29,40,23,35,35,39,30,38,41,69,44,67,41,44,53,63,44,20,32,41,45,38,28,60,46,55,20,39,82,49,88,27
2010-11-30,34,52,24,42,25,38,29,40,23,35,35,39,30,38,41,69,44,67,41,44,53,63,44,20,32,41,45,38,28,60,46,55,20,39,82,49,88,27
2010-12-31,34,52,24,42,25,38,29,40,23,35,35,39,30,38,41,69,44,67,41,44,53,63,44,20,32,41,45,38,28,60,46,55,20,39,82,49,88,27
2011-01-31,50,98,43,56,72,60,63,53,44,58,57,55,52,56,65,127,82,81,102,78,112,83,62,66,45,61,75,42,62,72,76,43,52,134,96,133,44
2011-02-28,50,98,43,56,72,60,63,53,44,58,57,55,52,56,65,127,82,81,102,78,112,83,62,66,45,61,75,42,62,72,76,43,52,134,96,133,44
2011-03-31,50,98,43,56,72,60,63,53,44,58,57,55,52,56,65,127,82,81,102,78,112,83,62,66,45,61,75,42,62,72,76,43,52,134,96,133,44
2011-04-30,50,98,43,56,72,60,63,53,44,58,57,55,52,56,65,127,82,81,102,78,112,83,62,66,45,61,75,42,62,72,76,43,52,134,96,133,44
2011-05-31,50,98,43,56,72,60,63,53,44,58,57,55,52,56,65,127,82,81,102,78,112,83,62,66,45,61,75,42,62,72,76,43,52,134,96,133,44
2011-06-30,50,98,43,56,72,60,63,53,44,58,57,55,52,56,65,127,82,81,102,78,112,83,62,66,45,61,75,42,62,72,76,43,52,134,96,133,44
2011-07-31,50,98,43,56,72,60,63,53,44,58,57,55,52,56,65,127,82,81,102,78,112,83,62,66,45,61,75,42,62,72,76,43,52,134,96,133,44
2011-08-31,50,98,43,56,72,60,63,53,44,58,57,55,52,56,65,127,82,81,102,78,112,83,62,66,45,61,75,42,62,72,76,43,52,134,96,133,44
2011-09-30,50,98,43,56,72,60,63,53,44,58,57,55,52,56,65,127,82,81,102,78,112,83,62,66,45,61,75,42,62,72,76,43,52,134,96,133,44
2011-10-31,50,98,43,56,72,60,63,53,44,58,57,55,52,56,65,127,82,81,102,78,112,83,62,66,45,61,75,42,62,72,76,43,52,134,96,133,44
2011-11-30,50,98,43,56,72,60,63,53,44,58,57,55,52,56,65,127,82,81,102,78,112,83,62,66,45,61,75,42,62,72,76,43,52,134,96,133,44
2011-12-31,50,98,43,56,72,60,63,53,44,58,57,55,52,56,65,127,82,81,102,78,112,83,62,66,45,61,75,42,62,72,76,43,52,134,96,133,44
2012-01-31,60,59,44,62,65,48,56,27,58,72,44,46,43,50,64,105,73,79,49,87,83,85,74,75,47,38,44,48,49,38,80,69,76,29,60,151,79,131,43
2012-02-29,60,59,44,62,65,48,56,27,58,72,44,46,43,50,64,105,73,79,49,87,83,85,74,75,47,38,44,48,49,38,80,69,76,29,60,151,79,131,43
2012-03-31,60,59,44,62,65,48,56,27,58,72,44,46,43,50,64,105,73,79,49,87,83,85,74,75,47,38,44,48,49,38,80,69,76,29,60,151,79,131,43
2012-04-30,60,59,44,62,65,48,56,27,58,72,44,46,43,50,64,105,73,79,49,87,83,85,74,75,47,38,44,48,49,38,80,69,76,29,60,151,79,131,43
2012-05-31,60,59,44,62,65,48,56,27,58,72,44,46,43,50,64,105,73,79,49,87,83,85,74,75,47,38,44,48,49,38,80,69,76,29,60,151,79,131,43
2012-06-30,60,59,44,62,65,48,56,27,58,72,44,46,43,50,64,105,73,79,49,87,83,85,74,75,47,38,44,48,49,38,80,69,76,29,60,151,79,131,43
2012-07-31,60,59,44,62,65,48,56,27,58,72,44,46,43,50,64,105,73,79,49,87,83,85,74,75,47,38,44,48,49,38,80,69,76,29,60,151,79,131,43
2012-08-31,60,59,44,62,65,48,56,27,58,72,44,46,43,50,64,105,73,79,49,87,83,85,74,75,47,38,44,48,49,38,80,69,76,29,60,151,79,131,43
2012-09-30,60,59,44,62,65,48,56,27,58,72,44,46,43,50,64,105,73,79,49,87,83,85,74,75,47,38,44,48,49,38,80,69,76,29,60,151,79,131,43
2012-10-31,60,59,44,62,65,48,56,27,58,72,44,46,43,50,64,105,73,79,49,87,83,85,74,75,47,38,44,48,49,38,80,69,76,29,60,151,79,131,43
2012-11-30,60,59,44,62,65,48,56,27,58,72,44,46,43,50,64,105,73,79,49,87,83,85,74,75,47,38,44,48,49,38,80,69,76,29,60,151,79,131,43
2012-12-31,60,59,44,62,65,48,56,27,58,72,44,46,43,50,64,105,73,79,49,87,83,85,74,75,47,38,44,48,49,38,80,69,76,29,60,151,79,131,43
2013-01-31,65,78,81,74,63,63,63,62,43,69,77,52,59,80,83,81,123,89,91,71,81,80,90,73,87,56,72,73,76,63,71,68,62,83,29,66,154,85,168,56
2013-02-28,65,78,81,74,63,63,63,62,43,69,77,52,59,80,83,81,123,89,91,71,81,80,90,73,87,56,72,73,76,63,71,68,62,83,29,66,154,85,168,56
2013-03-31,65,78,81,74,63,63,63,62,43,69,77,52,59,80,83,81,123,89,91,71,81,80,90,73,87,56,72,73,76,63,71,68,62,83,29,66,154,85,168,56
2013-04-30,65,78,81,74,63,63,63,62,43,69,77,52,59,80,83,81,123,89,91,71,81,80,90,73,87,56,72,73,76,63,71,68,62,83,29,66,154,85,168,56
2013-05-31,65,78,81,74,63,63,63,62,43,69,77,52,59,80,83,81,123,89,91,71,81,80,90,73,87,56,72,73,76,63,71,68,62,83,29,66,154,85,168,56
2013-06-30,65,78,81,74,63,63,63,62,43,69,77,52,59,80,83,81,123,89,91,71,81,80,90,73,87,56,72,73,76,63,71,68,62,83,29,66,154,85,168,56
2013-07-31,65,78,81,74,63,63,63,62,43,69,77,52,59,80,83,81,123,89,91,71,81,80,90,73,87,56,72,73,76,63,71,68,62,83,29,66,154,85,168,56
2013-08-31,65,78,81,74,63,63,63,62,43,69,77,52,59,80,83,81,123,89,91,71,81,80,90,73,87,56,72,73,76,63,71,68,62,83,29,66,154,85,168,56
2013-09-30,65,78,81,74,63,63,63,62,43,69,77,52,59,80,83,81,123,89,91,71,81,80,90,73,87,56,72,73,76,63,71,68,62,83,29,66,154,85,168,56
2013-10-31,65,78,81,74,63,63,63,62,43,69,77,52,59,80,83,81,123,89,91,71,81,80,90,73,87,56,72,73,76,63,71,68,62,83,29,66,154,85,168,56
2013-11-30,65,78,81,74,63,63,63,62,43,69,77,52,59,80,83,81,123,89,91,71,81,80,90,73,87,56,72,73,76,63,71,68,62,83,29,66,154,85,168,56
2013-12-31,65,78,81,74,63,63,63,62,43,69,77,52,59,80,83,81,123,89,91,71,81,80,90,73,87,56,72,73,76,63,71,68,62,83,29,66,154,85,168,56
2014-01-31,70,93,71,74,90,66,72,65,63,60,62,56,67,65,79,61,114,84,95,102,86,107,92,105,67,78,47,79,58,59,122,81,92,39,56,163,114,166,60
2014-02-28,70,93,71,74,90,66,72,65,63,60,62,56,67,65,79,61,114,84,95,102,86,107,92,105,67,78,47,79,58,59,122,81,92,39,56,163,114,166,60
2014-03-31,70,93,71,74,90,66,72,65,63,60,62,56,67,65,79,61,114,84,95,102,86,107,92,105,67,78,47,79,58,59,122,81,92,39,56,163,114,166,60
2014-04-30,70,93,71,74,90,66,72,65,63,60,62,56,67,65,79,61,114,84,95,102,86,107,92,105,67,78,47,79,58,59,122,81,92,39,56,163,114,166,60
2014-05-31,70,93,71,74,90,66,72,65,63,60,62,56,67,65,79,61,114,84,95,102,86,107,92,105,67,78,47,79,58,59,122,81,92,39,56,163,114,166,60
2014-06-30,70,93,71,74,90,66,72,65,63,60,62,56,67,65,79,61,114,84,95,102,86,107,92,105,67,78,47,79,58,59,122,81,92,39,56,163,114,166,60
2014-07-31,70,93,71,74,90,66,72,65,63,60,62,56,67,65,79,61,114,84,95,102,86,107,92,105,67,78,47,79,58,59,122,81,92,39,56,163,114,166,60
2014-08-31,70,93,71,74,90,66,72,65,63,60,62,56,67,65,79,61,114,84,95,102,86,107,92,105,67,78,47,79,58,59,122,81,92,39,56,163,114,166,60
2014-09-30,70,93,71,74,90,66,72,65,63,60,62,56,67,65,79,61,114,84,95,102,86,107,92,105,67,78,47,79,58,59,122,81,92,39,56,163,114,166,60
2014-10-31,70,93,71,74,90,66,72,65,63,60,62,56,67,65,79,61,114,84,95,102,86,107,92,105,67,78,47,79,58,59,122,81,92,39,56,163,114,166,60
2014-11-30,70,93,71,74,90,66,72,65,63,60,62,56,67,65,79,61,114,84,95,102,86,107,92,105,67,78,47,79,58,59,122,81,92,39,56,163,114,166,60
2014-12-31,70,93,71,74,90,66,72,65,63,60,62,56,67,65,79,61,114,84,95,102,86,107,92,105,67,78,47,79,58,59,122,81,92,39,56,163,114,166,60
2015-01-31,70,83,76,82,56,73,62,59,55,74,73,56,64,56,68,88,64,127,77,93,62,83,68,84,80,110,46,77,44,70,88,67,73,98,35,64,151,81,153,70
2015-02-28,70,83,76,82,56,73,62,59,55,74,73,56,64,56,68,88,64,127,77,93,62,83,68,84,80,110,46,77,44,70,88,67,73,98,35,64,151,81,153,70
2015-03-31,70,83,76,82,56,73,62,59,55,74,73,56,64,56,68,88,64,127,77,93,62,83,68,84,80,110,46,77,44,70,88,67,73,98,35,64,151,81,153,70
2015-04-30,70,83,76,82,56,73,62,59,55,74,73,56,64,56,68,88,64,127,77,93,62,83,68,84,80,110,46,77,44,70,88,67,73,98,35,64,151,81,153,70
2015-05-31,70,83,76,82,56,73,62,59,55,74,73,56,64,56,68,88,64,127,77,93,62,83,68,84,80,110,46,77,44,70,88,67,73,98,35,64,151,81,153,70
2015-06-30,70,83,76,82,56,73,62,59,55,74,73,56,64,56,68,88,64,127,77,93,62,83,68,84,80,110,46,77,44,70,88,67,73,98,35,64,151,81,153,70
2015-07-31,70,83,76,82,56,73,62,59,55,74,73,56,64,56,68,88,64,127,77,93,62,83,68,84,80,110,46,77,44,70,88,67,73,98,35,64,151,81,153,70
2015-08-31,70,83,76,82,56,73,62,59,55,74,73,56,64,56,68,88,64,127,77,93,62,83,68,84,80,110,46,77,44,70,88,67,73,98,35,64,151,81,153,70
2015-09-30,70,83,76,82,56,73,62,59,55,74,73,56,64,56,68,88,64,127,77,93,62,83,68,84,80,110,46,77,44,70,88,67,73,98,35,64,151,81,153,70
2015-10-31,70,83,76,82,56,73,62,59,55,74,73,56,64,56,68,88,64,127,77,93,62,83,68,84,80,110,46,77,44,70,88,67,73,98,35,64,151,81,153,70
2015-11-30,70,83,76,82,56,73,62,59,55,74,73,56,64,56,68,88,64,127,77,93,62,83,68,84,80,110,46,77,44,70,88,67,73,98,35,64,151,81,153,70
2015-12-31,70,83,76,82,56,73,62,59,55,74,73,56,64,56,68,88,64,127,77,93,62,83,68,84,80,110,46,77,44,70,88,67,73,98,35,64,151,81,153,70
2016-01-31,90,135,115,123,107,96,88,92,69,92,101,73,100,118,104,79,184,121,121,122,122,117,126,135,113,66,103,109,109,118,106,119,52,78,173,133,193,98
2016-02-29,90,135,115,123,107,96,88,92,69,92,101,73,100,118,104,79,184,121,121,122,122,117,126,135,113,66,103,109,109,118,106,119,52,78,173,133,193,98
2016-03-31,90,135,115,123,107,96,88,92,69,92,101,73,100,118,104,79,184,121,121,122,122,117,126,135,113,66,103,109,109,118,106,119,52,78,173,133,193,98
2016-04-30,90,135,115,123,107,96,88,92,69,92,101,73,100,118,104,79,184,121,121,122,122,117,126,135,113,66,103,109,109,118,106,119,52,78,173,133,193,98
2016-05-31,90,135,115,123,107,96,88,92,69,92,101,73,100,118,104,79,184,121,121,122,122,117,126,135,113,66,103,109,109,118,106,119,52,78,173,133,193,98
2016-06-30,90,135,115,123,107,96,88,92,69,92,101,73,100,118,104,79,184,121,121,122,122,117,126,135,113,66,103,109,109,118,106,119,52,78,173,133,193,98
2016-07-31,90,135,115,123,107,96,88,92,69,92,101,73,100,118,104,79,184,121,121,122,122,117,126,135,113,66,103,109,109,118,106,119,52,78,173,133,193,98
2016-08-31,90,135,115,123,107,96,88,92,69,92,101,73,100,118,104,79,184,121,121,122,122,117,126,135,113,66,103,109,109,118,106,119,52,78,173,133,193,98
2016-09-30,90,135,115,123,107,96,88,92,69,92,101,73,100,118,104,79,184,121,121,122,122,117,126,135,113,66,103,109,109,118,106,119,52,78,173,133,193,98
2016-10-31,90,135,115,123,107,96,88,92,69,92,101,73,100,118,104,79,184,121,121,122,122,117,126,135,113,66,103,109,109,118,106,119,52,78,173,133,193,98
2016-11-30,90,135,115,123,107,96,88,92,69,92,101,73,100,118,104,79,184,121,121,122,122,117,126,135,113,66,103,109,109,118,106,119,52,78,173,133,193,98
2016-12-31,90,135,115,123,107,96,88,92,69,92,101,73,100,118,104,79,184,121,121,122,122,117,126,135,113,66,103,109,109,118,106,119,52,78,173,133,193,98
2017-01-31,20,7,14,21,9,10,10,16,6,5,16,13,8,21,9,33,20,24,8,34,26,33,23,13,7,16,21,13,17,43,5,9,26,22,47,5
2017-02-28,20,7,14,21,9,10,10,16,6,5,16,13,8,21,9,33,20,24,8,34,26,33,23,13,7,16,21,13,17,43,5,9,26,22,47,5
2017-03-31,20,7,14,21,9,10,10,16,6,5,16,13,8,21,9,33,20,24,8,34,26,33,23,13,7,16,21,13,17,43,5,9,26,22,47,5
2017-04-30,20,7,14,21,9,10,10,16,6,5,16,13,8,21,9,33,20,24,8,34,26,33,23,13,7,16,21,13,17,43,5,9,26,22,47,5
2017-05-31,20,7,14,21,9,10,10,16,6,5,16,13,8,21,9,33,20,24,8,34,26,33,23,13,7,16,21,13,17,43,5,9,26,22,47,5
2017-06-30,20,7,14,21,9,10,10,16,6,5,16,13,8,21,9,33,20,24,8,34,26,33,23,13,7,16,21,13,17,43,5,9,26,22,47,5
2017-07-31,20,7,14,21,9,10,10,16,6,5,16,13,8,21,9,33,20,24,8,34,26,33,23,13,7,16,21,13,17,43,5,9,26,22,47,5
2017-08-31,20,7,14,21,9,10,10,16,6,5,16,13,8,21,9,33,20,24,8,34,26,33,23,13,7,16,21,13,17,43,5,9,26,22,47,5
2017-09-30,20,7,14,21,9,10,10,16,6,5,16,13,8,21,9,33,20,24,8,34,26,33,23,13,7,16,21,13,17,43,5,9,26,22,47,5
2017-10-31,20,7,14,21,9,10,10,16,6,5,16,13,8,21,9,33,20,24,8,34,26,33,23,13,7,16,21,13,17,43,5,9,26,22,47,5
2017-11-30,20,7,14,21,9,10,10,16,6,5,16,13,8,21,9,33,20,24,8,34,26,33,23,13,7,16,21,13,17,43,5,9,26,22,47,5
2017-12-31,20,7,14,21,9,10,10,16,6,5,16,13,8,21,9,33,20,24,8,34,26,33,23,13,7,16,21,13,17,43,5,9,26,22,47,5
2018-01-31,9,8,17,23,10,10,4,10,10,10,12,11,7,17,14,24,14,20,7,23,23,37,27,16,7,8,25,14,15,42,8,8,22,24,56,8
2018-02-28,9,8,17,23,10,10,4,10,10,10,12,11,7,17,14,24,14,20,7,23,23,37,27,16,7,8,25,14,15,42,8,8,22,24,56,8
2018-03-31,9,8,17,23,10,10,4,10,10,10,12,11,7,17,14,24,14,20,7,23,23,37,27,16,7,8,25,14,15,42,8,8,22,24,56,8
2018-04-30,9,8,17,23,10,10,4,10,10,10,12,11,7,17,14,24,14,20,7,23,23,37,27,16,7,8,25,14,15,42,8,8,22,24,56,8
2018-05-31,9,8,17,23,10,10,4,10,10,10,12,11,7,17,14,24,14,20,7,23,23,37,27,16,7,8,25,14,15,42,8,8,22,24,56,8
2018-06-30,9,8,17,23,10,10,4,10,10,10,12,11,7,17,14,24,14,20,7,23,23,37,27,16,7,8,25,14,15,42,8,8,22,24,56,8
2018-07-31,9,8,17,23,10,10,4,10,10,10,12,11,7,17,14,24,14,20,7,23,23,37,27,16,7,8,25,14,15,42,8,8,22,24,56,8
2018-08-31,9,8,17,23,10,10,4,10,10,10,12,11,7,17,14,24,14,20,7,23,23,37,27,16,7,8,25,14,15,42,8,8,22,24,56,8
2018-09-30,9,8,17,23,10,10,4,10,10,10,12,11,7,17,14,24,14,20,7,23,23,37,27,16,7,8,25,14,15,42,8,8,22,24,56,8
2018-10-31,9,8,17,23,10,10,4,10,10,10,12,11,7,17,14,24,14,20,7,23,23,37,27,16,7,8,25,14,15,42,8,8,22,24,56,8
2018-11-30,9,8,17,23,10,10,4,10,10,10,12,11,7,17,14,24,14,20,7,23,23,37,27,16,7,8,25,14,15,42,8,8,22,24,56,8
2018-12-31,9,8,17,23,10,10,4,10,10,10,12,11,7,17,14,24,14,20,7,23,23,37,27,16,7,8,25,14,15,42,8,8,22,24,56,8
2019-01-31,5,8,8,15,13,9,9,13,7,8,8,5,8,2,1,12,29,13,16,22,28,36,19,20,5,12,17,8,15,17,27,9,10,40,18,41,7
2019-02-28,5,8,8,15,13,9,9,13,7,8,8,5,8,2,1,12,29,13,16,22,28,36,19,20,5,12,17,8,15,17,27,9,10,40,18,41,7
2019-03-31,5,8,8,15,13,9,9,13,7,8,8,5,8,2,1,12,29,13,16,22,28,36,19,20,5,12,17,8,15,17,27,9,10,40,18,41,7
2019-04-30,5,8,8,15,13,9,9,13,7,8,8,5,8,2,1,12,29,13,16,22,28,36,19,20,5,12,17,8,15,17,27,9,10,40,18,41,7
2019-05-31,5,8,8,15,13,9,9,13,7,8,8,5,8,2,1,12,29,13,16,22,28,36,19,20,5,12,17,8,15,17,27,9,10,40,18,41,7
2019-06-30,5,8,8,15,13,9,9,13,7,8,8,5,8,2,1,12,29,13,16,22,28,36,19,20,5,12,17,8,15,17,27,9,10,40,18,41,7
2019-07-31,5,8,8,15,13,9,9,13,7,8,8,5,8,2,1,12,29,13,16,22,28,36,19,20,5,12,17,8,15,17,27,9,10,40,18,41,7
2019-08-31,5,8,8,15,13,9,9,13,7,8,8,5,8,2,1,12,29,13,16,22,28,36,19,20,5,12,17,8,15,17,27,9,10,40,18,41,7
2019-09-30,5,8,8,15,13,9,9,13,7,8,8,5,8,2,1,12,29,13,16,22,28,36,19,20,5,12,17,8,15,17,27,9,10,40,18,41,7
2019-10-31,5,8,8,15,13,9,9,13,7,8,8,5,8,2,1,12,29,13,16,22,28,36,19,20,5,12,17,8,15,17,27,9,10,40,18,41,7
2019-11-30,5,8,8,15,13,9,9,13,7,8,8,5,8,2,1,12,29,13,16,22,28,36,19,20,5,12,17,8,15,17,27,9,10,40,18,41,7
2019-12-31,5,8,8,15,13,9,9,13,7,8,8,5,8,2,1,12,29,13,16,22,28,36,19,20,5,12,17,8,15,17,27,9,10,40,18,41,7
2020-01-31,4,7,5,16,2,6,14,7,10,8,7,10,6,12,8,21,17,20,10,13,40,16,11,8,11,3,10,11,32,8,7,32,12,36,10
2020-02-29,4,7,5,16,2,6,14,7,10,8,7,10,6,12,8,21,17,20,10,13,40,16,11,8,11,3,10,11,32,8,7,32,12,36,10
2020-03-31,4,7,5,16,2,6,14,7,10,8,7,10,6,12,8,21,17,20,10,13,40,16,11,8,11,3,10,11,32,8,7,32,12,36,10
2020-04-30,4,7,5,16,2,6,14,7,10,8,7,10,6,12,8,21,17,20,10,13,40,16,11,8,11,3,10,11,32,8,7,32,12,36,10
2020-05-31,4,7,5,16,2,6,14,7,10,8,7,10,6,12,8,21,17,20,10,13,40,16,11,8,11,3,10,11,32,8,7,32,12,36,10
2020-06-30,4,7,5,16,2,6,14,7,10,8,7,10,6,12,8,21,17,20,10,13,40,16,11,8,11,3,10,11,32,8,7,32,12,36,10
2020-07-31,4,7,5,16,2,6,14,7,10,8,7,10,6,12,8,21,17,20,10,13,40,16,11,8,11,3,10,11,32,8,7,32,12,36,10
2020-08-31,4,7,5,16,2,6,14,7,10,8,7,10,6,12,8,21,17,20,10,13,40,16,11,8,11,3,10,11,32,8,7,32,12,36,10
2020-09-30,4,7,5,16,2,6,14,7,10,8,7,10,6,12,8,21,17,20,10,13,40,16,11,8,11,3,10,11,32,8,7,32,12,36,10
2020-10-31,4,7,5,16,2,6,14,7,10,8,7,10,6,12,8,21,17,20,10,13,40,16,11,8,11,3,10,11,32,8,7,32,12,36,10
2020-11-30,4,7,5,16,2,6,14,7,10,8,7,10,6,12,8,21,17,20,10,13,40,16,11,8,11,3,10,11,32,8,7,32,12,36,10
2020-12-31,4,7,5,16,2,6,14,7,10,8,7,10,6,12,8,21,17,20,10,13,40,16,11,8,11,3,10,11,32,8,7,32,12,36,10
2021-01-31,9,18,16,36,6,27,17,18,4,21,51,23,11,25,26,43,21,28,23,19,24,25,41,22,7,41,19,9
2021-02-28,9,18,16,36,6,27,17,18,4,21,51,23,11,25,26,43,21,28,23,19,24,25,41,22,7,41,19,9
2021-03-31,9,18,16,36,6,27,17,18,4,21,51,23,11,25,26,43,21,28,23,19,24,25,41,22,7,41,19,9
2021-04-30,9,18,16,36,6,27,17,18,4,21,51,23,11,25,26,43,21,28,23,19,24,25,41,22,7,41,19,9
2021-05-31,9,18,16,36,6,27,17,18,4,21,51,23,11,25,26,43,21,28,23,19,24,25,41,22,7,41,19,9
2021-06-30,9,18,16,36,6,27,17,18,4,21,51,23,11,25,26,43,21,28,23,19,24,25,41,22,7,41,19,9
2021-07-31,9,18,16,36,6,27,17,18,4,21,51,23,11,25,26,43,21,28,23,19,24,25,41,22,7,41,19,9
2021-08-31,9,18,16,36,6,27,17,18,4,21,51,23,11,25,26,43,21,28,23,19,24,25,41,22,7,41,19,9
2021-09-30,9,18,16,36,6,27,17,18,4,21,51,23,11,25,26,43,21,28,23,19,24,25,41,22,7,41,19,9
2021-10-31,9,18,16,36,6,27,17,18,4,21,51,23,11,25,26,43,21,28,23,19,24,25,41,22,7,41,19,9
2021-11-30,9,18,16,36,6,27,17,18,4,21,51,23,11,25,26,43,21,28,23,19,24,25,41,22,7,41,19,9
2021-12-31,9,18,16,36,6,27,17,18,4,21,51,23,11,25,26,43,21,28,23,19,24,25,41,22,7,41,19,9
2022-01-31,15,16,21,17,23,26,10,15,21,24,53,21,16,47,32,24,13,28,10,19,29,59,11,14,55,24,17
2022-02-28,15,16,21,17,23,26,10,15,21,24,53,21,16,47,32,24,13,28,10,19,29,59,11,14,55,24,17
2022-03-31,15,16,21,17,23,26,10,15,21,24,53,21,16,47,32,24,13,28,10,19,29,59,11,14,55,24,17
2022-04-30,15,16,21,17,23,26,10,15,21,24,53,21,16,47,32,24,13,28,10,19,29,59,11,14,55,24,17
2022-05-31,15,16,21,17,23,26,10,15,21,24,53,21,16,47,32,24,13,28,10,19,29,59,11,14,55,24,17
2022-06-30,15,16,21,17,23,26,10,15,21,24,53,21,16,47,32,24,13,28,10,19,29,59,11,14,55,24,17
2022-07-31,15,16,21,17,23,26,10,15,21,24,53,21,16,47,32,24,13,28,10,19,29,59,11,14,55,24,17
2022-08-31,15,16,21,17,23,26,10,15,21,24,53,21,16,47,32,24,13,28,10,19,29,59,11,14,55,24,17
2022-09-30,15,16,21,17,23,26,10,15,21,24,53,21,16,47,32,24,13,28,10,19,29,59,11,14,55,24,17
2022-10-31,15,16,21,17,23,26,10,15,21,24,53,21,16,47,32,24,13,28,10,19,29,59,11,14,55,24,17
2022-11-30,15,16,21,17,23,26,10,15,21,24,53,21,16,47,32,24,13,28,10,19,29,59,11,14,55,24,17
2022-12-31,15,16,21,17,23,26,10,15,21,24,53,21,16,47,32,24,13,28,10,19,29,59,11,14,55,24,17
2023-01-31,32,38,32,40,31,27,22,41,44,51,100,38,39,54,64,45,31,51,14,42,55,65,24,30,81,56,23
2023-02-28,32,38,32,40,31,27,22,41,44,51,100,38,39,54,64,45,31,51,14,42,55,65,24,30,81,56,23
2023-03-31,32,38,32,40,31,27,22,41,44,51,100,38,39,54,64,45,31,51,14,42,55,65,24,30,81,56,23
2023-04-30,32,38,32,40,31,27,22,41,44,51,100,38,39,54,64,45,31,51,14,42,55,65,24,30,81,56,23
2023-05-31,32,38,32,40,31,27,22,41,44,51,100,38,39,54,64,45,31,51,14,42,55,65,24,30,81,56,23
2023-06-30,32,38,32,40,31,27,22,41,44,51,100,38,39,54,64,45,31,51,14,42,55,65,24,30,81,56,23
2023-07-31,32,38,32,40,31,27,22,41,44,51,100,38,39,54,64,45,31,51,14,42,55,65,24,30,81,56,23
2023-08-31,32,38,32,40,31,27,22,41,44,51,100,38,39,54,64,45,31,51,14,42,55,65,24,30,81,56,23
2023-09-30,32,38,32,40,31,27,22,41,44,51,100,38,39,54,64,45,31,51,14,42,55,65,24,30,81,56,23
2023-10-31,32,38,32,40,31,27,22,41,44,51,100,38,39,54,64,45,31,51,14,42,55,65,24,30,81,56,23
2023-11-30,32,38,32,40,31,27,22,41,44,51,100,38,39,54,64,45,31,51,14,42,55,65,24,30,81,56,23
2023-12-31,32,38,32,40,31,27,22,41,44,51,100,38,39,54,64,45,31,51,14,42,55,65,24,30,81,56,23
2024-01-31,32,29,33,41,21,27,15,45,18,28,59,75,24,36,49,59,29,39,17,26,28,36,38,45,27,22,61,44,17
2024-02-29,32,29,33,41,21,27,15,45,18,28,59,75,24,36,49,59,29,39,17,26,28,36,38,45,27,22,61,44,17
2024-03-31,32,29,33,41,21,27,15,45,18,28,59,75,24,36,49,59,29,39,17,26,28,36,38,45,27,22,61,44,17
2024-04-30,32,29,33,41,21,27,15,45,18,28,59,75,24,36,49,59,29,39,17,26,28,36,38,45,27,22,61,44,17
2024-05-31,32,29,33,41,21,27,15,45,18,28,59,75,24,36,49,59,29,39,17,26,28,36,38,45,27,22,61,44,17
2024-06-30,32,29,33,41,21,27,15,45,18,28,59,75,24,36,49,59,29,39,17,26,28,36,38,45,27,22,61,44,17
2024-07-31,32,29,33,41,21,27,15,45,18,28,59,75,24,36,49,59,29,39,17,26,28,36,38,45,27,22,61,44,17
2024-08-31,32,29,33,41,21,27,15,45,18,28,59,75,24,36,49,59,29,39,17,26,28,36,38,45,27,22,61,44,17
2024-09-30,32,29,33,41,21,27,15,45,18,28,59,75,24,36,49,59,29,39,17,26,28,36,38,45,27,22,61,44,17
2024-10-31,32,29,33,41,21,27,15,45,18,28,59,75,24,36,49,59,29,39,17,26,28,36,38,45,27,22,61,44,17
2024-11-30,32,29,33,41,21,27,15,45,18,28,59,75,24,36,49,59,29,39,17,26,28,36,38,45,27,22,61,44,17
2024-12-31,32,29,33,41,21,27,15,45,18,28,59,75,24,36,49,59,29,39,17,26,28,36,38,45,27,22,61,44,17
2025-01-31,34,21,23,33,29,24,13,32,26,42,83,42,39,42,42,45,35,60,32,22,34,53,51,21,26,41,15
2025-02-28,34,21,23,33,29,24,13,32,26,42,83,42,39,42,42,45,35,60,32,22,34,53,51,21,26,41,15
2025-03-31,34,21,23,33,29,24,13,32,26,42,83,42,39,42,42,45,35,60,32,22,34,53,51,21,26,41,15
2025-04-30,34,21,23,33,29,24,13,32,26,42,83,42,39,42,42,45,35,60,32,22,34,53,51,21,26,41,15
2025-05-31,34,21,23,33,29,24,13,32,26,42,83,42,39,42,42,45,35,60,32,22,34,53,51,21,26,41,15
2025-06-30,34,21,23,33,29,24,13,32,26,42,83,42,39,42,42,45,35,60,32,22,34,53,51,21,26,41,15
2025-07-31,34,21,23,33,29,24,13,32,26,42,83,42,39,42,42,45,35,60,32,22,34,53,51,21,26,41,15
2025-08-31,34,21,23,33,29,24,13,32,26,42,83,42,39,42,42,45,35,60,32,22,34,53,51,21,26,41,15
2025-09-30,34,21,23,33,29,24,13,32,26,42,83,42,39,42,42,45,35,60,32,22,34,53,51,21,26,41,15
2025-10-31,34,21,23,33,29,24,13,32,26,42,83,42,39,42,42,45,35,60,32,22,34,53,51,21,26,41,15
